-- phpMyAdmin SQL Dump
-- version 4.7.7
-- https://www.phpmyadmin.net/
--
-- Host: localhost:3306
-- Generation Time: Aug 12, 2018 at 09:49 AM
-- Server version: 10.0.36-MariaDB
-- PHP Version: 5.6.30

SET SQL_MODE = "NO_AUTO_VALUE_ON_ZERO";
SET AUTOCOMMIT = 0;
START TRANSACTION;
SET time_zone = "+00:00";


/*!40101 SET @OLD_CHARACTER_SET_CLIENT=@@CHARACTER_SET_CLIENT */;
/*!40101 SET @OLD_CHARACTER_SET_RESULTS=@@CHARACTER_SET_RESULTS */;
/*!40101 SET @OLD_COLLATION_CONNECTION=@@COLLATION_CONNECTION */;
/*!40101 SET NAMES utf8mb4 */;

--
-- Database: `irandevi_simkkn`
--

-- --------------------------------------------------------

--
-- Table structure for table `dosen`
--

CREATE TABLE `dosen` (
  `KDDPL` varchar(20) NOT NULL,
  `NAMADPL` varchar(50) DEFAULT NULL,
  `KONTAKDPL` varchar(25) DEFAULT NULL,
  `ALAMATDPL` varchar(255) DEFAULT NULL,
  `FOTODPL` varchar(100) DEFAULT NULL
) ENGINE=InnoDB DEFAULT CHARSET=latin1;

--
-- Dumping data for table `dosen`
--

INSERT INTO `dosen` (`KDDPL`, `NAMADPL`, `KONTAKDPL`, `ALAMATDPL`, `FOTODPL`) VALUES
('07104811001', 'Drs. Ustman, M.Pd', 'usman@gmail.com', 'pamekasan', NULL),
('071048313150', 'Dr. Ashar, MM', 'ashar@unira.ac.id', NULL, NULL),
('071048313151', 'Hendri Masduki,S.Sos, M.Si', 'Hendri@unira.ac.id', NULL, NULL),
('071048313152', 'Dr. dr. Hermanoadi, M.Si', 'hermano@unira.ac.id', NULL, NULL),
('071048313153', 'IMADOEDDIN, S.Sos, M.Si', 'imad@unira.ac.id', NULL, NULL),
('07104852521', 'Syaiful Anam, S.Ag.,M.Pdi.', 'SyaifulAnam@gmail.com', NULL, NULL),
('12345678', 'Administrator', '0815-1550-1708', 'Pamekasan', NULL),
('195411111987031001', 'Drs. H. M. FAUZI HOSNI, M.M.', NULL, NULL, NULL),
('195710081986012001', 'Dra. HJ. TITIEN SULISTYAWATI, M.Si.', '0818-3267-60', 'JL COKROATMOJO 9 PAMEKASAN', NULL),
('195810061986011002', 'NUR HIDAYAT , SH. M.Hum', '0878-5044-9044', 'Jl. Jokotole Permai , No.21 Pamekasan', NULL),
('195811241984031002', 'Drs. H. ABDUL ROZIQ, M.H.', '0813-3444-4470', 'Jl. Lawangan Daya RT 010 RW 004', NULL),
('195812031987032001', 'SRI SULASTRI, S.H.,M.Hum.', '0819-3932-2858', 'Jl. JokotolePermai No. 21 Pamekasan', NULL),
('195901171987032001', 'Ir. DEDEH RITTA SUMIARSIH, M. Agr.', '0852-3175-7766', 'Jl. KH.Agusalim 123', NULL),
('195906051987031002', 'Ir. H.M.HAZIN MUKTI, M.T.,M.M.', '0813-3375-3337', 'Jl. KH. Hasan Sinhaji 14 Pamekasan', NULL),
('196005201984032002', 'Dr. Ir. RISZQINA, M.P.', '0859-4033-3753', 'JL Merapi 4 Sampang', NULL),
('196012061989031001', 'Drs. H. ABUBAKAR BASYARAHIL M.Si', '0877-5047-0854', 'Jl. Segara Pamekasan', NULL),
('196106131987031003', 'IR.  JOKO PURDIYANTO, MP.', '0812-3121-261', 'Tlanakan Indah B-8 Pamekasan', NULL),
('196904161994031003', 'RAHMAD, M.Pd.', '0817-0309-5223', 'Jl. Veteran Gg V / No. 05 PAMEKASAN', NULL),
('197604262005012004', 'INSANA MELIYA DWI CIPTA A.S,S.H.,M.H.', '0812-3067-4578', 'Jl. Lawangan Daya (Selatan MAN I) Pamekasan', NULL),
('197707182005011001', 'Dr. FAISAL ESTU YULIANTO, S.T, M.T.', '0817-5043-144', 'Jalan Jalmak RT.01 RW.05', NULL),
('198903132015041003', 'HAIRUS SALEH, S.Si.,M.Pd.', '0852-3207-5050', 'Dsn Ro\'koro\' RT 001 RW 002 Desa Taro\'an Kecamatan Tlanakan Kabupaten Pamekasan', NULL),
('2013332', 'AFFAN, S.Kom', '938382882', 'Uji coba', NULL),
('214210446', 'Nindian Puspa Dewi', '0877-5045-2008', 'Jalan Raya Larangan Badung', NULL),
('214210455', 'Ubaidi', '0819-3932-0423', 'Jalan Raya Larangan Badung Dusun Karang Desa Larangan Badung Kecamatan Palengaan', NULL),
('482002', 'R. TUTY HARIYANI', NULL, NULL, NULL),
('482004', 'Hj. R. WASILANING RAHAYU', NULL, NULL, NULL),
('482006', 'A K S I N', NULL, NULL, NULL),
('482007', 'IRIYANTO EFFENDI, S.H.', NULL, NULL, NULL),
('482008', 'ABDULLAH', NULL, NULL, NULL),
('482009', 'ZAINAL ABIDIN', NULL, NULL, NULL),
('482011', 'NURUL KAMARIYAH, S.Pd.', NULL, NULL, NULL),
('482012', 'M. RIFAI', NULL, NULL, NULL),
('482013', 'SUMAIMAH', NULL, NULL, NULL),
('482014', 'WAHDI, S.H.', '0813-3045-0481', 'Sersan Mesrul VIB Pamekasan', NULL),
('482015', 'FAUZIYAH', NULL, NULL, NULL),
('482016', 'SUSWATI', NULL, NULL, NULL),
('482017', 'RAHMAD KARTOLO, S.H.', NULL, NULL, NULL),
('482020', 'EDIYANTO, S.E.', NULL, NULL, NULL),
('482021', 'TOYYIB MUNIRI', NULL, NULL, NULL),
('482022', 'HERMIN SUSILOWATI', NULL, NULL, NULL),
('482024', 'RETY FAYANI', NULL, NULL, NULL),
('482025', 'SRI MUDJIATININGSIH, B.Sc.', NULL, NULL, NULL),
('482026', 'HUZAIMAH', NULL, NULL, NULL),
('482029', 'H. ABD. SYUKUR, S.E.', NULL, NULL, NULL),
('482030', 'H. HADI SUKIRMAN, S.E.', NULL, NULL, NULL),
('482031', 'ERNIYATIK', NULL, NULL, NULL),
('482033', 'KAMARUDDIN', NULL, NULL, NULL),
('482034', 'ARDJO', NULL, NULL, NULL),
('482036', 'MOH. MAHFUD', NULL, NULL, NULL),
('482039', 'DHARMA WAHYUDI', '0812-3127-1223', 'Jl. Bhayangkara II/35 Pamekasan', NULL),
('482041', 'SUGIARDI ANTORO, S.H.', '0877-5457-768', 'BAGANDAN', NULL),
('482042', 'SUYONO', NULL, NULL, NULL),
('482043', 'SUCIPTO, S.H.', '0818-0317-6719', 'Jalan Raya Proppo Desa Jambringin Kec Proppo Pamekasan', NULL),
('482045', 'EDI SUCIPTO', NULL, NULL, NULL),
('4820450', 'KUSSYAIRI', 'kussyairi@unira.ac.id', NULL, NULL),
('482046', 'M I S T U K I', NULL, NULL, NULL),
('482048', 'ABD. HALIM', NULL, NULL, NULL),
('482049', 'NUR SYAKHERUL HABIBI, S.E.', NULL, NULL, NULL),
('4820490', 'BRURI HABIDARYANTO, S.E.', NULL, NULL, NULL),
('482050', 'YUDIANTO', NULL, NULL, NULL),
('482051', 'ANDI SETIAWAN', NULL, NULL, NULL),
('482052', 'NINDIAN PUSPA DEWI, M.Kom.', '0877-5045-2008', 'JL. LARANGAN BADUNG', NULL),
('482053', 'AKHMAD KUSAIRI, S.Sos.', '0878-5692-7000', 'Desa Blumbungan Dusun Nyalaran Rt. 004/Rw. 032 Kecamatan Larangan Kabupaten Pamekasan', NULL),
('4820530', '  HARDIANSYAH AGUS TRIONO, S.E., S.IP.', NULL, NULL, NULL),
('482054', 'SUHAITIN', NULL, NULL, NULL),
('4820540', 'TOTOK DWIYATNO', NULL, NULL, NULL),
('482055', 'UBAIDI, M.Kom.', '0819-3932-0423', 'JL Raya Larangan Badung, Dsn Karang Ds Larangan Badung Kec Palengaan', NULL),
('482057', 'HARDIONO EFFENDI', NULL, NULL, NULL),
('482058', 'ARGIL YULIA WAHYUDI', NULL, NULL, NULL),
('482060', 'AKHMAD FAUZI, S.T.', NULL, NULL, NULL),
('482062', 'DWI ISTIANAH, A.Ma.,Pust, S.E.', NULL, NULL, NULL),
('482063', '  LAILY RAHMAWATI SANTOSO, S.Psi.', NULL, NULL, NULL),
('482064', '  ZAINABUR RUSMANIYAH, S.E.', NULL, NULL, NULL),
('482927', 'SHOFIAH', '0819-3939-2750', 'jl. agussalim 109', NULL),
('482935', 'SUGIANTO', '0819-3929-6', 'ds.bukek', NULL),
('5116201014', 'MOHAMMAD NAZIR ARIFIN, S.Kom', '0815-1550-1708', 'Jl. Dirgahayu Gg. Kelurahan No. 5 Pamekasan', NULL),
('710413004', 'Dr. Ir. MALIKAH UMAR, M.Si.', NULL, NULL, NULL),
('710413005', 'Dra. Hj. Rr. ARLINA WAHYOE ASTUTI, M.Si', '0878-5061-9787', 'TLANAKAN INDAH B-8 PAMEKASAN', NULL),
('710413013', 'H. GATOT  SUBROTO, S.H.,M.Hum.', NULL, NULL, NULL),
('710413020', 'ACHMAD RIFAI, S.H.,M.Hum.', '0877-5034-0999', 'Jalan Basar 110, Kelurahan Bugih, Kecamatan Pamekasan, Kabupaten Pamekasan', NULL),
('710413023', 'Dra. SRI WIDJAJANTI, M.Pd.', NULL, NULL, NULL),
('71041304', 'Drs. Ec. H. ISNAIN BUSTARAM, M.M.', NULL, NULL, NULL),
('710413073', 'Dra. Ec. Hj. MUSLIMATUL AINA, M.M.', '0812-3075-124', 'Jln.Raya Sopa\'ah-Pademawu -Pamekasan', NULL),
('710413079', 'Dra. YANTI LINARSIH, M.Pd', NULL, NULL, NULL),
('710413095', 'Drs. ZAINAL MAHFUDZ, M.M.', NULL, NULL, NULL),
('71041310', 'Dra. Ec. ADRIANI KUSUMA, M.M.', NULL, NULL, NULL),
('710413106', 'Ir. SUPARNO, M.Agr.', NULL, NULL, NULL),
('710413117', 'WIN YULI WARDANI, S.H.,M.Hum.', '0813-3156-8492', 'WIN YULI WARDANI, S.H.,M.Hum.', NULL),
('710413127', 'Dr. Drs. Ec. GAZALI, M.M.', '0812-3545-209', 'JALAN BASAR 41', NULL),
('71041315', 'Dra. SRI HARINI, M.M.', NULL, NULL, NULL),
('710413162', '  Drs. R HADI SUWARSO, M.Si.', NULL, NULL, NULL),
('710413166', 'ACHMARUL FAJAR, SE, MM.', NULL, NULL, NULL),
('710413168', 'AGUS SUGIYARDI, SE.,MM.', NULL, NULL, NULL),
('71041318', 'Drs. LILI SUPARDI, M.M.', '0812-5981-602', 'Drs. LILI SUPARDI, MM', NULL),
('710413195', 'BAMBANG KURNADI, S.Pt, M.P', '0813-3171-2441', 'DESA SUMEDANGAN KEC PADEMAWU KAB PAMEKASAN', NULL),
('7104132041', 'Drs. Ec. ACHMAD FARHAN TABRANI', NULL, NULL, NULL),
('710413205', 'SAPTO WAHYONO, S.H.,M.Hum.', NULL, NULL, NULL),
('710413207', 'MOHAMMAD, S.H, M.H.', '0813-3043-4639', 'Jl. Lawangan Daya (Selatan MAN I) Pamekasan', NULL),
('71041321', 'Drs. Ec. M. NOER SUDRAJAD, M.M.', NULL, NULL, NULL),
('710413222', 'Dr. FIRMAN SJAH, S.H.,M.Hum.', '1234-5678', 'Jl. Trunojoyo - Pamekasan', NULL),
('710413226', 'ZEF RISAL, SE, MM', NULL, NULL, NULL),
('710413229', 'ALFI HASANIYAH, S.E.,M.M.', '0877-5058-4514', 'jl.cokroatmojo no 74', 'assets/images/dosen/710413229.jpg'),
('710413231', 'LILIS RAHMAWATI, S.E.', NULL, NULL, NULL),
('710413232', 'ACHMAD IMAM, S. Sos.,M.Si.', '085330587791', 'Ds.Murtajih Kec.Pademawu Kab.Pamekasan', 'assets/images/faces/user.png'),
('710413233', 'F. Soerachman, S.Sos., M.Si', '0823-3752-0203', 'Jl. Raya Pademawu Barat - Pamekasan', NULL),
('710413234', 'MUHAMMAD TAUHED SUPRATMAN, S.Pd.,M.Pd.', '0812-3033-5522', 'JL. JEMBATAN SERANG 3, TANJUNG, PADEMAWU, PAMEKASAN, 69381', NULL),
('710413246', 'SRI INDRIATI HASANAH, S.Si.,M.Pd.', '0852-3075-3012', 'Sumedangan, Pademawu', NULL),
('710413252', 'RADEN  AGUS BUDIHARTO, S.S.,M.Pd.', NULL, NULL, NULL),
('710413258', 'Ir. H. AGUS IRMAWAN, M.M.', NULL, NULL, NULL),
('710413262', 'SITI SALAMA AMAR, S.E.,M.Ak.', '0813-5729-8499', 'JL. BHAYANGKARA GG. X, LADEN PAMEKASAN', NULL),
('710413264', 'ADRIANA PAKENDEK, S.H.MH', '0812-3280-873', 'Jln ,Jokotole Indah I D Pamekasan', NULL),
('710413265', 'AGUSTRI PURWANDI, S.H.,M.H.', '0817-9306-198', 'Jl. Lawangan Daya (Depan SMP 4) Pamekasan', NULL),
('710413267', 'FERA WIDYASARI, S.Pd.', NULL, NULL, NULL),
('710413269', 'SUBHAN, S.E.,M.A. CERA.', '0823-3330-8385', 'KERTAGENAH LAOK, KADUR PAMEKASAN', NULL),
('710413271', 'RIKA SYAHADATINA, S.E.,M.Ak.', '0877-5053-4869', 'JL. TRUNOJOYO  II NO. 27 PAMEKASAN', NULL),
('710413273', 'DESI KURNIATI AGUSTINA, S.Pt.,M.Agr.', '0859-7401-3100', 'desa konang kec. galis', NULL),
('710413277', 'VRITA PRASETYARINI, S.Kom', NULL, NULL, NULL),
('710413279', 'ANNI PUJI ASTUTIK, S.H.,M.H.', NULL, NULL, NULL),
('710413288', 'ERWIN PRASETYOWATI, S.T.,M.T.', '0819-3920-9001', 'Jl. Raya Nyalaran No. 199 Pamekasan, Jawa Timur', NULL),
('710413291', 'H. NILAM RAMADHANI, S.Kom.,M.Kom.', '0817-9632-465', 'Jl.Sersan Mesrul IVA/16 Pamekasan', NULL),
('710413292', 'BADAR SAID, S. Kom.,M.Kom.', '0819-1378-6363', 'Taraban Larangan Pamekasan', NULL),
('710413301', 'MOHAMMAD RUDIYANTO, S.S.,M.Pd.', '0877-5031-3077', 'Jalan Delima 68 Sampang', NULL),
('710413307', 'EVHA NAZALATUS SA ADIYAH SY, S.Pd,. M.Pd', '0812-5909-474', 'JL. COKROATMOJO X2', NULL),
('7104133070', 'DEVIE REZTIA ANJARANI, M.M, M.Pd', '0856-5556-1193', 'JL. Pongkoran no. 8 Pamekasan', NULL),
('710413312', 'UKHTI RAUDHATUL JANNAH, S.Pd.,M.Pd.', '0812-2336-75362', 'Pademawu Timur, Pamekasan - Madura', NULL),
('7104133129', 'TAUFIK RAHMAN, S.E.,M.M.', '0812-3545-080', 'Jl. Raya Panglegur No. 57 Pamekasan', 'https://api.unira.ac.id/img/profil/dkr/7104133129_thumb.jpg?1531961438'),
('710413315', 'FETTY NURITASARI, S.Pd.,M.Pd.', '0823-3297-5282', 'Desa Kaduara Barat (Dusun Biyan Tengah)-Kec. Larangan-Kab. Pamekasan', NULL),
('710413320', 'FARISIH ZULKARNAIN, S.Pd.T', NULL, NULL, NULL),
('710413322', 'FATHORRAHMAN, S.E.,M.M.', '0823-3231-3000', 'Jl. Raya Betet-Samiran dusun Sobih Kel. Bugih Kec. Pamekasan Kab. Pamekasan', NULL),
('710413324', 'CITRA LARASHATI SURYA, S.E.,M.M.', NULL, NULL, NULL),
('710413326', '  SYAIFUL ANAM, S.Sos.,M.A.P.', NULL, NULL, NULL),
('710413333', 'TAURINA JEMMY IRWANTO, S.T.,M.T.', '0812-3197-615', 'Jl.CokroatmojoNo.90', NULL),
('710413338', 'Dr. NADIR, S.H, M.H.', '0817-9665-893', 'DUSUN KARANG DALEM PADEMAWU BARAT PADEMAWU PAMEKASAN', NULL),
('710413340', 'NUZULUL QURNAIN, S.E.,M.M.', NULL, NULL, NULL),
('710413344', 'FAUZAN PRASETYO E. P., S.ST.,M.Kom.', NULL, NULL, NULL),
('710413349', 'ANANG FAKTCHUR RACHMAN, S.Kom.', NULL, NULL, NULL),
('7104134141', 'RESTI PRASTIKA DESTIARNI, M.Si', 'resti@gmail.com', NULL, NULL),
('71041434', 'Dr. TAUFIQ HIDAYAT, S.Sos.,M.Si.', NULL, NULL, NULL),
('7104313237', 'ACH. ZAINI, S.Pd.,M.Pd.', NULL, NULL, NULL),
('7104313410', 'TJITRA RAMADHANI, SS.,S.Pd.,M.Pd', '0877-5004-5234', 'JL. LAWANGAN DAYA II / 11, PAMEKASAN', NULL),
('7104313416', 'HARSONO, S.Pd.,M.Pd.', '0852-3230-1340', 'Jalan Rajawali 19 A Sampang', NULL),
('7104313419', 'HENDRY BUDIMAN, S.Pd.,M.Pd.', NULL, NULL, NULL),
('7104313420', 'M. KHOIRI, M.Pd.', '0852-3000-2983', 'Jl. Gatot Koco VII/8 Kolpajung Pamekasan', 'https://api.unira.ac.id/img/profil/dkr/7104313420_thumb.jpg?1531958025'),
('7104313423', 'EMA SURAHMI, S.Si.,M.H.,M.Pd.', '0852-2808-2629', 'Perumahan Royal II, No. 7, Jalan Bonorogo', NULL),
('710431343', 'DESI MAHARANI AGUSTINI, S.P.,M.Agr.', NULL, NULL, NULL),
('7104313441', 'SHOLEH RACHMATULLAH, M.Kom.', '0819-3935-6677', 'jl raya nyalaran 199 pamekasan', NULL),
('7104313447', 'RUNIK PUJI RAHAYU, S.E.,M.M.', NULL, NULL, NULL),
('7104313452', 'UMMI WAHYUNI, S.E.,M.M.', '0819-3930-9800', 'Jl. Raya Betet-Samiran dsn. Sobih Kelurahan Bugih Kec. Pamekasan Kab. Pamekasan', NULL),
('7104313453', 'ADI GUNAWAN, S.H.,M.H.', NULL, NULL, NULL),
('7104313465', 'ANISA FAJRIANA OKTASARI, S.S.,M.Pd.', '0878-5207-8783', 'Perum. Permata Selong Blok H/24 Sampang', 'https://api.unira.ac.id/img/profil/dkr/7104313465_thumb.jpg?1532390325'),
('7104313466', 'KUSYAIRI, S.Pd.,M.Pd.', NULL, NULL, 'assets/images/faces/user.png'),
('7104313467', 'WILDONA ZUMAM, SS.,M.Pd.', '0813-4453-4399', 'Citra Indah Pamekasan Blok A6 Ceguk-Tlanakan-Pamekasan-Madura', NULL),
('7104313469', 'YULIARSIH, S.Pd., M.Pd.', NULL, NULL, NULL),
('7104313472', 'HARFIN LANYA, S.Pd.,M.Pd.', NULL, NULL, NULL),
('7104313473', '  SEPTI DARIYATUL AINI, S.Pd.,M.Pd.', NULL, NULL, NULL),
('7104313474', 'HASAN BASRI, S.Pd.,M.Pd.', '0823-3102-6938', 'Jl Brawijaya Gg Sebra', NULL),
('7104313475', 'SRI IRAWATI, S.Pd.,M.Pd.', '0852-3073-8140', 'desa bunder, kecamatan pademawu, pamekasan', NULL),
('7104313476', 'MOH. ZAYYADI, S.Pd.,M.Pd.', '0817-0368-8851', 'Jalan Tegal Sari, 001/006, Pademawu Barat, Pademawu, Pamekasan', NULL),
('7104313477', 'AGUS SUBAIDI, S.Pd.,M.Pd.', '087866183298', 'RT/RW 001/001 - Dusun Karangpanasan - Desa Ponteh - Kec.Galis - Kab. Pamekasan', 'assets/images/faces/user.png'),
('7104313478', 'ROSY APRIEZA PUSPITA ZANDRA, S.Pd.,M.Ak.', '0857-3003-0013', 'Jl Trunojoyo IV/6 Pamekasan', NULL),
('7104313479', 'DEVI LESTARI PRAMITA PUTRI, SE.,M.Ak.', NULL, NULL, NULL),
('7104313480', 'RIA RACHMAWATI, S.E.,M.Ak.', NULL, NULL, NULL),
('7104313484', 'MUHAMMAD YASIR ZAIN, ST.,M.BA.', '0816-6868-84', 'Pamekasan', 'https://api.unira.ac.id/img/profil/dkr/7104313484_thumb.jpg?1532093830'),
('7104313485', 'MOHAMMAD HERMAN DJAJA, S.E.,M.M.', NULL, NULL, NULL),
('7104313489', 'SUHAIMI, S.H.,M.HI.', NULL, NULL, NULL),
('7104313491', 'ROHMAH INDAHWATI, S.Pd.,M.Pd.', '0878-5046-8847', 'Jalan  Dirgahayu No. 132 Pamekasan', NULL),
('7104313492', 'MOHAMMAD AMIRUDDIN, M.Pd.', '0852-0094-9168', 'Desa Tanjung Pademawu Pamekasan', NULL),
('7104313493', 'RIA KASANOVA, S.Pd.,M.Pd.', '082330208502', 'Jln. Pintu Gerbang X, kel. Bugih Pamekasan', 'assets/images/dosen/7104313493.jpg'),
('7104313497', 'ERINA SAPUTRI, S.Sos.,M.A.P.', '0823-3571-2432', 'JL. GATOT KOCO KELURAHAN KOLPAJUNG', NULL),
('7104313498', '  MOHAMMAD BUSTANOL HUSEIN, S.IP.,M.A.P.', '0857-3108-0933', 'Jalan Veteran 105 Pamekasan', NULL),
('7104313499', 'ABDURAHMAN, S.Sos., M.PSDM.', '0852-3406-4009', 'Karangpenang Sampang', NULL),
('7104313502', 'MOHAMMAD AMIR FURQON, S.E.,M.M.', '0813-3433-8805', 'Jl. Masjid Patemon No. 23', NULL),
('7104313507', 'MUHAMMAD DARRIN ZUHRI, S.Pd., M.Pd.', '085259987687', 'Desa Tanjung, Kec.Pademawu, kab.Pamekasan', 'assets/images/faces/user.png'),
('7104313509', 'FREDY YUNANTO, S.Pd., M.Pd.', NULL, NULL, NULL),
('7104313510', '  AINUR ROFIQ HAFSI, S.Pd.,M.Pd.', '0823-3284-4452', 'Dsn Rabah Desa Sumedangan Kec Pademawu Kab Pamekasan', 'https://api.unira.ac.id/img/profil/dkr/7104313510_thumb.jpg?1533955202'),
('7104313512', '  CHAIRUL FAJAR TAFRILYANTO, S.Pd.,M.Pd.', '0853-3010-4319', 'Jl.Balaikambang Gg. III/19 Pamekasan', 'https://api.unira.ac.id/img/profil/dkr/7104313512_thumb.jpg?1532449754'),
('7104313513', '  DEDY ASMARONI, S.T.,M.T.', '0812-3447-4639', 'pamekasan', NULL),
('7104313514', 'ZAINURRAFIQI, A.Md.,S.AB.,M.AB.,M.BA.', '0853-3627-1837', 'Larangan luar pamekasan', 'https://api.unira.ac.id/img/profil/dkr/7104313514_thumb.jpg?1532312329'),
('7104313515', 'AH SURYANSYAH, S.E., M.Ak.', '0813-3200-3377', 'JL. RAYA CAMPLONG 15 CAMPLONG SAMPANG', NULL),
('7104313516', 'RETNO ELLYS SASTI PERTIWI, S.H.,M.H.', NULL, NULL, NULL),
('7104313517', 'MOH. ZALI, S.Pt.,M.Agr.', '0819-3924-9788', 'Desa Bukek Kecamatan Tlanakan Kabupaten Pamekasan', NULL),
('7104313518', 'RINI ARISTIN, S.Pd., M.M.', '0813-3355-0656', 'Jl. Bonorogo 197 Pamekasan', NULL),
('7104313519', 'RACHMAN HAKIM, S.E.,M.E.', '0819-3933-8128', 'Jalan Kangenan', NULL),
('7104313521', 'ABDUL JAMALI, S.E.,M.M.', NULL, NULL, NULL),
('7104313522', 'MARSUM, S.PdI.,M.PdI.', '9852-5841-1207', 'Dsn. Kebun Ds. Pademawu Timur', 'https://api.unira.ac.id/img/profil/dkr/7104313522_thumb.jpg?1532352497'),
('7104313523', 'IDON JONI, M.Si.', '0878-5650-5588', 'Dusun Pesisir Timus Desa Dharma Camplong-Sampang', 'https://api.unira.ac.id/img/profil/dkr/7104313523_thumb.jpg?1532155957'),
('7104313530', '  NURUL HIDAYATI, S.Si.,M.Si.', NULL, NULL, NULL),
('7104313531', 'NUR FATHIN LUAYLIK, S.Hum.,M.KP.', '0853-3082-8265', 'Jalan Kusuma Bangsa No.181 Rt.05/RW.02 Burneh Bangkalan', NULL),
('7104313532', 'SUKMA UMBARA TIRTA FIRDAUS, MM.', '081233092113', 'Jalan P. Trunojoyo VII/ 36 Pamekasan', 'https://api.unira.ac.id/img/profil/dkr/7104313532_thumb.jpg?1532147122'),
('7104313533', 'NANIK KUSUMIATI HUDAYA, S.H.,M.Kn.', NULL, NULL, NULL),
('7104313534', 'LAILI AMALIA, S.Pd.,M.Pd.', NULL, NULL, NULL),
('7104313536', 'ROYYAN JULIAN, S.S., M.A.', NULL, NULL, NULL),
('7104313538', 'USTMAN, SE., Ak., CA., MSA', '0818-0322-7620', 'Jl. P.Diponegoro 110', NULL),
('7104313544', 'ISTIANAH ASAS, S.E.,M.Ec.,Dev.', NULL, NULL, NULL),
('71043135440', 'RINA NUR AZIZAH, SAP., MAP.', '0877-5535-5858', 'Kabupaten Sampang', NULL),
('7104313545', '  FUJIONO, S.Pd.,M.Pd.', '0852-3281-1186', 'Desa konang, Kecamatan Galis, Kabupaten Pamekasan', NULL),
('7104313546', '  SYAIFUL, S.E.,M.M.', NULL, NULL, NULL),
('7104313549', 'HASBULLAH, SAP.,M.Si.', NULL, NULL, 'assets/images/faces/user.png'),
('7104313550', 'MOHAMMAD FAHRUR ROZI, M.Pd.I.', NULL, NULL, NULL),
('7104313557', '  Dr. S. AGUS SANTOSO, S.Pd.,M.AP.', NULL, NULL, NULL),
('7104313558', 'ACH. RESA FACHRIZI, S.Ant.,M.PSDM.', '0856-3245-003', 'Jl. Tenggilis Mejoyo Blok KE-6 Surabaya', NULL),
('7104313559', 'SELVIA NURLAILA, S.Pt.,M.Agr.', NULL, NULL, NULL),
('7104313560', 'NIRWANA HAIDAR HARI, S.Pd., M.Kom.', '0838-5270-1200', 'Dsn Kwanyar RT 04/RW 05, Ds Pademawu Timur, Kec Pademawu, Pamekasan', 'https://api.unira.ac.id/img/profil/dkr/7104313560_thumb.jpg?1532301989'),
('7104313561', 'Drs. Ec. H. AFFAN, M.M', NULL, NULL, NULL),
('7104313562', 'SANDY VIKKI ARIYANTO', '0819-4498-0080', 'Dsn Rongkarong RT/RW 004/009 Gladak Anyar Pamekasan', 'assets/images/faces/user.png'),
('7104313568', 'IMRON ROSYADI NR, S.TP, MT', '0852-3300-3500', 'Jl. KH. Wahid Hasyim No. 60 RT. 007 RW. 001Bangselok - Sumenep', NULL),
('7104313573', 'MATSAINI, ST, MT', '0852-5708-3597', 'Jln. Raya dugkek, grujugan, gapura, sumenep', NULL),
('7104313574', 'drh. DIASYURANNYTA ADEPUTRI MARHENI, M.Si', '08', NULL, NULL),
('71048212187', 'WAHYU MAULANA SE. MM', '0812-4957-7987', 'Perum Tlanakan Indah F. 18 Larangan Tokol Pamekasan', 'https://api.unira.ac.id/img/profil/dkr/71048212187_thumb.jpg?1532060960'),
('71048232', 'Ir. A. YUDI HERYADI, M.M.A.', '0813-3108-8700', 'Jl. Temenggungan I No. 18 Pamekasan', NULL),
('982038', 'MUHARI', NULL, NULL, NULL),
('x071048001', 'KUTWA', NULL, NULL, NULL),
('x071048002', 'ELVIE WAHYUNI', NULL, NULL, NULL),
('x071048003', 'SUMIYATI', NULL, NULL, NULL),
('x071048004', 'PURWANTO', NULL, NULL, NULL),
('x071048005', 'DEDI SETIYONO', NULL, NULL, NULL),
('x071048006', 'SALEHODDIN', NULL, NULL, NULL),
('x071048007', 'ABD AZIS', NULL, NULL, NULL),
('x071048008', 'CHAIRUL ILHAMI', NULL, NULL, NULL),
('x071048009', 'MOH. SANUSI', NULL, NULL, NULL),
('x071048010', 'MOHAMMAD REDY', NULL, NULL, NULL),
('x071048011', 'SYAKIR NI`AM', NULL, NULL, NULL),
('x071048012', 'SAMHERI', NULL, NULL, NULL),
('x071048013', 'WASILUR CHAIR', NULL, NULL, NULL),
('x071048014', 'Drs. MAMAT, M.Ag', NULL, NULL, NULL),
('x071048015', 'DRADJID', NULL, NULL, NULL),
('x071048016', 'R ZAINAL ALIM', NULL, NULL, NULL),
('x071048017', 'Drs. A NAUFAL', NULL, NULL, NULL),
('x071048018', 'DJOKO PRAJITNO', NULL, NULL, NULL),
('x071048019', 'HELDA YUSITA', NULL, NULL, NULL),
('x071048020', 'ATOK SUHARYANTO', NULL, NULL, NULL),
('x071048021', 'HAMZAH', NULL, NULL, NULL),
('x071048022', 'SAMIDI', NULL, NULL, NULL),
('x071048023', 'TAUFIQ HIDAYAT', NULL, NULL, NULL),
('x071048024', 'BUDI SULISTYO', NULL, NULL, NULL),
('x071048025', 'SIDIK AMIN', NULL, NULL, NULL),
('x071048026', 'MUHAMMAD YUSUF SUHARTONO', NULL, NULL, NULL),
('x071048027', 'KHAIRIL ANWAR, M.AP', '0813-3444-3313', 'Jl Kartini No 116 RT/RW 013/004 Kepanjin Kota Sumenep', NULL),
('x071048028', 'NURUL INAYAH', NULL, NULL, NULL),
('x071048029', 'drh. MUHARTI RAHAJU, M.Si', NULL, NULL, NULL),
('x071048030', 'drh. KADARWATY, M.Agr', NULL, NULL, NULL),
('x071048031', 'DEDEH RITTA SUMIARSIH', NULL, NULL, NULL),
('x071048032', 'SELVIA NURLAILA', NULL, NULL, NULL),
('x071048033', 'HERMAN HADI SUCIPTO, S.Ag, M.Hum', NULL, NULL, NULL),
('x071048034', 'Dr. FARAHDILLA KUTSIYAH, S.Pt, M.P', NULL, NULL, NULL),
('x071048035', 'SEGER, M.Pd', NULL, NULL, NULL),
('x071048036', 'ALI HOSNAN', NULL, NULL, NULL),
('x071048037', 'NUR EKA MAYANI LEGIYAWATI', NULL, NULL, NULL),
('x071048038', 'ZAINOLLAH EFFENDY, S.Kom, M.Kom', '1234-5678-90', 'Pamekasan', NULL),
('x071048039', 'IRWAN DARMAWAN', NULL, NULL, NULL),
('x071048040', 'NAFISAH', NULL, NULL, NULL),
('x071048041', 'DJUFRI', NULL, NULL, NULL),
('x071048042', 'ABD WAHAB SYAHRONI, S.Kom, M.Kom', '0823-3051-1716', 'Galis Pamekasan', NULL),
('x071048044', 'WAHYU YUWANA', NULL, NULL, NULL),
('x071048045', 'MUH. SAIFUDDIN, ST., MT.', NULL, NULL, NULL),
('x071048046', 'AHMAD FATONI', NULL, NULL, NULL),
('x071048047', 'UMI SUPRAPTININGSIH', NULL, NULL, NULL),
('x071048048', 'KADARISMAN ANDRIYONO', '0852-3060-4666', 'Dusun Sakolaan Desa Panaguan Kecamatan Larangan Kabupaten Pamekasan', NULL),
('x071048049', 'HAMDAN NASUTION', NULL, NULL, NULL),
('x071048050', 'RAHMAT KURNIADI SUROSO, S.Sos.,M.Si.', '0813-3055-0406', 'Jl. Lawangan Daya II/15', NULL),
('x071048051', 'IMADOEDDIN', NULL, NULL, NULL),
('x071048052', 'SUKRON MA`MUN', NULL, NULL, NULL),
('x071048053', 'KADARISMAN SASTRODIWIRJO', NULL, NULL, NULL),
('x071048054', 'NURUL ALFIAN', NULL, NULL, NULL),
('x071048055', 'FADILAH', NULL, NULL, NULL),
('x071048056', 'DEWI KUS ENDANG', NULL, NULL, NULL),
('x071048057', 'AMINUDIN', NULL, NULL, NULL),
('x071048058', 'JON YULIANTO', NULL, NULL, NULL),
('x071048059', 'ZAINAL ARIFIN', NULL, NULL, NULL),
('x071048060', 'MOHAMMAD JUFRI', NULL, NULL, NULL),
('x071048061', 'DENNIE SURYA WIJAYA', NULL, NULL, NULL),
('x071048062', 'REZA FAHREZI', NULL, NULL, NULL),
('x071048063', 'SYAIFUL BAHRI', NULL, NULL, NULL),
('x071048064', 'EVA YUSNITA', NULL, NULL, NULL),
('x071048065', 'SUMARWAN', NULL, NULL, NULL),
('x071048066', 'MOHAMMAD HAIRI', NULL, NULL, NULL),
('x071048067', 'SUBAGIONO', NULL, NULL, NULL),
('x071048068', 'SUBAHNAN', NULL, NULL, NULL),
('x071048069', 'URIP SUKAMTO', NULL, NULL, NULL),
('x071048070', 'RETNO SUCIATI', NULL, NULL, NULL),
('x071048071', 'NIZAR BASYARAHIL', NULL, NULL, NULL),
('x071048072', 'DAVID HARMAEN S', NULL, NULL, NULL),
('x071048073', 'PURNAMAWATY', NULL, NULL, NULL),
('x071048074', 'SUMARWAN', NULL, NULL, NULL),
('x071048075', 'HASANBASRI', NULL, NULL, NULL),
('x071048076', 'TATIK SUMIARSIH', NULL, NULL, NULL),
('x071048077', 'ADI SUCIPTO', NULL, NULL, NULL),
('X1', '  Drs. H. MUAKMAM', NULL, NULL, NULL),
('X2', '  MOHAMMAD CHANDRA WIBOWO', NULL, NULL, NULL),
('X3', 'Dr. H. HERMANOADI, dr.,M.Si.', NULL, NULL, NULL),
('X4', '  FARIHATUL QOLBI, Amd.,Keb.', NULL, NULL, NULL),
('X5', '  SISKA WULANDARI, Amd.,Kep', NULL, NULL, NULL),
('X6', '  QORIATUR RIANI, Amd.,Kep.', NULL, NULL, NULL),
('X7', '  LINGGA TRIYANTI M., Adm.Keb.', NULL, NULL, NULL);

-- --------------------------------------------------------

--
-- Table structure for table `dpl_terbaik`
--

CREATE TABLE `dpl_terbaik` (
  `KDDPLBAIK` int(11) NOT NULL,
  `KDDPL` varchar(20) DEFAULT NULL,
  `KDTAHUN` int(11) DEFAULT NULL
) ENGINE=InnoDB DEFAULT CHARSET=latin1;

-- --------------------------------------------------------

--
-- Table structure for table `kapasitas_prodi`
--

CREATE TABLE `kapasitas_prodi` (
  `KDKAPRODI` int(11) NOT NULL,
  `KDPRODI` int(11) DEFAULT NULL,
  `KDKEL` int(11) DEFAULT NULL,
  `KAPRODI` int(11) DEFAULT NULL
) ENGINE=InnoDB DEFAULT CHARSET=latin1;

--
-- Dumping data for table `kapasitas_prodi`
--

INSERT INTO `kapasitas_prodi` (`KDKAPRODI`, `KDPRODI`, `KDKEL`, `KAPRODI`) VALUES
(4821, 11, 1, 1),
(4822, 21, 1, 7),
(4823, 22, 1, 0),
(4824, 31, 1, 3),
(4825, 41, 1, 0),
(4826, 51, 1, 0),
(4827, 52, 1, 1),
(4828, 61, 1, 2),
(4829, 62, 1, 0),
(4830, 63, 1, 0),
(4831, 11, 2, 0),
(4832, 21, 2, 7),
(4833, 22, 2, 1),
(4834, 31, 2, 2),
(4835, 41, 2, 1),
(4836, 51, 2, 0),
(4837, 52, 2, 1),
(4838, 61, 2, 1),
(4839, 62, 2, 0),
(4840, 63, 2, 1),
(4841, 11, 3, 0),
(4842, 21, 3, 2),
(4843, 22, 3, 4),
(4844, 31, 3, 3),
(4845, 41, 3, 0),
(4846, 51, 3, 0),
(4847, 52, 3, 2),
(4848, 61, 3, 1),
(4849, 62, 3, 2),
(4850, 63, 3, 0),
(4851, 11, 4, 2),
(4852, 21, 4, 4),
(4853, 22, 4, 1),
(4854, 31, 4, 4),
(4855, 41, 4, 0),
(4856, 51, 4, 1),
(4857, 52, 4, 0),
(4858, 61, 4, 1),
(4859, 62, 4, 1),
(4860, 63, 4, 0),
(4861, 11, 5, 1),
(4862, 21, 5, 3),
(4863, 22, 5, 2),
(4864, 31, 5, 2),
(4865, 41, 5, 0),
(4866, 51, 5, 1),
(4867, 52, 5, 1),
(4868, 61, 5, 0),
(4869, 62, 5, 3),
(4870, 63, 5, 0),
(4871, 11, 6, 0),
(4872, 21, 6, 7),
(4873, 22, 6, 0),
(4874, 31, 6, 3),
(4875, 41, 6, 1),
(4876, 51, 6, 0),
(4877, 52, 6, 0),
(4878, 61, 6, 2),
(4879, 62, 6, 1),
(4880, 63, 6, 0),
(4881, 11, 7, 1),
(4882, 21, 7, 3),
(4883, 22, 7, 3),
(4884, 31, 7, 5),
(4885, 41, 7, 1),
(4886, 51, 7, 0),
(4887, 52, 7, 0),
(4888, 61, 7, 0),
(4889, 62, 7, 1),
(4890, 63, 7, 0),
(4891, 11, 8, 1),
(4892, 21, 8, 3),
(4893, 22, 8, 1),
(4894, 31, 8, 2),
(4895, 41, 8, 1),
(4896, 51, 8, 3),
(4897, 52, 8, 1),
(4898, 61, 8, 1),
(4899, 62, 8, 1),
(4900, 63, 8, 0),
(4901, 11, 9, 1),
(4902, 21, 9, 3),
(4903, 22, 9, 1),
(4904, 31, 9, 2),
(4905, 41, 9, 1),
(4906, 51, 9, 0),
(4907, 52, 9, 1),
(4908, 61, 9, 3),
(4909, 62, 9, 2),
(4910, 63, 9, 0),
(4911, 11, 10, 1),
(4912, 21, 10, 5),
(4913, 22, 10, 3),
(4914, 31, 10, 3),
(4915, 41, 10, 1),
(4916, 51, 10, 0),
(4917, 52, 10, 1),
(4918, 61, 10, 0),
(4919, 62, 10, 0),
(4920, 63, 10, 0),
(4921, 11, 11, 0),
(4922, 21, 11, 4),
(4923, 22, 11, 3),
(4924, 31, 11, 4),
(4925, 41, 11, 1),
(4926, 51, 11, 0),
(4927, 52, 11, 1),
(4928, 61, 11, 1),
(4929, 62, 11, 0),
(4930, 63, 11, 0),
(4931, 11, 12, 1),
(4932, 21, 12, 4),
(4933, 22, 12, 0),
(4934, 31, 12, 3),
(4935, 41, 12, 1),
(4936, 51, 12, 1),
(4937, 52, 12, 1),
(4938, 61, 12, 2),
(4939, 62, 12, 1),
(4940, 63, 12, 0),
(4941, 11, 13, 2),
(4942, 21, 13, 4),
(4943, 22, 13, 2),
(4944, 31, 13, 2),
(4945, 41, 13, 1),
(4946, 51, 13, 0),
(4947, 52, 13, 0),
(4948, 61, 13, 1),
(4949, 62, 13, 1),
(4950, 63, 13, 1),
(4951, 11, 14, 0),
(4952, 21, 14, 6),
(4953, 22, 14, 2),
(4954, 31, 14, 2),
(4955, 41, 14, 1),
(4956, 51, 14, 0),
(4957, 52, 14, 1),
(4958, 61, 14, 1),
(4959, 62, 14, 1),
(4960, 63, 14, 0),
(4961, 11, 15, 0),
(4962, 21, 15, 5),
(4963, 22, 15, 1),
(4964, 31, 15, 1),
(4965, 41, 15, 1),
(4966, 51, 15, 1),
(4967, 52, 15, 2),
(4968, 61, 15, 0),
(4969, 62, 15, 3),
(4970, 63, 15, 0),
(4971, 11, 16, 0),
(4972, 21, 16, 3),
(4973, 22, 16, 2),
(4974, 31, 16, 2),
(4975, 41, 16, 1),
(4976, 51, 16, 0),
(4977, 52, 16, 1),
(4978, 61, 16, 3),
(4979, 62, 16, 1),
(4980, 63, 16, 1),
(4981, 11, 17, 1),
(4982, 21, 17, 6),
(4983, 22, 17, 1),
(4984, 31, 17, 2),
(4985, 41, 17, 1),
(4986, 51, 17, 0),
(4987, 52, 17, 0),
(4988, 61, 17, 1),
(4989, 62, 17, 2),
(4990, 63, 17, 0),
(4991, 11, 18, 1),
(4992, 21, 18, 3),
(4993, 22, 18, 1),
(4994, 31, 18, 3),
(4995, 41, 18, 1),
(4996, 51, 18, 0),
(4997, 52, 18, 1),
(4998, 61, 18, 1),
(4999, 62, 18, 2),
(5000, 63, 18, 1),
(5001, 11, 20, 1),
(5002, 21, 20, 3),
(5003, 22, 20, 2),
(5004, 31, 20, 5),
(5005, 41, 20, 1),
(5006, 51, 20, 0),
(5007, 52, 20, 0),
(5008, 61, 20, 1),
(5009, 62, 20, 0),
(5010, 63, 20, 0),
(5011, 11, 21, 1),
(5012, 21, 21, 2),
(5013, 22, 21, 4),
(5014, 31, 21, 6),
(5015, 41, 21, 1),
(5016, 51, 21, 0),
(5017, 52, 21, 0),
(5018, 61, 21, 0),
(5019, 62, 21, 0),
(5020, 63, 21, 0),
(5021, 11, 22, 0),
(5022, 21, 22, 5),
(5023, 22, 22, 1),
(5024, 31, 22, 5),
(5025, 41, 22, 0),
(5026, 51, 22, 1),
(5027, 52, 22, 2),
(5028, 61, 22, 0),
(5029, 62, 22, 0),
(5030, 63, 22, 0),
(5031, 11, 23, 0),
(5032, 21, 23, 2),
(5033, 22, 23, 3),
(5034, 31, 23, 3),
(5035, 41, 23, 1),
(5036, 51, 23, 0),
(5037, 52, 23, 0),
(5038, 61, 23, 1),
(5039, 62, 23, 3),
(5040, 63, 23, 1),
(5041, 11, 24, 0),
(5042, 21, 24, 2),
(5043, 22, 24, 2),
(5044, 31, 24, 7),
(5045, 41, 24, 0),
(5046, 51, 24, 0),
(5047, 52, 24, 1),
(5048, 61, 24, 1),
(5049, 62, 24, 1),
(5050, 63, 24, 0),
(5051, 11, 26, 1),
(5052, 21, 26, 2),
(5053, 22, 26, 4),
(5054, 31, 26, 2),
(5055, 41, 26, 0),
(5056, 51, 26, 0),
(5057, 52, 26, 3),
(5058, 61, 26, 2),
(5059, 62, 26, 0),
(5060, 63, 26, 0),
(5061, 11, 28, 1),
(5062, 21, 28, 5),
(5063, 22, 28, 2),
(5064, 31, 28, 2),
(5065, 41, 28, 1),
(5066, 51, 28, 0),
(5067, 52, 28, 1),
(5068, 61, 28, 1),
(5069, 62, 28, 1),
(5070, 63, 28, 0),
(5071, 11, 29, 0),
(5072, 21, 29, 4),
(5073, 22, 29, 2),
(5074, 31, 29, 4),
(5075, 41, 29, 0),
(5076, 51, 29, 1),
(5077, 52, 29, 1),
(5078, 61, 29, 0),
(5079, 62, 29, 1),
(5080, 63, 29, 1),
(5081, 11, 30, 0),
(5082, 21, 30, 1),
(5083, 22, 30, 1),
(5084, 31, 30, 9),
(5085, 41, 30, 0),
(5086, 51, 30, 0),
(5087, 52, 30, 0),
(5088, 61, 30, 1),
(5089, 62, 30, 2),
(5090, 63, 30, 0),
(5091, 11, 31, 0),
(5092, 21, 31, 2),
(5093, 22, 31, 0),
(5094, 31, 31, 5),
(5095, 41, 31, 1),
(5096, 51, 31, 1),
(5097, 52, 31, 1),
(5098, 61, 31, 2),
(5099, 62, 31, 2),
(5100, 63, 31, 0),
(5101, 11, 32, 0),
(5102, 21, 32, 5),
(5103, 22, 32, 1),
(5104, 31, 32, 2),
(5105, 41, 32, 1),
(5106, 51, 32, 2),
(5107, 52, 32, 1),
(5108, 61, 32, 0),
(5109, 62, 32, 0),
(5110, 63, 32, 1),
(5111, 11, 34, 2),
(5112, 21, 34, 4),
(5113, 22, 34, 1),
(5114, 31, 34, 3),
(5115, 41, 34, 0),
(5116, 51, 34, 1),
(5117, 52, 34, 1),
(5118, 61, 34, 2),
(5119, 62, 34, 0),
(5120, 63, 34, 0),
(5121, 11, 35, 0),
(5122, 21, 35, 3),
(5123, 22, 35, 1),
(5124, 31, 35, 2),
(5125, 41, 35, 0),
(5126, 51, 35, 1),
(5127, 52, 35, 2),
(5128, 61, 35, 2),
(5129, 62, 35, 2),
(5130, 63, 35, 1),
(5131, 11, 38, 0),
(5132, 21, 38, 1),
(5133, 22, 38, 1),
(5134, 31, 38, 8),
(5135, 41, 38, 0),
(5136, 51, 38, 0),
(5137, 52, 38, 3),
(5138, 61, 38, 0),
(5139, 62, 38, 1),
(5140, 63, 38, 0),
(5141, 11, 39, 1),
(5142, 21, 39, 4),
(5143, 22, 39, 1),
(5144, 31, 39, 7),
(5145, 41, 39, 0),
(5146, 51, 39, 0),
(5147, 52, 39, 0),
(5148, 61, 39, 1),
(5149, 62, 39, 0),
(5150, 63, 39, 0),
(5151, 11, 40, 1),
(5152, 21, 40, 1),
(5153, 22, 40, 2),
(5154, 31, 40, 7),
(5155, 41, 40, 1),
(5156, 51, 40, 0),
(5157, 52, 40, 0),
(5158, 61, 40, 3),
(5159, 62, 40, 0),
(5160, 63, 40, 0),
(5161, 11, 41, 1),
(5162, 21, 41, 3),
(5163, 22, 41, 1),
(5164, 31, 41, 4),
(5165, 41, 41, 0),
(5166, 51, 41, 1),
(5167, 52, 41, 1),
(5168, 61, 41, 1),
(5169, 62, 41, 2),
(5170, 63, 41, 0),
(5171, 11, 42, 0),
(5172, 21, 42, 4),
(5173, 22, 42, 0),
(5174, 31, 42, 3),
(5175, 41, 42, 1),
(5176, 51, 42, 1),
(5177, 52, 42, 0),
(5178, 61, 42, 3),
(5179, 62, 42, 3),
(5180, 63, 42, 0),
(5181, 11, 43, 0),
(5182, 21, 43, 5),
(5183, 22, 43, 2),
(5184, 31, 43, 4),
(5185, 41, 43, 0),
(5186, 51, 43, 2),
(5187, 52, 43, 0),
(5188, 61, 43, 1),
(5189, 62, 43, 0),
(5190, 63, 43, 0),
(5191, 11, 44, 0),
(5192, 21, 44, 3),
(5193, 22, 44, 2),
(5194, 31, 44, 2),
(5195, 41, 44, 0),
(5196, 51, 44, 1),
(5197, 52, 44, 1),
(5198, 61, 44, 2),
(5199, 62, 44, 2),
(5200, 63, 44, 2),
(5201, 11, 45, 1),
(5202, 21, 45, 1),
(5203, 22, 45, 0),
(5204, 31, 45, 5),
(5205, 41, 45, 1),
(5206, 51, 45, 1),
(5207, 52, 45, 1),
(5208, 61, 45, 2),
(5209, 62, 45, 2),
(5210, 63, 45, 0),
(5211, 11, 46, 1),
(5212, 21, 46, 1),
(5213, 22, 46, 1),
(5214, 31, 46, 6),
(5215, 41, 46, 0),
(5216, 51, 46, 1),
(5217, 52, 46, 0),
(5218, 61, 46, 2),
(5219, 62, 46, 1),
(5220, 63, 46, 1),
(5221, 11, 47, 0),
(5222, 21, 47, 3),
(5223, 22, 47, 1),
(5224, 31, 47, 6),
(5225, 41, 47, 0),
(5226, 51, 47, 1),
(5227, 52, 47, 2),
(5228, 61, 47, 1),
(5229, 62, 47, 0),
(5230, 63, 47, 0),
(5231, 11, 48, 1),
(5232, 21, 48, 5),
(5233, 22, 48, 2),
(5234, 31, 48, 3),
(5235, 41, 48, 0),
(5236, 51, 48, 1),
(5237, 52, 48, 0),
(5238, 61, 48, 2),
(5239, 62, 48, 0),
(5240, 63, 48, 0),
(5241, 11, 49, 0),
(5242, 21, 49, 4),
(5243, 22, 49, 2),
(5244, 31, 49, 1),
(5245, 41, 49, 0),
(5246, 51, 49, 1),
(5247, 52, 49, 0),
(5248, 61, 49, 5),
(5249, 62, 49, 2),
(5250, 63, 49, 0),
(5251, 11, 50, 1),
(5252, 21, 50, 3),
(5253, 22, 50, 2),
(5254, 31, 50, 4),
(5255, 41, 50, 0),
(5256, 51, 50, 1),
(5257, 52, 50, 1),
(5258, 61, 50, 2),
(5259, 62, 50, 1),
(5260, 63, 50, 0);

-- --------------------------------------------------------

--
-- Table structure for table `kelompok`
--

CREATE TABLE `kelompok` (
  `KDKEL` int(11) NOT NULL,
  `KDTAHUN` int(11) DEFAULT NULL,
  `KDDPL` varchar(20) DEFAULT NULL,
  `ALAMATKEL` varchar(255) NOT NULL,
  `NAMAKEL` varchar(32) DEFAULT NULL,
  `KAPASITASKEL` int(11) DEFAULT NULL,
  `DEFKAPPRODI` int(1) DEFAULT NULL,
  `KORDXKEL` varchar(32) DEFAULT NULL,
  `KORDYKEL` varchar(32) DEFAULT NULL
) ENGINE=InnoDB DEFAULT CHARSET=latin1;

--
-- Dumping data for table `kelompok`
--

INSERT INTO `kelompok` (`KDKEL`, `KDTAHUN`, `KDDPL`, `ALAMATKEL`, `NAMAKEL`, `KAPASITASKEL`, `DEFKAPPRODI`, `KORDXKEL`, `KORDYKEL`) VALUES
(1, 1, '7104313484', 'Bajang, Pakong, Kabupaten Pamekasan, Jawa Timur, Indonesia', '22', 14, 0, '-7.0508254', '113.5832661'),
(2, 1, '7104313522', 'Bindang, Pasean, Kabupaten Pamekasan, Jawa Timur 69356, Indonesia', '01', 14, 0, '-6.9026743', '113.62939159999996'),
(3, 1, '710413326', 'Bandungan, Bates Barat, Bicorong, Pakong, Kabupaten Pamekasan, Jawa Timur, Indonesia', '20', 14, 0, '-7.046186', '113.542702'),
(4, 1, '7104313546', 'Tagengser Dajah, Pasean, Kabupaten Pamekasan, Jawa Timur 69356, Indonesia', '09', 14, 0, '-6.922641', '113.53613500000006'),
(5, 1, '7104313510', 'Lesong Daja, Batu Marmar, Kabupaten Pamekasan, Jawa Timur 69354, Indonesia', '12', 13, 0, '-6.92202', '113.51339000000007'),
(6, 1, '7104313514', 'Tamberu, Batu Marmar, Kabupaten Pamekasan, Jawa Timur 69354, Indonesia', '13', 14, 0, '-6.898321', '113.48579510000002'),
(7, 1, '7104313484', 'Klompang Tim., Pakong, Kabupaten Pamekasan, Jawa Timur, Indonesia', '21', 14, 0, '-7.0552794', '113.5698741'),
(8, 1, '7104313514', 'Kapong, Batu Marmar, Kabupaten Pamekasan, Jawa Timur 69354, Indonesia', '14', 14, 0, '-6.9032758', '113.5222556'),
(9, 1, '7104313532', 'Pakong, Kabupaten Pamekasan, Jawa Timur, Indonesia', '24', 14, 0, '-7.033304', '113.5609459'),
(10, 1, '710413326', 'Palalang, Pakong, Kabupaten Pamekasan, Jawa Timur, Indonesia', '19', 14, 0, '-7.0250344', '113.5758261'),
(11, 1, '7104313532', 'Seddur, Pakong, Kabupaten Pamekasan, Jawa Timur, Indonesia', '25', 14, 0, '-7.0306523', '113.563922'),
(12, 1, '7104313489', 'Lesong Laok, Batu Marmar, Kabupaten Pamekasan, Jawa Timur 69354, Indonesia', '17', 15, 0, '-6.9540162', '113.50439770000003'),
(13, 1, '7104313507', 'Jl. Raya Pasean, Batukerbuy, Pasean, Kabupaten Pamekasan, Jawa Timur, Indonesia', '02', 14, 0, '-6.8898334', '113.6025774'),
(14, 1, '710413232', 'Dempo Bar., Pasean, Kabupaten Pamekasan, Jawa Timur, Indonesia', '04', 14, 0, '-6.9244458', '113.5936818'),
(15, 1, '710413232', 'Dempo Tim., Pasean, Kabupaten Pamekasan, Jawa Timur, Indonesia', '05', 14, 0, '-6.9252221', '113.6264159'),
(16, 1, '7104313560', 'Sana Dajah, Pasean, Kabupaten Pamekasan, Jawa Timur, Indonesia', '06', 14, 0, '-6.937048', '113.5907059'),
(17, 1, '7104313560', 'Sana Tengah, Pasean, Kabupaten Pamekasan, Jawa Timur, Indonesia', '07', 14, 0, '-6.9563428', '113.6026095'),
(18, 1, '7104313546', 'Sotabar, Pasean, Kabupaten Pamekasan, Jawa Timur, Indonesia', '08', 14, 0, '-6.9026573', '113.5341606'),
(20, 1, '7104313507', 'Tlontoraja, Pasean, Kabupaten Pamekasan, Jawa Timur, Indonesia', '03', 13, 0, '-6.9090409', '113.5549937'),
(21, 1, '7104313510', 'Bangserreh, Batu Marmar, Kabupaten Pamekasan, Jawa Timur, Indonesia', '11', 14, 0, '-6.9403093', '113.4805863'),
(22, 1, '7104313562', 'Batu Bintang, Batu Marmar, Kabupaten Pamekasan, Jawa Timur, Indonesia', '16', 14, 0, '-6.9244331', '113.4984449'),
(23, 1, '7104313562', 'Blaban, Batu Marmar, Kabupaten Pamekasan, Jawa Timur, Indonesia', '15', 14, 0, '-6.9203805', '113.4805863'),
(24, 1, '7104313489', 'Pongjangan Barat, Batu Marmar, Kabupaten Pamekasan, Jawa Timur 69354, Indonesia', '18', 14, 0, '-6.9484111', '113.516303'),
(26, 1, '7104313484', 'Cenlecen, Pakong, Kabupaten Pamekasan, Jawa Timur 69352, Indonesia', '23', 14, 0, '-7.046310351208155', '113.59471841551203'),
(28, 1, '7104313466', 'Ponjangan Timur, Batu Marmar, Kabupaten Pamekasan, Jawa Timur, Indonesia', '10', 14, 0, '-6.9477888', '113.5282081'),
(29, 1, '7104313465', 'Taddan, Camplong, Kabupaten Sampang, Jawa Timur, Indonesia', '27', 14, 0, '-7.2102282', '113.2900624'),
(30, 1, '7104313465', 'Tambaan  camplong sampang jawa timur', '28', 14, 0, '-7.2112963', '113.31685820000007'),
(31, 1, '7104313523', 'Area Kebun/Hutan, Dharma Camplong, Camplong, Kabupaten Sampang, Jawa Timur 69281, Indonesia', '26', 14, 0, '-7.1999991', '113.34067579999999'),
(32, 1, '710413229', 'Pandian, Dharma Tj., Camplong, Kabupaten Sampang, Jawa Timur 69281, Indonesia', '29', 13, 0, '-7.2086273', '113.3897968'),
(34, 1, '71048212187', 'Anggersek, Camplong, Kabupaten Sampang, Jawa Timur, Indonesia', '31', 14, 0, '-7.1748427', '113.2960171'),
(35, 1, '71048212187', 'Prajjan, Camplong, Kabupaten Sampang, Jawa Timur, Indonesia', '32', 14, 0, '-7.1949351', '113.3183468'),
(38, 1, '7104313549', 'Madupat, Camplong, Kabupaten Sampang, Jawa Timur, Indonesia', '33', 14, 0, '-7.1685641', '113.3198354'),
(39, 1, '7104313549', 'Pamolaan, Camplong, Kabupaten Sampang, Jawa Timur, Indonesia', '34', 14, 0, '-7.1672923', '113.3436529'),
(40, 1, '7104313493', 'Plampaan, Camplong, Kabupaten Sampang, Jawa Timur, Indonesia', '35', 15, 0, '-7.1610144', '113.3674695'),
(41, 1, '7104313493', 'Rabasan, Camplong, Kabupaten Sampang, Jawa Timur, Indonesia', '36', 14, 0, '-7.1786926', '113.3644925'),
(42, 1, '710413229', 'Sejati, Camplong, Kabupaten Sampang, Jawa Timur, Indonesia', '30', 15, 0, '-7.2057525', '113.3734236'),
(43, 1, '7104313420', 'Meteng, Omben, Kabupaten Sampang, Jawa Timur, Indonesia', '37', 14, 0, '-7.1499327', '113.3406758'),
(44, 1, '7104313420', 'Madulang, Omben, Kabupaten Sampang, Jawa Timur, Indonesia', '38', 15, 0, '-7.1366303', '113.3555613'),
(45, 1, '7104133129', 'Sogiyan, Omben, Kabupaten Sampang, Jawa Timur, Indonesia', '39', 14, 0, '-7.1388472', '113.3138809'),
(46, 1, '7104133129', 'Omben, Kabupaten Sampang, Jawa Timur, Indonesia', '40', 14, 0, '-7.1058533', '113.3228127'),
(47, 1, '7104313512', 'Rapa Laok, Omben, Kabupaten Sampang, Jawa Timur, Indonesia', '41', 14, 0, '-7.1085118', '113.3198354'),
(48, 1, '7104313512', 'Tambak, Omben, Kabupaten Sampang, Jawa Timur, Indonesia', '42', 14, 0, '-7.0886472', '113.3644925'),
(49, 1, '7104313477', 'Kamondung, Omben, Kabupaten Sampang, Jawa Timur, Indonesia', '43', 15, 0, '-7.1166213', '113.3555613'),
(50, 1, '7104313477', 'Karanggayam, Omben, Kabupaten Sampang, Jawa Timur, Indonesia', '44', 15, 0, '-7.0799079', '113.3406758');

-- --------------------------------------------------------

--
-- Table structure for table `kelompok_peserta`
--

CREATE TABLE `kelompok_peserta` (
  `KDKP` int(11) NOT NULL,
  `KDKEL` int(11) DEFAULT NULL,
  `NPM` varchar(12) NOT NULL,
  `NILAIMHS` float DEFAULT NULL
) ENGINE=InnoDB DEFAULT CHARSET=latin1;

--
-- Dumping data for table `kelompok_peserta`
--

INSERT INTO `kelompok_peserta` (`KDKP`, `KDKEL`, `NPM`, `NILAIMHS`) VALUES
(6121, 1, '2014520010', NULL),
(6122, 12, '2014520015', NULL),
(6123, 11, '2013520012', NULL),
(6124, 1, '2014310111', NULL),
(6125, 1, '2014310052', NULL),
(6126, 1, '2014310140', NULL),
(6127, 1, '2014610027', NULL),
(6128, 1, '2014610026', NULL),
(6129, 1, '2013110038', NULL),
(6130, 1, '2014210021', NULL),
(6131, 1, '2014210018', NULL),
(6132, 1, '2014210115', NULL),
(6133, 1, '2014210107', NULL),
(6134, 1, '2014210182', NULL),
(6135, 1, '2014210188', NULL),
(6136, 2, '2014210006', NULL),
(6137, 2, '2014210012', NULL),
(6138, 2, '2014210095', NULL),
(6139, 2, '2014210183', NULL),
(6140, 2, '2014630019', NULL),
(6141, 2, '2014520018', NULL),
(6142, 2, '2014610050', NULL),
(6143, 2, '2013220053', NULL),
(6144, 23, '2014410035', NULL),
(6145, 2, '2014310182', NULL),
(6146, 26, '2014610023', NULL),
(6147, 3, '2014610003', NULL),
(6148, 26, '2014610004', NULL),
(6149, 3, '2014220011', NULL),
(6150, 10, '2014220026', NULL),
(6151, 4, '2014210004', NULL),
(6152, 3, '2014210023', NULL),
(6153, 3, '2014210175', NULL),
(6154, 4, '2014210019', NULL),
(6155, 3, '2014310135', NULL),
(6156, 3, '2014310084', NULL),
(6157, 3, '2014520027', NULL),
(6158, 17, '2014620053', NULL),
(6159, 3, '2014620010', NULL),
(6160, 4, '2012615001', NULL),
(6161, 4, '2014620017', NULL),
(6162, 4, '2014220016', NULL),
(6163, 3, '2014220018', NULL),
(6164, 8, '2014215014', NULL),
(6165, 44, '2014210209', NULL),
(6166, 4, '2014210015', NULL),
(6167, 44, '2015215002', NULL),
(6168, 4, '2014310165', NULL),
(6169, 4, '2014310050', NULL),
(6170, 4, '2014310092', NULL),
(6171, 4, '2014110018', NULL),
(6172, 4, '2012110086', NULL),
(6173, 4, '2014510010', NULL),
(6174, 5, '2014620004', NULL),
(6175, 5, '2014620031', NULL),
(6176, 49, '2014620037', NULL),
(6177, 5, '2014620045', NULL),
(6178, 5, '2014220045', NULL),
(6179, 5, '2014220059', NULL),
(6180, 5, '2014310007', NULL),
(6181, 5, '2014310015', NULL),
(6182, 5, '2014115003', NULL),
(6183, 5, '2014210100', NULL),
(6184, 5, '2014210041', NULL),
(6185, 5, '2014210133', NULL),
(6186, 5, '2014520012', NULL),
(6187, 5, '2014510013', NULL),
(6188, 46, '2014310077', NULL),
(6189, 6, '2014310194', NULL),
(6190, 6, '2014310119', NULL),
(6191, 6, '2014310224', NULL),
(6192, 6, '2014620019', NULL),
(6193, 6, '2014210195', NULL),
(6194, 6, '2014210047', NULL),
(6195, 6, '2014210176', NULL),
(6196, 6, '2014210034', NULL),
(6197, 6, '2013210143', NULL),
(6198, 6, '2015215003', NULL),
(6199, 6, '2014610016', NULL),
(6200, 6, '2014610051', NULL),
(6201, 6, '2014410017', NULL),
(6202, 7, '2014210029', NULL),
(6203, 7, '2014210063', NULL),
(6204, 7, '2014210108', NULL),
(6205, 22, '2014210031', NULL),
(6206, 7, '2014310163', NULL),
(6207, 7, '2014310148', NULL),
(6208, 7, '2014310083', NULL),
(6209, 7, '2014310164', NULL),
(6210, 7, '2014220031', NULL),
(6211, 7, '2014220055', NULL),
(6212, 7, '2014220027', NULL),
(6213, 7, '2014410011', NULL),
(6214, 7, '2014620025', NULL),
(6215, 7, '2014110027', NULL),
(6216, 8, '2014210145', NULL),
(6217, 8, '2014210027', NULL),
(6218, 8, '2013510006', NULL),
(6219, 8, '2013510003', NULL),
(6220, 8, '2014510001', NULL),
(6221, 8, '2014310109', NULL),
(6222, 46, '2014310221', NULL),
(6223, 8, '2014310174', NULL),
(6224, 3, '2014310030', NULL),
(6225, 12, '2014110012', NULL),
(6226, 8, '2014610043', NULL),
(6227, 8, '2014620047', NULL),
(6228, 8, '2014410022', NULL),
(6229, 8, '2014520013', NULL),
(6230, 9, '2014310113', NULL),
(6231, 28, '2014310200', NULL),
(6232, 9, '2014310035', NULL),
(6233, 9, '2014610030', NULL),
(6234, 9, '2014610017', NULL),
(6235, 9, '2014610057', NULL),
(6236, 9, '2014410002', NULL),
(6237, 16, '2014410031', NULL),
(6238, 9, '2014220063', NULL),
(6239, 16, '2014220009', NULL),
(6240, 9, '2014620035', NULL),
(6241, 9, '2014520009', NULL),
(6242, 9, '2014110033', NULL),
(6243, 9, '2014210153', NULL),
(6244, 10, '2014310004', NULL),
(6245, 10, '2013310154', NULL),
(6246, 10, '2013310153', NULL),
(6247, 22, '2014310102', NULL),
(6248, 10, '2014110001', NULL),
(6249, 24, '2014210077', NULL),
(6250, 10, '2015215004', NULL),
(6251, 2, '2014210044', NULL),
(6252, 10, '2013210197', NULL),
(6253, 10, '2014210098', NULL),
(6254, 10, '2014215013', NULL),
(6255, 10, '2014220062', NULL),
(6256, 3, '2014220067', NULL),
(6257, 10, '2013220067', NULL),
(6258, 1, '2014210111', NULL),
(6259, 12, '2014210058', NULL),
(6260, 11, '2014210151', NULL),
(6261, 15, '2014210072', NULL),
(6262, 11, '2013210052', NULL),
(6263, 11, '2014210141', NULL),
(6264, 11, '2014210131', NULL),
(6265, 11, '2014310141', NULL),
(6266, 11, '2014310123', NULL),
(6267, 22, '2014310006', NULL),
(6268, 11, '2014310090', NULL),
(6269, 11, '2014410018', NULL),
(6270, 11, '2014615002', NULL),
(6271, 11, '2014220032', NULL),
(6272, 12, '2012210146', NULL),
(6273, 44, '2014210086', NULL),
(6274, 41, '2014210139', NULL),
(6275, 12, '2014210166', NULL),
(6276, 12, '2014210036', NULL),
(6277, 10, '2014410019', NULL),
(6278, 24, '2014220058', NULL),
(6279, 11, '2014220020', NULL),
(6280, 12, '2014310152', NULL),
(6281, 12, '2014310153', NULL),
(6282, 44, '2014630011', NULL),
(6283, 34, '2014520006', NULL),
(6284, 12, '2013510023', NULL),
(6285, 12, '2014610045', NULL),
(6286, 13, '2014110011', NULL),
(6287, 13, '2014110016', NULL),
(6288, 13, '2014210170', NULL),
(6289, 13, '2013210081', NULL),
(6290, 13, '2014210184', NULL),
(6291, 13, '2014210178', NULL),
(6292, 13, '2014220029', NULL),
(6293, 13, '2014220047', NULL),
(6294, 13, '2014630016', NULL),
(6295, 13, '2014310055', NULL),
(6296, 13, '2014310056', NULL),
(6297, 13, '2014610053', NULL),
(6298, 13, '2014410034', NULL),
(6299, 13, '2014620015', NULL),
(6300, 14, '2014210048', NULL),
(6301, 14, '2014210160', NULL),
(6302, 14, '2013210011', NULL),
(6303, 14, '2014210140', NULL),
(6304, 14, '2014210008', NULL),
(6305, 14, '2014210162', NULL),
(6306, 14, '2014220046', NULL),
(6307, 14, '2014220056', NULL),
(6308, 14, '2014610019', NULL),
(6309, 18, '2014410025', NULL),
(6310, 14, '2014410029', NULL),
(6311, 14, '2014520022', NULL),
(6312, 14, '2013310167', NULL),
(6313, 14, '2014310038', NULL),
(6314, 15, '2014220052', NULL),
(6315, 22, '2014520046', NULL),
(6316, 15, '2014520047', NULL),
(6317, 15, '2016525001', NULL),
(6318, 15, '2014310190', NULL),
(6319, 15, '2013510031', NULL),
(6320, 15, '2014210037', NULL),
(6321, 15, '2014210109', NULL),
(6322, 15, '2014210060', NULL),
(6323, 15, '2014210205', NULL),
(6324, 15, '2014620050', NULL),
(6325, 15, '2014620033', NULL),
(6326, 15, '2014620011', NULL),
(6327, 15, '2014410030', NULL),
(6328, 16, '2014610044', NULL),
(6329, 16, '2014610024', NULL),
(6330, 16, '2014610018', NULL),
(6331, 16, '2014210062', NULL),
(6332, 16, '2014210167', NULL),
(6333, 9, '2013210145', NULL),
(6334, 9, '2014210002', NULL),
(6335, 28, '2014410004', NULL),
(6336, 17, '2014410026', NULL),
(6337, 16, '2014310117', NULL),
(6338, 16, '2014310202', NULL),
(6339, 16, '2014520002', NULL),
(6340, 16, '2014220054', NULL),
(6341, 16, '2014630003', NULL),
(6342, 16, '2014620001', NULL),
(6343, 17, '2014620054', NULL),
(6344, 12, '2014620002', NULL),
(6345, 17, '2014310029', NULL),
(6346, 17, '2014310099', NULL),
(6347, 17, '2014220075', NULL),
(6348, 17, '2014110007', NULL),
(6349, 17, '2014210096', NULL),
(6350, 17, '2014210212', NULL),
(6351, 17, '2014210113', NULL),
(6352, 17, '2014210120', NULL),
(6353, 17, '2014210074', NULL),
(6354, 17, '2014210187', NULL),
(6355, 17, '2014615005', NULL),
(6356, 18, '2014220002', NULL),
(6357, 8, '2014220083', NULL),
(6358, 3, '2014220005', NULL),
(6359, 18, '2014620029', NULL),
(6360, 14, '2014620023', NULL),
(6361, 18, '2014620070', NULL),
(6362, 18, '2014630020', NULL),
(6363, 18, '2014310125', NULL),
(6364, 18, '2014310211', NULL),
(6365, 18, '2014210152', NULL),
(6366, 18, '2014210099', NULL),
(6367, 18, '11882012146', NULL),
(6368, 18, '2014520024', NULL),
(6369, 18, '2014110019', NULL),
(6370, 20, '2014610079', NULL),
(6371, 20, '2014220085', NULL),
(6372, 20, '2014220010', NULL),
(6373, 20, '2014310110', NULL),
(6374, 20, '2014310010', NULL),
(6375, 20, '2014310051', NULL),
(6376, 20, '2014310191', NULL),
(6377, 20, '2014310068', NULL),
(6378, 20, '2014210009', NULL),
(6379, 20, '2014210049', NULL),
(6380, 20, '2014110002', NULL),
(6381, 12, '2014410006', NULL),
(6382, 2, '2014410020', NULL),
(6383, 20, '2014410028', NULL),
(6384, 21, '2014210197', NULL),
(6385, 21, '2014210189', NULL),
(6386, 21, '2014110015', NULL),
(6387, 21, '2013220088', NULL),
(6388, 21, '2015225001', NULL),
(6389, 21, '2014220076', NULL),
(6390, 42, '2014410008', NULL),
(6391, 21, '2014310150', NULL),
(6392, 21, '2014310044', NULL),
(6393, 21, '2014310069', NULL),
(6394, 21, '2014310022', NULL),
(6395, 47, '2014310130', NULL),
(6396, 21, '2014310133', NULL),
(6397, 21, '2014310024', NULL),
(6398, 10, '2014210071', NULL),
(6399, 22, '2014210035', NULL),
(6400, 26, '2014310097', NULL),
(6401, 22, '2014310169', NULL),
(6402, 22, '2013310002', NULL),
(6403, 22, '2014310195', NULL),
(6404, 11, '2014310021', NULL),
(6405, 50, '2014310088', NULL),
(6406, 24, '2012520043', NULL),
(6407, 41, '2014520038', NULL),
(6408, 22, '1155201924', NULL),
(6409, 11, '2014220019', NULL),
(6410, 46, '2014630006', NULL),
(6411, 32, '2014630001', NULL),
(6412, 23, '2014310144', NULL),
(6413, 23, '2014310199', NULL),
(6414, 23, '2014310166', NULL),
(6415, 2, '2014310085', NULL),
(6416, 23, '1188203975', NULL),
(6417, 23, '2014620030', NULL),
(6418, 23, '2014620016', NULL),
(6419, 23, '2014620041', NULL),
(6420, 23, '2014610038', NULL),
(6421, 23, '2014220078', NULL),
(6422, 23, '2014220064', NULL),
(6423, 23, '2014220053', NULL),
(6424, 23, '2014215004', NULL),
(6425, 23, '2014210119', NULL),
(6426, 24, '2014220050', NULL),
(6427, 32, '2014220068', NULL),
(6428, 24, '2014310054', NULL),
(6429, 24, '2014310011', NULL),
(6430, 24, '2014310126', NULL),
(6431, 24, '2014310138', NULL),
(6432, 24, '2014310048', NULL),
(6433, 24, '2014310131', NULL),
(6434, 24, '2014310023', NULL),
(6435, 10, '2014520026', NULL),
(6436, 24, '2014210171', NULL),
(6437, 28, '2014210066', NULL),
(6438, 24, '2014610001', NULL),
(6439, 24, '2014620007', NULL),
(6440, 22, '2014210075', NULL),
(6441, 2, '2014210142', NULL),
(6442, 2, '2014215003', NULL),
(6443, 26, '2014210173', NULL),
(6444, 26, '2014270179', NULL),
(6445, 26, '2014110005', NULL),
(6446, 26, '1155201910', NULL),
(6447, 26, '2014520041', NULL),
(6448, 26, '2014520028', NULL),
(6449, 26, '2014220034', NULL),
(6450, 26, '2014220041', NULL),
(6451, 26, '2014220012', NULL),
(6452, 26, '2014220065', NULL),
(6453, 26, '2014310178', NULL),
(6454, 16, '2014215007', NULL),
(6455, 28, '2014210068', NULL),
(6456, 28, '2014210007', NULL),
(6457, 41, '2014210059', NULL),
(6458, 22, '2014210128', NULL),
(6459, 28, '2012210268', NULL),
(6460, 28, '2014210011', NULL),
(6461, 28, '2014610080', NULL),
(6462, 9, '2014620013', NULL),
(6463, 28, '2014620012', NULL),
(6464, 3, '2014520032', NULL),
(6465, 28, '2014520005', NULL),
(6466, 28, '2014310132', NULL),
(6467, 28, '2014220077', NULL),
(6468, 29, '2013220094', NULL),
(6469, 21, '2014220074', NULL),
(6470, 29, '2014310143', NULL),
(6471, 29, '2014310041', NULL),
(6472, 29, '2014310196', NULL),
(6473, 29, '2014315001', NULL),
(6474, 29, '2014210135', NULL),
(6475, 29, '2014210134', NULL),
(6476, 29, '2014210206', NULL),
(6477, 29, '2014210148', NULL),
(6478, 29, '2013510028', NULL),
(6479, 29, '2014620020', NULL),
(6480, 29, '2014520050', NULL),
(6481, 29, '2014630017', 0),
(6482, 30, '2014610064', NULL),
(6483, 30, '2014310079', NULL),
(6484, 30, '2014310100', NULL),
(6485, 30, '2014310134', NULL),
(6486, 30, '2014310161', NULL),
(6487, 30, '2014310177', NULL),
(6488, 30, '2014310033', NULL),
(6489, 30, '2014310223', NULL),
(6490, 30, '2014310014', NULL),
(6491, 30, '2014310074', NULL),
(6492, 30, '2014220049', NULL),
(6493, 30, '2014210073', NULL),
(6494, 30, '2014620021', NULL),
(6495, 30, '2014620052', NULL),
(6496, 31, '2014210104', NULL),
(6497, 31, '2014210126', NULL),
(6498, 31, '2014310065', NULL),
(6499, 31, '2014310062', NULL),
(6500, 31, '2014310072', NULL),
(6501, 46, '2014310096', NULL),
(6502, 31, '2014310220', NULL),
(6503, 31, '2014310176', NULL),
(6504, 31, '2012510015', NULL),
(6505, 31, '2014610005', NULL),
(6506, 31, '2014610006', NULL),
(6507, 31, '2014520023', NULL),
(6508, 31, '2014620039', NULL),
(6509, 31, '2014620048', NULL),
(6510, 32, '2014510009', NULL),
(6511, 32, '2014510006', NULL),
(6512, 22, '2012220096', NULL),
(6513, 22, '2013210147', NULL),
(6514, 32, '2014210168', NULL),
(6515, 32, '2013210206', NULL),
(6516, 32, '2014210088', NULL),
(6517, 32, '2014210024', NULL),
(6518, 32, '2014210194', NULL),
(6519, 46, '2014620043', NULL),
(6520, 32, '2014310181', NULL),
(6521, 32, '2014310103', NULL),
(6522, 32, '2014410033', NULL),
(6523, 32, '2014520037', NULL),
(6524, 34, '2013110006', NULL),
(6525, 8, '2013110025', NULL),
(6526, 34, '2014110026', NULL),
(6527, 34, '2014210045', NULL),
(6528, 34, '2014210081', NULL),
(6529, 34, '2014210046', NULL),
(6530, 34, '2014510030', NULL),
(6531, 35, '2014610049', NULL),
(6532, 35, '2014610034', NULL),
(6533, 34, '2014310080', NULL),
(6534, 34, '2014310093', NULL),
(6535, 34, '2014310210', NULL),
(6536, 34, '2014220061', NULL),
(6537, 29, '2014220060', NULL),
(6538, 35, '2013510018', NULL),
(6539, 35, '2014220069', NULL),
(6540, 35, '2014210132', NULL),
(6541, 35, '2014210169', NULL),
(6542, 35, '2014210102', NULL),
(6543, 35, '2014520039', NULL),
(6544, 35, '2014520007', NULL),
(6545, 35, '2014630014', NULL),
(6546, 35, '2014310061', NULL),
(6547, 35, '2014310160', NULL),
(6548, 34, '2014610070', NULL),
(6549, 34, '2014610066', NULL),
(6550, 35, '2014620027', NULL),
(6551, 35, '2014620022', NULL),
(6552, 38, '2014520042', NULL),
(6553, 38, '2013520026', NULL),
(6554, 38, '2014520021', NULL),
(6555, 38, '2014310078', NULL),
(6556, 38, '2014310154', NULL),
(6557, 38, '2014310037', NULL),
(6558, 38, '2014310157', NULL),
(6559, 38, '2014310018', NULL),
(6560, 38, '2014310172', NULL),
(6561, 38, '2014310173', NULL),
(6562, 38, '2014310159', NULL),
(6563, 38, '2014620014', NULL),
(6564, 38, '2014220006', NULL),
(6565, 38, '2014210124', NULL),
(6566, 39, '2014610002', NULL),
(6567, 39, '2014310003', NULL),
(6568, 39, '2014310098', NULL),
(6569, 39, '2014310095', NULL),
(6570, 39, '2014310032', NULL),
(6571, 39, '2014310064', NULL),
(6572, 39, '2014310012', NULL),
(6573, 39, '2014310136', NULL),
(6574, 39, '2014210125', NULL),
(6575, 39, '2014210090', NULL),
(6576, 39, '2014210105', NULL),
(6577, 39, '2014210082', NULL),
(6578, 39, '2014110032', NULL),
(6579, 39, '2014220082', NULL),
(6580, 40, '2014410013', NULL),
(6581, 40, '2014210032', NULL),
(6582, 40, '2014310039', NULL),
(6583, 40, '2014310001', NULL),
(6584, 40, '2014310020', NULL),
(6585, 40, '2014310060', NULL),
(6586, 40, '2014310107', NULL),
(6587, 40, '2014310167', NULL),
(6588, 40, '2014310142', NULL),
(6589, 40, '2014220036', NULL),
(6590, 40, '2014220030', NULL),
(6591, 40, '2014110004', NULL),
(6593, 40, '2014610009', NULL),
(6594, 22, '2013510021', NULL),
(6595, 41, '2014510015', NULL),
(6596, 41, '2014225001', NULL),
(6597, 28, '2014220039', NULL),
(6598, 41, '2014620044', NULL),
(6599, 41, '2014620024', NULL),
(6600, 41, '2014215002', NULL),
(6601, 41, '2014610013', NULL),
(6602, 41, '2014310192', NULL),
(6603, 41, '2014310009', NULL),
(6604, 41, '2014310067', NULL),
(6605, 42, '2014310045', NULL),
(6606, 41, '2014310017', NULL),
(6607, 41, '2013110020', NULL),
(6608, 42, '2014210208', NULL),
(6609, 42, '2013210107', NULL),
(6610, 42, '2014210078', NULL),
(6611, 42, '2014210013', NULL),
(6612, 42, '2014620034', NULL),
(6613, 42, '2014620051', NULL),
(6614, 42, '2014620040', NULL),
(6615, 42, '2014310149', NULL),
(6616, 42, '2014310104', NULL),
(6617, 42, '2014610007', NULL),
(6618, 42, '2012610030', NULL),
(6619, 42, '2014610008', NULL),
(6620, 42, '2014510005', NULL),
(6621, 21, '2014410016', NULL),
(6622, 43, '2014310186', NULL),
(6623, 43, '2014310026', NULL),
(6624, 43, '2014310171', NULL),
(6625, 43, '2014310027', NULL),
(6626, 43, '2014510021', NULL),
(6627, 43, '2014510032', NULL),
(6628, 43, '2014220037', NULL),
(6629, 43, '2014220043', NULL),
(6630, 43, '2014210054', NULL),
(6631, 43, '2012210161', NULL),
(6632, 43, '2014210165', NULL),
(6633, 43, '2014210136', NULL),
(6634, 43, '2013210250', NULL),
(6635, 43, '2014610069', NULL),
(6636, 46, '2014210055', NULL),
(6637, 4, '2014210137', NULL),
(6638, 44, '2014520014', NULL),
(6639, 44, '2014610052', NULL),
(6641, 44, '2014220040', NULL),
(6642, 44, '2014220024', NULL),
(6643, 44, '2014310124', NULL),
(6644, 44, '2014310063', NULL),
(6645, 4, '2014310076', NULL),
(6646, 44, '2014620049', NULL),
(6647, 44, '2014510027', NULL),
(6648, 44, '2014630004', NULL),
(6649, 28, '2012110052', NULL),
(6650, 45, '2014410007', NULL),
(6651, 45, '2014210028', NULL),
(6652, 45, '2014310170', NULL),
(6653, 45, '2014310193', NULL),
(6654, 45, '2014310156', NULL),
(6655, 45, '2014310040', NULL),
(6656, 45, '2014310086', NULL),
(6657, 45, '2014620042', NULL),
(6658, 45, '2014620003', NULL),
(6659, 45, '2014510008', NULL),
(6660, 45, '2014110041', NULL),
(6661, 45, '2014610020', NULL),
(6662, 45, '2014610025', NULL),
(6663, 45, '2014520001', NULL),
(6664, 31, '2014410001', NULL),
(6665, 46, '2014310222', NULL),
(6666, 18, '2013310157', NULL),
(6667, 7, '2014310066', NULL),
(6668, 46, '2014310225', NULL),
(6669, 46, '2014310031', NULL),
(6670, 44, '2014620005', NULL),
(6671, 3, '2014620028', NULL),
(6672, 18, '2014210200', NULL),
(6673, 46, '2014220017', NULL),
(6674, 46, '2013510013', NULL),
(6675, 46, '2014610031', NULL),
(6676, 46, '2014610032', NULL),
(6677, 46, '2013110018', NULL),
(6678, 47, '2014520043', NULL),
(6679, 47, '2014520035', NULL),
(6680, 47, '2014310046', NULL),
(6681, 47, '2014310139', NULL),
(6682, 47, '2014310070', NULL),
(6683, 47, '2014310071', NULL),
(6684, 47, '2014310151', NULL),
(6685, 47, '2014610062', NULL),
(6686, 47, '2014220014', NULL),
(6687, 47, '2014510004', NULL),
(6688, 47, '2014210157', NULL),
(6689, 47, '2014210005', NULL),
(6690, 34, '2014210202', NULL),
(6691, 47, '2014210020', NULL),
(6692, 48, '2014610065', NULL),
(6693, 48, '2014610076', NULL),
(6694, 48, '2014210201', NULL),
(6695, 48, '2014210080', NULL),
(6696, 48, '2013210196', NULL),
(6697, 48, '2014210067', NULL),
(6698, 48, '2014210110', NULL),
(6699, 48, '2014220035', NULL),
(6700, 48, '2014220071', NULL),
(6701, 48, '2014310168', NULL),
(6702, 48, '2014310059', NULL),
(6703, 48, '2014310112', NULL),
(6704, 48, '2013510005', NULL),
(6705, 48, '2014110037', NULL),
(6706, 49, '2014220001', NULL),
(6707, 49, '2014220013', NULL),
(6708, 49, '2014620046', NULL),
(6709, 49, '2014210190', NULL),
(6710, 49, '2014210053', NULL),
(6711, 49, '2014210040', NULL),
(6712, 49, '2014210143', NULL),
(6713, 49, '2013510001', NULL),
(6714, 49, '2014310213', NULL),
(6715, 49, '2014610056', NULL),
(6716, 49, '2014610014', NULL),
(6717, 49, '2014610058', NULL),
(6718, 49, '2014610067', NULL),
(6719, 49, '2014610077', NULL),
(6720, 50, '2014610081', NULL),
(6721, 50, '2013220030', NULL),
(6722, 50, '2014220073', NULL),
(6724, 50, '2014310180', NULL),
(6725, 50, '2014310089', NULL),
(6726, 50, '2014110047', NULL),
(6727, 50, '2014210203', NULL),
(6728, 50, '2014210103', NULL),
(6729, 50, '2014210154', NULL),
(6730, 6, '2014210138', NULL),
(6731, 50, '2012510024', NULL),
(6732, 50, '2014620018', NULL),
(6733, 50, '2014525002', NULL),
(6734, 20, '11612012047', NULL),
(6735, 50, '2013610126', NULL),
(6736, 12, '2012310080', NULL),
(6738, 12, '2014610015', NULL),
(6739, 40, '2014610010', NULL);

-- --------------------------------------------------------

--
-- Table structure for table `lembar_monitoring`
--

CREATE TABLE `lembar_monitoring` (
  `KDLM` int(11) NOT NULL,
  `KDKEL` int(11) DEFAULT NULL,
  `FILELM` varchar(255) DEFAULT NULL,
  `SIZELM` varchar(15) DEFAULT NULL,
  `TGLLM` datetime DEFAULT NULL,
  `HASHLM` varchar(32) DEFAULT NULL
) ENGINE=InnoDB DEFAULT CHARSET=latin1;

--
-- Dumping data for table `lembar_monitoring`
--

INSERT INTO `lembar_monitoring` (`KDLM`, `KDKEL`, `FILELM`, `SIZELM`, `TGLLM`, `HASHLM`) VALUES
(1, 32, 'm1_dt.pdf', '431.44', '2018-07-28 09:15:56', 'a3024c1e6a0d50a30e7029723e7d16a1'),
(2, 32, 'minggi_1.pdf', '414.69', '2018-07-28 09:16:42', 'ba0fe6df9a31222598614d0feeddcfe8'),
(3, 42, 'sejati_1.pdf', '450.9', '2018-07-28 09:27:43', 'ccfea418658b3cb259d84bdbf82a58d0'),
(4, 42, 'sejati_ke_1.pdf', '443.69', '2018-07-28 09:27:57', 'c1ab2fc14eb7403f0cb6928b660beed8'),
(5, 42, 'sejati_2.pdf', '457.42', '2018-07-28 09:38:42', '92d0482002c0de7fc361c9245fbca914'),
(6, 32, 'tanjung_2.pdf', '370.74', '2018-07-28 09:39:20', 'c737bc6b91683640c334d2346355d3ae'),
(7, 41, '291.pdf', '275.18', '2018-07-28 12:47:12', '4a309fa10f69ba0396a49e7eede687a0'),
(8, 41, 'Laporan_Mingguan(pertama).pdf', '275.18', '2018-07-29 23:46:29', '4a309fa10f69ba0396a49e7eede687a0'),
(9, 41, 'Laporan_Mingguan_(ke_dua).pdf', '149.39', '2018-07-29 23:46:52', 'a941545cde97b55a22394c15dc6cfab8'),
(10, 6, 'FOTO424.pdf', '143.19', '2018-07-30 09:06:01', 'b506850564b589f1c967b00b786d28f4'),
(11, 6, 'FOTO425.pdf', '174.32', '2018-07-30 09:06:10', '2977bc74c09494b601330f21fe4dcbfb'),
(12, 6, 'FOTO427.pdf', '176.85', '2018-07-30 09:08:32', '0bab2f2ea049c2b559353521045f9d2e'),
(13, 6, 'FOTO426.pdf', '143.77', '2018-07-30 09:08:38', 'ecff615c728c25aeaf5ed3330885de11'),
(14, 8, 'FOTO429.pdf', '138.63', '2018-07-30 09:11:11', 'c7df75e64ead59f0451487d7a43acb9c'),
(15, 8, 'FOTO428.pdf', '156.65', '2018-07-30 09:11:16', '97674e5dcfeaf82041fe6a750e88e062'),
(16, 8, 'FOTO431.pdf', '155.36', '2018-07-30 09:13:04', '9cc33bbe3833bece5ba4b41f36fbb712'),
(17, 8, 'FOTO430.pdf', '167.47', '2018-07-30 09:13:14', 'dd62c6619363053d938805444d9076b4'),
(18, 28, 'MINGGU_Pertama.pdf', '1245.54', '2018-07-30 10:07:35', '1efb6c751e14f360f5d654e793d5895a'),
(19, 28, 'MINGGU_Kedua.pdf', '1268.67', '2018-07-30 10:09:21', 'e4f13f498e21cd452964eddd156c0376');

-- --------------------------------------------------------

--
-- Table structure for table `mahasiswa`
--

CREATE TABLE `mahasiswa` (
  `NPM` varchar(12) NOT NULL,
  `TGLREGMHS` datetime DEFAULT NULL,
  `NAMAMHS` varchar(32) DEFAULT NULL,
  `ALAMATMHS` varchar(255) DEFAULT NULL,
  `KONTAKMHS` varchar(20) DEFAULT NULL,
  `SERAGAMMHS` enum('xl','l','m','s') DEFAULT NULL,
  `KDPRODI` int(11) DEFAULT NULL,
  `SKSMHS` int(3) DEFAULT NULL,
  `PEKERJAANMHS` varchar(255) DEFAULT NULL,
  `KORDXMHS` varchar(32) DEFAULT NULL,
  `KORDYMHS` varchar(32) DEFAULT NULL,
  `FOTOMHS` varchar(100) DEFAULT NULL,
  `STATUSMHS` int(1) DEFAULT NULL
) ENGINE=InnoDB DEFAULT CHARSET=latin1;

--
-- Dumping data for table `mahasiswa`
--

INSERT INTO `mahasiswa` (`NPM`, `TGLREGMHS`, `NAMAMHS`, `ALAMATMHS`, `KONTAKMHS`, `SERAGAMMHS`, `KDPRODI`, `SKSMHS`, `PEKERJAANMHS`, `KORDXMHS`, `KORDYMHS`, `FOTOMHS`, `STATUSMHS`) VALUES
('1155201910', '2018-06-11 13:07:58', 'MOH ALVIN HUSNI', 'KAPEDI, BLUTO, SUMENEP', NULL, NULL, 52, NULL, NULL, '-7.0988964', '113.7335321', 'https://api.unira.ac.id/', 1),
('1155201924', '2018-06-11 13:07:58', 'MOH. NUR ATHA URRAHMAN ', 'JL. SERSAN MESRUL GG. III B KEC. PAMEKASAN KAB. PAMEKASAN ', NULL, NULL, 52, NULL, NULL, '-7.1517257', '113.4795394', NULL, 1),
('11612012047', '2018-07-02 16:43:16', 'Syamsul Arifin', 'Klompang Tim., Pakong, Kabupaten Pamekasan, Jawa Timur 69352, Indonesia', '1234567890', 'l', 21, 139, 'Karyawan', '-7.0552794', '113.56987409999999', 'https://api.unira.ac.id/', 1),
('11882012146', '2018-06-11 13:07:58', 'ARIF HIDAYAT ', 'PLAKPAK PEGANTENAN PAMEKASAN', '087850444045', 'l', 61, 126, '', '-7.0923225', '113.4835627', 'assets/images/peserta/11882012146.jpg', 1),
('1188203975', '2018-06-11 13:07:58', 'MOHAMMAD MASTUR RISKI ', 'SOKOBANAH TENGAH SAMPANG ', NULL, NULL, 63, NULL, NULL, '-6.9258076', '113.4240305', NULL, 1),
('2012110052', '2018-06-11 13:07:58', 'TRI FERIYANTO', 'JL RAYA PANGLEGUR PAMEKASAN', '0000', 'm', 11, 130, '', '-7.1901121', '113.4757853', NULL, 1),
('2012110086', '2018-06-11 13:07:58', 'MOH. RIDWAN ', 'BLUMBUNGAN LARANGAN PAMEKASAN', NULL, NULL, 11, NULL, NULL, '-7.1210284', '113.507374', NULL, 1),
('2012210146', '2018-06-11 13:07:58', 'AINUR ROMADHON WAHYUDI', 'JL STADION GG 4', '087850466222', 'm', 21, 135, '', '-7.1592227', '113.4889859', NULL, 1),
('2012210161', '2018-06-25 12:28:33', 'AINUR ROSYID', 'Jalan Masjid Nurul Iman, Pong Tengah, Gn. Maddah, Kec. Sampang, Kabupaten Sampang, Jawa Timur 69216, Indonesia', '085330127563', 'm', 21, 139, 'J&T express', '-7.1931694', '113.2811302', 'assets/images/peserta/2012210161.jpg', 1),
('2012210268', '2018-06-11 13:07:58', 'FAIZAL ARKHAM', 'JL. RONGGOSUKOWATI NO 9, KEC. PAMEKASAN, KAB. PAMEKASAN ', '+6281703341181', 'm', 21, 184, '', '-7.1530446', '113.4877305', NULL, 1),
('2012220096', '2018-06-11 13:07:58', 'AGUS FAISOL ', 'PADEMAWU TIMUR ', NULL, NULL, 22, NULL, NULL, '-7.2380812', '113.516303', NULL, 1),
('2012310080', '2018-07-05 12:38:18', 'ABDUL JALIL', 'GALIS PAMEKASAN', '000000', 'l', 31, 126, '-', '39.179624463882774', '-94.66494128520509', NULL, 1),
('2012510015', '2018-06-11 13:07:58', 'ACHMAD ROFIIH', 'JL. H. AGUSSALIM X/15 KEC. SAMPANG KAB. SAMPANG', '082301330388', 'l', 51, 126, '', '-7.2051632', '113.2518011', 'https://api.unira.ac.id/', 1),
('2012510024', '2018-06-11 13:07:58', 'ARIF RAHMAN MUKSIN', 'JL. JALMAK PAMEKASAN ', NULL, NULL, 51, NULL, NULL, '-7.1759012', '113.4687968', 'https://api.unira.ac.id/', 1),
('2012520043', '2018-06-11 13:07:58', 'RAHMAN FEBRIANSYAH', 'JL MANDILARAS 121 PAMEKASAN', NULL, NULL, 52, NULL, NULL, '-7.1553036', '113.4806729', 'https://api.unira.ac.id/', 1),
('2012610030', '2018-06-11 13:07:58', 'FAZLUR RAHMAN ', 'DUSUN ASAM PITU PADEMAWU PAMEKASAN', NULL, NULL, 61, NULL, NULL, '-7.1957053', '113.5133267', NULL, 1),
('2012615001', '2018-06-11 13:07:58', 'ACH FERY KUSUTANTO ', 'DUSUN NYALABU DAJA ', NULL, NULL, 61, NULL, NULL, '-7.1405936', '113.4686802', NULL, 1),
('2013110006', '2018-06-11 13:07:58', 'QOMARI', 'KONANG, GALIS, PAMEKASAN', NULL, NULL, 11, NULL, NULL, '-7.0482217', '112.5230193', 'https://api.unira.ac.id/img/profil/mhs/2013110006.JPG', 1),
('2013110018', '2018-06-11 13:07:58', 'ROBY ALDYANTO', 'JL STADION 8/12, KEC PADEMAWU, KAB PAMEKASAN', '082331017238', 'xl', 11, 144, 'PNS', '-7.1602964', '113.4869139', 'https://api.unira.ac.id/img/profil/mhs/2013110018.JPG', 1),
('2013110020', '2018-06-11 13:07:58', 'AKHMAD ALPAJAR DWI CAHYONO ', 'DUSUN TIMUR DESA SOPA\'AH KEC. PADEMAWU KAB. PAMEKASAN ', NULL, NULL, 11, NULL, NULL, '-7.195339', '113.490289', 'https://api.unira.ac.id/img/profil/mhs/2013110020.JPG', 1),
('2013110025', '2018-06-11 13:07:58', 'MOHAMMAD MAHFUD ', 'KONANG, GALIS, PAMEKASAN', NULL, NULL, 11, NULL, NULL, '-7.0482217', '112.5230193', NULL, 1),
('2013110038', '2018-06-11 13:07:58', 'KHAIRUL UMAM', 'PRAGAAN DAYA, KEC PRAGAAN, KAB SUMENEP', NULL, NULL, 11, NULL, NULL, '-7.0827829', '113.6621236', NULL, 1),
('2013210011', '2018-06-11 13:07:58', 'MOH RIFHANUL FAIZ MZ', 'KLOMPANG TIMUR, KEC PAKONG, KAB PAMEKASAN', '000000', 'l', 11, 130, '', '-7.0552794', '113.5698741', NULL, 1),
('2013210052', '2018-06-11 13:07:58', 'ERIZ SYAHPUTRA', 'JL VETERAN MUDA, PEDEMAWU, PAMEKASAN', NULL, NULL, 21, NULL, NULL, '-7.1653097', '113.4874764', NULL, 1),
('2013210081', '2018-06-11 13:07:58', 'FAIRI', 'DS. BULANGAN HAJI, Kec. PANGANTENAN, PAMEKASAN', NULL, NULL, 21, NULL, NULL, '-7.063433', '113.5103504', 'https://api.unira.ac.id/img/profil/mhs/2013210081.JPG', 1),
('2013210107', '2018-06-11 13:07:58', 'MOH FAIZAL', 'Dsn. PESISIR BARAT, DHARMA CAMPLONG, SAMPANG', NULL, NULL, 21, NULL, NULL, '-7.2118294', '113.3302557', NULL, 1),
('2013210143', '2018-06-11 13:07:58', 'DICKY AHMADI', 'BALU\'URAN, KARANG PENANG, SAMPANG', NULL, NULL, 21, NULL, NULL, '-7.0233839', '113.3704466', NULL, 1),
('2013210145', '2018-06-11 13:07:58', 'NURHOLIS', 'BAJANG, KEC PAKONG, KAB PAMEKASAN', NULL, NULL, 21, NULL, NULL, '-7.0508254', '113.5832661', NULL, 1),
('2013210147', '2018-06-11 13:07:58', 'MOH. MABRUR NUR SURYANSYAH', 'PADEMAWU TIMUR, KEC. PADEMAWU, KAB. PAMEKASAN', '000000', 'm', 11, 126, '', '-7.2380812', '113.516303', NULL, 1),
('2013210196', '2018-06-11 13:07:58', 'YUDHISTIRA NOOR RIADI', 'JL. P TRUNOJOYO Gg 07', NULL, NULL, 21, NULL, NULL, '-7.1746597', '113.4817167', NULL, 1),
('2013210197', '2018-06-25 12:21:37', 'YULIAN ALIF P', 'Jl. Jingga No.20, Rw. 02, Barurambat Kota, Kec. Pamekasan, Kabupaten Pamekasan, Jawa Timur 69317, Indonesia', 'Lewat Wartel', 'l', 21, 134, '', '-7.164117', '113.48574929999995', NULL, 1),
('2013210206', '2018-06-11 13:07:58', 'MOHAMMAD ALI IMRON', 'PADEMAWU TIMUR, KEC. PADEMAWU, KAB. PAMEKASAN', '3333333', 'xl', 21, 130, '', '-7.2380812', '113.516303', NULL, 1),
('2013210250', '2018-06-11 13:07:58', 'IWAN FALES', 'TANJUNG, KEC CAMPLONG, KAB SAMPANG', NULL, NULL, 21, NULL, NULL, '-7.2086273', '113.3897968', NULL, 1),
('2013220030', '2018-06-11 13:07:58', 'KHOTIM', 'KETAPANG BARAT, KETAPANG, SAMPANG', '082333099935', 'xl', 22, 123, 'Guru', '-6.9038825', '113.2692204', 'https://api.unira.ac.id/img/profil/mhs/2013220030.JPG', 1),
('2013220053', '2018-06-11 13:07:58', 'AHMAD MAHFUD', 'PASANGGAR PAGANTENAN PAMEKASAN', '082332903949', 'm', 22, 142, 'Wiraswasta', '-7.0236825', '113.4597505', 'https://api.unira.ac.id/img/profil/mhs/2013220053.JPG', 1),
('2013220067', '2018-06-11 13:07:58', 'RR. ANISA NURAINI PRIMASARI ', 'JL. VETRAN NO. 12 PAMEKASAN ', NULL, NULL, 22, NULL, NULL, '-7.1616466', '113.4869056', NULL, 1),
('2013220088', '2018-06-11 13:07:58', 'ABDUL KARIM', 'PAMOLA\'AN, CAMPLONG, SAMPANG', '082332123642', 'l', 22, 128, 'Mahasiswa ', '-7.1672923', '113.3436529', NULL, 1),
('2013220094', '2018-06-11 13:07:58', 'IQBAL FATHANI ', 'JL. VETRAN NO 12', NULL, NULL, 22, NULL, NULL, '-6.2607429', '106.7851992', NULL, 1),
('2013310002', '2018-06-11 13:07:58', 'AHMAD NAJIBURRAHMAN HARFIANTO', 'JL SERSAN MESRUL III A', '085231639764', 'xl', 31, 136, 'BNI', '-7.1533484', '113.4796517', NULL, 1),
('2013310153', '2018-06-11 13:07:58', 'MOHAMMAD YAHYA ', 'JL. BONOROGO KEC. PADEMAWU KAB. PAMEKASAN ', NULL, NULL, 31, NULL, NULL, '-7.1579249', '113.4966526', NULL, 1),
('2013310154', '2018-06-11 13:07:58', 'ROVI YULI CHADISWANTO', 'JL RAYA SUMENEP, KEC PADEMAWU, KAB PAMEKASAN', NULL, NULL, 31, NULL, NULL, '-7.1537868', '113.5069327', NULL, 1),
('2013310157', '2018-06-11 13:07:58', 'MOHAMMAD KOKO AMINULLAH', 'JL KH.HASAN SHINHAJI', NULL, NULL, 31, NULL, NULL, '-7.1662933', '113.4763993', NULL, 1),
('2013310167', '2018-06-11 13:07:58', 'IMAM ASSAROFI ', 'SEDDUR PAKONG PAMEKASAN ', NULL, NULL, 31, NULL, NULL, '-7.0306523', '113.563922', NULL, 1),
('2013510001', '2018-06-11 13:07:58', 'SENDI LEGIANTO ', 'PANGLEGUR, TLANAKAN, PAMEKASAN ', NULL, NULL, 51, NULL, NULL, '-7.1906111', '113.4686802', 'https://api.unira.ac.id/img/profil/mhs/2013510001.JPG', 1),
('2013510003', '2018-06-11 13:07:58', 'SYAMSUL ARIFIN ', 'DS. RAN PERANG LAOK, PROPPO', NULL, NULL, 51, NULL, NULL, '-7.1260155', '113.4374257', NULL, 1),
('2013510005', '2018-06-11 13:07:58', 'ARI JANUAR RAHMANTO', 'JL. BHAYANGKARA DS. LADEN PAMEKASAN ', NULL, NULL, 51, NULL, NULL, '-7.1747701', '113.4756988', NULL, 1),
('2013510006', '2018-06-11 13:07:58', 'ANTON PERMADI KASMURI E', 'DS. SAMATAN ', NULL, NULL, 51, NULL, NULL, '-7.1368678', '113.4448674', NULL, 1),
('2013510013', '2018-06-11 13:07:58', 'M. AINUL MUIN ', 'DS. TEJA TIMUR, KEC. PAMEKASAN, KAB. PAMEKASAN ', '085230247221', 'xl', 51, 168, '', '-7.1709193', '113.4627271', 'https://api.unira.ac.id/img/profil/mhs/2013510013.JPG', 1),
('2013510018', '2018-06-11 13:07:58', 'AKH FAISAL ALI', 'DS. PANYIRANGAN, KEC. PANGARENGAN SAMPANG', '000', 'l', 51, 130, '', '-7.177491', '113.1974099', 'https://api.unira.ac.id/img/profil/mhs/2013510018.JPG', 1),
('2013510021', '2018-06-11 13:07:58', 'R. ARIEF FEBRIYANTO', 'DS. DURBUK, KEC. PADEMAWU, KAB. PAMEKASAN ', '085336551671', 'l', 51, 120, '', '-7.1973584', '113.5058858', NULL, 1),
('2013510023', '2018-06-11 13:07:58', 'ICANG EKA RIYANTO', 'JL. BALAIKAMBANG V/7', NULL, NULL, 51, NULL, NULL, '-7.1598964', '113.4849102', NULL, 1),
('2013510028', '2018-06-11 13:07:58', 'RIFQY FACHRIAWAN', 'DS. WATUGALUH, KEC. DIWEK, KAB. JOMBANG', NULL, NULL, 51, NULL, NULL, '-7.5958328', '112.2115765', NULL, 1),
('2013510031', '2018-06-11 13:07:58', 'AMINUDDIN JAMIL ', 'PASONGSONGAN, PASONGSONGAN, SUMENEP', '082302398543', 'xl', 51, 120, 'Konsultan', '-6.9485479', '113.6561725', NULL, 1),
('2013520012', '2018-06-11 13:07:58', 'FIQI AZIZURRAHMAN', 'KADUARA BARAT, LARANGAN, PAMEKASAN', NULL, NULL, 52, NULL, NULL, '-7.1185796', '113.5996336', NULL, 1),
('2013520026', '2018-06-11 13:07:58', 'RENDY DIRGA HURI PERDANA PUTRA', 'JL. SYAMSUL ARIFIN SAMPANG ', NULL, NULL, 52, NULL, NULL, '-7.202603', '113.2456033', NULL, 1),
('2013610126', '2018-07-02 10:02:44', 'ASIQOTUL JANNAH', 'Karangdadak, Batu Karang, Camplong, Kabupaten Sampang, Jawa Timur 69281, Indonesia', '082331708042', 'xl', 61, 130, '-', '-7.2017043', '113.35556129999998', 'https://api.unira.ac.id/img/profil/mhs/2013610126.JPG', 1),
('2014110001', '2018-06-11 13:07:58', 'BAYU ALVIAN HIDAYAT ', 'JL. JOKOTOLE NO. 70 KEC. BARKOT ', NULL, NULL, 11, NULL, NULL, '-7.1619456', '113.4926865', NULL, 1),
('2014110002', '2018-06-11 13:07:58', 'SUBAIRI ', 'WARU BARAT WARU PAMEKASAN', NULL, NULL, 11, NULL, NULL, '-6.9495014', '113.5430891', 'https://api.unira.ac.id/img/profil/mhs/2014110002.JPG', 1),
('2014110004', '2018-06-11 13:07:58', 'ACHMAD FATONI', 'DS SUMEDANGAN, KEC PADEMAWU, KAB PAMEKASAN', NULL, NULL, 11, NULL, NULL, '-7.1836817', '113.5043977', NULL, 1),
('2014110005', '2018-06-11 13:07:58', 'MOH. SUKRON ABADI', 'BUNGBUNGAN KEC. BLUTO KAB. SUMENEP ', NULL, NULL, 11, NULL, NULL, '-7.0958852', '113.8123678', NULL, 1),
('2014110007', '2018-06-11 13:07:58', 'IMAM S ARIFIN ', 'SANA TENGAH PASEAN PAMEKASAN', NULL, NULL, 11, NULL, NULL, '-6.9563428', '113.6026095', NULL, 1),
('2014110011', '2018-06-11 13:07:58', 'IMAM HIDAYAT ', 'JL. VETERAN GG.4', '082334461235', 'xl', 11, 142, 'satpam', '-3.320829', '114.6035445', 'https://api.unira.ac.id/img/profil/mhs/2014110011.JPG', 1),
('2014110012', '2018-06-11 13:07:58', 'ABDUL HALIM ', 'TLAMBAH KEC. KARANG PENANG KAB. SAMPANG', NULL, NULL, 11, NULL, NULL, '-7.0357122', '113.3734236', NULL, 1),
('2014110015', '2018-06-11 13:07:58', 'SULHAN HAMID ', 'DESA TOBAI TENGAH KEC. SOKOBANAH KAB. SAMPANG ', NULL, NULL, 11, NULL, NULL, '-6.9814204', '113.3615155', 'https://api.unira.ac.id/img/profil/mhs/2014110015.JPG', 1),
('2014110016', '2018-06-11 13:07:58', 'RIFKI YADI ', 'PALENGAAN DAJA KEC. PALENGAAN KAB. PAMEKASAN', NULL, NULL, 11, NULL, NULL, '-7.0355469', '113.4240305', NULL, 1),
('2014110018', '2018-06-11 13:07:58', 'ACH. SHOFI JAILANI ', 'BLUMBUNGAN PAMEKASAN', NULL, NULL, 11, NULL, NULL, '-7.1210284', '113.507374', NULL, 1),
('2014110019', '2018-06-11 13:07:58', 'ABD RAHMAN', 'PANAAN, KEC PALENGAAN, KAB PAMEKASAN', NULL, NULL, 11, NULL, NULL, '-7.096246', '113.4567739', NULL, 1),
('2014110026', '2018-06-11 13:07:58', 'ARIFIN', 'DESA APAAN KEC. PANGARENGAN KAB. SAMPANG', NULL, NULL, 11, NULL, NULL, '-7.2089154', '113.1739351', 'https://api.unira.ac.id/img/profil/mhs/2014110026.JPG', 1),
('2014110027', '2018-06-11 13:07:58', 'ACHMAD ARDIANSYAH ', 'DESA POLAGAN, KEC. GALIS KAB.PAMEKASAN', '082231044808', 'xl', 11, 3157, 'Driver Ojek online', '-7.1451564', '113.5698741', NULL, 1),
('2014110032', '2018-06-11 13:07:58', 'FAIRUS ZABADY', 'SAMPANG KOTA', NULL, NULL, 11, NULL, NULL, '-7.1910561', '113.2475649', NULL, 1),
('2014110033', '2018-06-11 13:07:58', 'MUSAWWIR ANNUR KARIM', 'JL. P. TRUNOJOYO GG.6/174 PATEMON PAMEKASAN', '088217275119', 'l', 11, 140, '', '-7.1706138', '113.481672', 'https://api.unira.ac.id/img/profil/mhs/2014110033.JPG', 1),
('2014110037', '2018-06-11 13:07:58', 'ANGGA LAKSANA ADI PUTRA ', 'DESA BARURAMBAT TIMUR, KEC. PADEMAWU KAB. PAMEKASAN', '082332131784', 'xl', 11, 142, '', '-7.168148', '113.4910039', NULL, 1),
('2014110041', '2018-06-11 13:07:58', 'IBRAHIM AZIS ', 'JL. BARISAN INDAH BLOK V/13 SAMPANG', NULL, NULL, 11, NULL, NULL, '-7.1833062', '113.239019', NULL, 1),
('2014110047', '2018-06-11 13:07:58', 'CHOIRUDDIN EFENDI', 'PANDIYANGAN, KEC ROBATAL, KAB SAMPANG', NULL, NULL, 11, NULL, NULL, '-6.9737384', '113.2692204', 'https://api.unira.ac.id/img/profil/mhs/2014110047.JPG', 1),
('2014115003', '2018-06-11 13:07:58', 'FARIZ EL FURQONI ', 'JL.BASAR KEC. BUGIH KAB. PAMEKASAN', NULL, NULL, 11, NULL, NULL, '-7.1538171', '113.4643261', 'https://api.unira.ac.id/img/profil/mhs/2014115003.JPG', 1),
('2014210002', '2018-06-11 13:07:58', 'AL MUTAABBIB BILLAH', 'KLAMPAR, PROPPO, PAMEKASAN', NULL, NULL, 21, NULL, NULL, '-7.1322427', '113.4612388', 'https://api.unira.ac.id/img/profil/mhs/2014210002.JPG', 1),
('2014210004', '2018-06-11 13:07:58', 'RIAN KADA RISMAN', 'DS. MURTAJIH, KEC. PADEMAWU, KAB. PAMEKASAN', NULL, NULL, 21, NULL, NULL, '-7.1733576', '113.5103504', NULL, 1),
('2014210005', '2018-06-11 13:07:58', 'ANISSA KUMALA DEWI', 'DS. BULENG, KEC. TORJUN, KAB. SAMPANG', '085232670192', 'm', 21, 139, '', '-7.1214408', '113.240934', NULL, 1),
('2014210006', '2018-06-11 13:07:58', 'ANDRE DWI PRADANA PUTRA', 'JLN. GHAZALI', '087850127375', 'xl', 21, 133, 'Dinas perdagangan', '32.8470047', '-97.0131753', NULL, 1),
('2014210007', '2018-06-11 13:07:58', 'FERDY RACHMAD KURNIAWAN', 'JL GHAZALI, KEC PAMEKASAN, KAB PAMEKASAN', '082333413220', 'l', 21, 139, 'Wiraswasta (percetakan) ', '-7.1614693', '113.4718219', NULL, 1),
('2014210008', '2018-06-11 13:07:58', 'KHAIRUL ANAM', 'WARI, Kec. WARU, PAMEKASAN', NULL, NULL, 21, NULL, NULL, '-6.9734771', '113.5609459', NULL, 1),
('2014210009', '2018-06-11 13:07:58', 'INAYATUL JANNAH ', 'JL. RAYA SUMBER WARU 1 KEC. WARU KAB. PAMEKASAN', '083850155843', 'm', 21, 184, '', '-6.9373092', '113.557178', 'https://api.unira.ac.id/img/profil/mhs/2014210009.JPG', 1),
('2014210011', '2018-06-11 13:07:58', 'GHULAM FAJRI', 'JL. MASJID BAGANDAN PAMEKASAN', '085335222286', 'l', 21, 133, '', '-7.1597108', '113.4708295', NULL, 1),
('2014210012', '2018-06-11 13:07:58', 'HOLILURROHMAN', 'PASANGGAR, KEC PAGANTENAN, KAB PAMEKASAN', '081806283773', 'l', 21, 184, '', '-7.0236825', '113.4597505', 'https://api.unira.ac.id/img/profil/mhs/2014210012.JPG', 1),
('2014210013', '2018-06-11 13:07:58', 'SELFI AGUSTIN', 'DS. PREKBUN PADEMAWU KAB PAMEKASAN', NULL, NULL, 21, NULL, NULL, '-7.2028446', '113.4969567', NULL, 1),
('2014210015', '2018-06-11 13:07:58', 'KHOIRUL ANAM', 'BLUMBUNGAN, KEC LARANGAN KAB PAMEKASAN', NULL, NULL, 21, NULL, NULL, '-7.1210284', '113.507374', NULL, 1),
('2014210018', '2018-06-11 13:07:58', 'ZAINUL GHAZI ALKARIM', 'PRAGAAN, SIMENEP', '62 852-5874-4897', 'xl', 21, 127, '', '-7.0880911', '113.6561725', NULL, 1),
('2014210019', '2018-06-11 13:07:58', 'WINDAYANI SARI', 'JL KANGENAN GG 1', NULL, NULL, 21, NULL, NULL, '-7.1796663', '113.4822858', NULL, 1),
('2014210020', '2018-06-11 13:07:58', 'EDY SUPRIYADI', 'CAMPLONG, KEC CAMPLONG, KAB SAMPANG', NULL, NULL, 21, NULL, NULL, '-7.1846561', '113.34663', NULL, 1),
('2014210021', '2018-06-11 13:07:58', 'KHOLILULLAH', 'PRAGAAN, SUMENEP', NULL, NULL, 21, NULL, NULL, '-7.0880911', '113.6561725', NULL, 1),
('2014210023', '2018-06-11 13:07:58', 'PUTRA RAHMATULLAH AKBAR', 'PANINGGIN, KEC PADEMAWU, KAB PAMEKASAN', NULL, NULL, 21, NULL, NULL, '-7.1731062', '113.5100677', NULL, 1),
('2014210024', '2018-06-11 13:07:58', 'EFENDI RIADI', 'DS JARIN, PADEMAWU, PAMEKASAN', NULL, NULL, 21, NULL, NULL, '-7.2140237', '113.4984449', NULL, 1),
('2014210027', '2018-06-11 13:07:58', 'MUHLAS ', 'BLU\'URAN KARANG PENANG SAMPANG', NULL, NULL, 21, NULL, NULL, '-7.0563198', '113.3615155', NULL, 1),
('2014210028', '2018-06-11 13:07:58', 'SRI WAHYUNI ', 'KRAMPON TIIMUR, TORJUN, SAMPANG', NULL, NULL, 21, NULL, NULL, '-7.1655157', '113.1888243', NULL, 1),
('2014210029', '2018-06-11 13:07:58', 'SELVIANA SARASWATI', 'Dsn . MANGUNAN, DS. PADEMAWUMU TIMUR, KEC. PADEMAWU, KAB. PAMEKASAN', NULL, NULL, 21, NULL, NULL, '-7.1980882', '113.5386249', 'https://api.unira.ac.id/img/profil/mhs/2014210029.JPG', 1),
('2014210031', '2018-06-11 13:07:58', 'PURWAN ARIANTO', 'DS. MONTOK, KEC. LARANGAN, KAB. PAMEKASAN', '082335984388', 'xl', 21, 184, 'karyawan BMI', '-7.129528', '113.5817781', NULL, 1),
('2014210032', '2018-06-11 13:07:58', 'FITROH', 'DSN LENGSER, DS DHARMA CAMPLONG SAMPANG', '082337174304', 'm', 21, 133, 'SPPBE PT.Asa Perkasa Abimulya Sejati', '-7.1999991', '113.3406758', NULL, 1),
('2014210034', '2018-06-11 13:07:58', 'HOZAIBUL', 'DS. RAMPENANG', NULL, NULL, 21, NULL, NULL, '-7.0233839', '113.3704466', NULL, 1),
('2014210035', '2018-06-11 13:07:58', 'R NAUFAL FIRDAUS', 'JL PINTU GERBANG GG.4A NO.32', '082330977790', 'm', 21, 139, '', '-7.1534069', '113.473487', NULL, 1),
('2014210036', '2018-06-11 13:07:58', 'SIGIT SURYANA', 'JL. MESIGIT NO 7 KEC. PAMEKASAN, KAB. PAMEKASAN', '085330416407', 'xl', 21, 184, '-', '-7.1607595', '113.4817728', 'https://api.unira.ac.id/img/profil/mhs/2014210036.JPG', 1),
('2014210037', '2018-06-11 13:07:58', 'FARIZ IQBAAL MAULANA M', 'DS PASONGSONGAN, SUMENEP', '082334909797', 'l', 21, 136, '', '-6.9485479', '113.6561725', 'https://api.unira.ac.id/img/profil/mhs/2014210037.JPG', 1),
('2014210040', '2018-06-11 13:07:58', 'FITRIYAH RACHMADANI', 'DS PANGLEGUR, KEC TLANAKAN, KAB PAMEKASAN', NULL, NULL, 21, NULL, NULL, '-7.1906111', '113.4686802', 'https://api.unira.ac.id/img/profil/mhs/2014210040.JPG', 1),
('2014210041', '2018-06-11 13:07:58', 'ABD. WAHED MAULANA S', 'DS. NYALABUH LAOK', '085259902033', 'm', 21, 184, 'Mahasiswa', '-7.1472423', '113.4612388', NULL, 1),
('2014210044', '2018-06-11 13:07:58', 'RIO HENDRA CAHYADI', 'DS GRUJUGAN, KEC LARANGAN, KAB PAMEKASAN', '087750466774', 'xl', 21, 133, '', '-7.136338', '113.5363927', NULL, 1),
('2014210045', '2018-06-11 13:07:58', 'OLIVIA YOLANDA WIDJAJA', 'DS MORLAOK, KEC BLEGA, KAB BANGKALAN', NULL, NULL, 21, NULL, NULL, '-7.130377', '113.0711915', 'https://api.unira.ac.id/img/profil/mhs/2014210045.JPG', 1),
('2014210046', '2018-06-11 13:07:58', 'MUHAMMAD ROIS', 'GULBUNG, PANGARENGAN, SAMPANG', NULL, NULL, 21, NULL, NULL, '-7.2076452', '113.1977576', 'https://api.unira.ac.id/img/profil/mhs/2014210046.JPG', 1),
('2014210047', '2018-06-11 13:07:58', 'HENDRI ARIFIN', 'KARANG PENANG OLOH, KEC KARANG PENANG, KAB SAMPANG', NULL, NULL, 21, NULL, NULL, '-6.9875078', '113.3883084', 'https://api.unira.ac.id/img/profil/mhs/2014210047.JPG', 1),
('2014210048', '2018-06-11 13:07:58', 'MIFTAHOL AMIN', 'TLON RAJA, PASEAN, PAMEKASAN', '085859860119', 'l', 21, 134, '', '-6.9124678', '113.584754', NULL, 1),
('2014210049', '2018-06-11 13:07:58', 'ALFIAN HADI', 'WARU, Kec. WARU, PAMEKASAN', '081333542002', 'xl', 21, 184, 'Wiraswatsa', '-6.943189', '113.547798', NULL, 1),
('2014210053', '2018-06-11 13:07:58', 'RYNA CHINTIA DWI NOVELLIA', 'DS PANGLEGUR, KEC TLANAKAN, KAB PAMEKASAN', NULL, NULL, 21, NULL, NULL, '-7.1906111', '113.4686802', 'https://api.unira.ac.id/img/profil/mhs/2014210053.JPG', 1),
('2014210054', '2018-06-11 13:07:58', 'YULIADIKA PUTRI SARI', 'JL. WILIS SAMPANG', NULL, NULL, 21, NULL, NULL, '-7.1962131', '113.2590478', NULL, 1),
('2014210055', '2018-06-11 13:07:58', 'AINUL YAQIN', 'TANJUNG, CAMPLONG, SAMPANG', NULL, NULL, 21, NULL, NULL, '-7.2086273', '113.3897968', NULL, 1),
('2014210058', '2018-06-11 13:07:58', 'FIRMAN HIDAYAT', 'DS. BUDDANGAN, PADEMAWU, PAMEKASAN', '+6281938166668', 'm', 21, 133, '', '-7.1586764', '113.5043977', NULL, 1),
('2014210059', '2018-06-11 13:07:58', 'EVI TRINDIA WULANDARI', 'JL. BRAWIJAYA, Kec. JUCANCANG, Kab. PAMEKASAN', NULL, NULL, 21, NULL, NULL, '-7.1600019', '113.4755629', NULL, 1),
('2014210060', '2018-06-11 13:07:58', 'GILANG ADITA', 'PALENGAAN LAOK PAMEKASAN', '082331077716', 'l', 21, 139, '', '-7.0561494', '113.4121233', NULL, 1),
('2014210062', '2018-06-11 13:07:58', 'ABD. WAHED', 'LARANGAN LUAR, KEC. LARANGAN, PAMEKASAN', NULL, NULL, 21, NULL, NULL, '-7.1061507', '113.5520176', NULL, 1),
('2014210063', '2018-06-11 13:07:58', 'ABDUL KADIR JAILANI', 'JL KADUARA BARAT, PEMEKASAN', '+6282332994137', 'l', 21, 134, '', '-7.130873', '113.5978798', NULL, 1),
('2014210066', '2018-06-11 13:07:58', 'DESY FEBRIANI', 'JL STADION 117, KEC PADEMAWU, PAMEKASAN', '082331302676', 'l', 21, 184, '', '-7.1548931', '113.4892481', NULL, 1),
('2014210067', '2018-06-11 13:07:58', 'RIA ARLIANI', 'JL. BHAYANGKARA, KEC. PAMEKASAN, KAB. PAMEKASAN', '082333502022', 'm', 21, 139, '', '-7.1747701', '113.4756988', NULL, 1),
('2014210068', '2018-06-11 13:07:58', 'NOVITA HANDAYANI', 'JALAN GHAZALI, JUNCANCANG, PAMEKASAN', '082332936775', 'l', 21, 133, '', '-7.1614693', '113.4718219', NULL, 1),
('2014210071', '2018-06-11 13:07:58', 'DINI ARYANI HASANAH ', 'JL MANDILARAS NO 68, KEC PAMEKASAN, KAB PAMEKASAN', '082333216756', 'l', 21, 139, '', '-7.1551547', '113.482113', NULL, 1),
('2014210072', '2018-06-11 13:07:58', 'MOHAMMAD NUR AMIN ICHSAN', 'JL. TEJA RT. 02 RW. 03 PAMEKASAN', NULL, NULL, 21, NULL, NULL, '-7.1694007', '113.4796068', 'https://api.unira.ac.id/img/profil/mhs/2014210072.JPG', 1),
('2014210073', '2018-06-11 13:07:58', 'ULFA SAFITRI', 'DS. AENG SAREH, KEC. SAMPANG, KAB. SAMPANG', '085259640898', 'm', 21, 133, '', '-7.2090394', '113.2186017', NULL, 1),
('2014210074', '2018-06-11 13:07:58', 'DEDY WAHYUDI S', 'BUNG BARUH, KADUR, PAMEKASAN', NULL, NULL, 21, NULL, NULL, '-7.0795967', '113.5817781', NULL, 1),
('2014210075', '2018-06-11 13:07:58', 'SALIMAN', 'PINGGIR PAPASN KALIANGET, SUMENEP', NULL, NULL, 21, NULL, NULL, '-7.069241', '113.8673969', 'https://api.unira.ac.id/img/profil/mhs/2014210075.JPG', 1),
('2014210077', '2018-06-11 13:07:58', 'RYAN ALFIAN ', 'JL. JOKOTOLE, Kec. PADEMAWU. Kab. PAMEKASAN', '081939322367', 'l', 21, 184, '', '-7.1619456', '113.4926865', NULL, 1),
('2014210078', '2018-06-11 13:07:58', 'JANNATUL AMALIA', 'DS. BRANTA PESISIR, Krc. TLANAKAN, Kab. PAMEKASAN ', NULL, NULL, 21, NULL, NULL, '-7.2197702', '113.4500765', 'https://api.unira.ac.id/img/profil/mhs/2014210078.JPG', 1),
('2014210080', '2018-06-11 13:07:58', 'ILHAM AKBAR', 'JL P TRUNOJOYO 307', '085130362624', 'l', 21, 136, '', '-7.1803277', '113.4791557', 'https://api.unira.ac.id/img/profil/mhs/2014210080.JPG', 1),
('2014210081', '2018-06-11 13:07:58', 'AINUR ROFIK', 'DS DANAN, PANGARENGAN, SAMPANG', NULL, NULL, 21, NULL, NULL, '-7.1956302', '113.161986', 'https://api.unira.ac.id/img/profil/mhs/2014210081.JPG', 1),
('2014210082', '2018-06-11 13:07:58', 'HUSEIN NOR ASY\'ARI', 'JL. SUHADEK, SAMPANG, SAMPANG', NULL, NULL, 21, NULL, NULL, '-7.1927764', '113.254245', NULL, 1),
('2014210086', '2018-06-11 13:07:58', 'INDIRA PARAMITA', 'JL. KH COKROATMOJO KAB PAMEKASAN', '085231277009', 'm', 21, 184, '', '-7.1632538', '113.4795087', NULL, 1),
('2014210088', '2018-06-11 13:07:58', 'ZAIDUL MAKRUF', 'TANJUNG PADEMAWU PAMEKASAN', NULL, NULL, 21, NULL, NULL, '-7.2191083', '113.5430891', NULL, 1),
('2014210090', '2018-06-11 13:07:58', 'MOH SODIK', 'KOTA SAMPANG, KEC SAMPANG, KAB SAMPANG', NULL, NULL, 21, NULL, NULL, '-7.1910561', '113.2475649', NULL, 1),
('2014210095', '2018-06-11 13:07:58', 'MOH DAFIR', 'TEBUL TIMUR, KEC PAGANTENAN, KAB PAMEKASAN', '082337919838', 'm', 21, 184, '', '-7.0288126', '113.5043977', NULL, 1),
('2014210096', '2018-06-11 13:07:58', 'ACH SUWANDI', 'SANA TENGAH, PASEAN, PAMEKASAN', NULL, NULL, 21, NULL, NULL, '-6.9563428', '113.6026095', NULL, 1),
('2014210098', '2018-06-11 13:07:58', 'SULTAN MAULANA', 'JL JINGGA PAMEKASAN', NULL, NULL, 21, NULL, NULL, '-7.1632498', '113.4860219', NULL, 1),
('2014210099', '2018-06-11 13:07:58', 'BADRUS SALEH', 'POTOAN LAOK, PALENGAAN, PAMEKASAN', NULL, NULL, 21, NULL, NULL, '-7.0896051', '113.4642154', NULL, 1),
('2014210100', '2018-06-11 13:07:58', 'AGUS MAULIDI ', 'JL. DIRGAHAYU PAMEKASAN', '082337165551', 'm', 21, 184, '', '-7.1490892', '113.4622449', NULL, 1),
('2014210102', '2018-06-11 13:07:58', 'ARI WIRYONO', 'JL. KERAMAT 1 , SAMPANG, SAMPANG', NULL, NULL, 21, NULL, NULL, '-7.1939017', '113.2345717', 'https://api.unira.ac.id/img/profil/mhs/2014210102.JPG', 1),
('2014210103', '2018-06-11 13:07:58', 'SAYYIDAH', 'DS LEPELLE, KEC TOBATAL, KAB SAMPANG', '085231055858', 'm', 21, 133, '', '-7.021196', '113.3168582', 'https://api.unira.ac.id/img/profil/mhs/2014210103.JPG', 1),
('2014210104', '2018-06-11 13:07:58', 'NUR LAILI', 'JL. PERMATA, KEC. SAMPANG, KAB. SAMPANG', NULL, NULL, 21, NULL, NULL, '-7.2104582', '113.2551797', NULL, 1),
('2014210105', '2018-06-11 13:07:58', 'SRI WAHYUNINGSIH ', 'JL. DIPONEGORO Gg I Kec. SAMPANG, Kab. SAMPANG', NULL, NULL, 21, NULL, NULL, '-7.2104457', '113.2605198', 'https://api.unira.ac.id/img/profil/mhs/2014210105.JPG', 1),
('2014210107', '2018-06-11 13:07:58', 'NUR HAYATI', 'DS JADUNG, KEC. PRAGAAN KAB SUMENEP', '082337404430', 'm', 21, 184, '', '-7.1010454', '113.6472457', 'https://api.unira.ac.id/img/profil/mhs/2014210107.JPG', 1),
('2014210108', '2018-06-11 13:07:58', 'RAY ARISANDI', 'KERTAGENAH LAOK, KADUR, PAMEKASAN', '082337878365', 'l', 21, 139, '', '-7.1017939', '113.6100491', 'https://api.unira.ac.id/img/profil/mhs/2014210108.JPG', 1),
('2014210109', '2018-06-11 13:07:58', 'MAFTUHATUR ROFIAH', 'PAKONG, PAMEKASAN', '085331327332', 'm', 21, 184, '', '-7.033304', '113.5609459', NULL, 1),
('2014210110', '2018-06-11 13:07:58', 'NUR FADILAH ', 'JL. BAYANGKARA DS. LADEN, KRC. PAMEKASAN, KAB. PAMEKASAN', '085231234001', 'l', 21, 184, '', '-7.1747701', '113.4756988', NULL, 1),
('2014210111', '2018-06-11 13:07:58', 'M. AGAM MAULANA SYARIZ', 'JL VETRAN 151B KEC PADEMAWU KAB PAMEKASAN', NULL, NULL, 21, NULL, NULL, '-7.1669423', '113.4875619', NULL, 1),
('2014210113', '2018-06-11 13:07:58', 'TRI WAHYUNINGSIH', 'DS. SENTOL, KEC. PADEMAWU, KAB. PAMEKASAN ', NULL, NULL, 21, NULL, NULL, '-7.1436782', '113.5043977', NULL, 1),
('2014210115', '2018-06-11 13:07:58', 'ALI FAHMI RAHMAN', 'DS. PAKAMBAN LAOK, KEC. PRAGAAN. KAB. SUMENEP', '085231267173', 'xl', 21, 184, 'ojek online', '-7.1163396', '113.6412944', NULL, 1),
('2014210119', '2018-06-11 13:07:58', 'ELDA FEBRI APRILLI DEAGIL ISMAIL', 'JL. DIRGAHAYU NO. 141 KEC. PAMEKASAN, KAB. PAMEKASAN', NULL, NULL, 21, NULL, NULL, '-7.1536305', '113.4691629', NULL, 1),
('2014210120', '2018-06-11 13:07:58', 'ZAINAL ABIDIN', 'BUNG BARUH KADUR PAMEKASAN', '085336738606', 'l', 21, 139, 'Ternak ayam pedaging', '-7.0795967', '113.5817781', NULL, 1),
('2014210124', '2018-06-11 13:07:58', 'HUSIN', 'JL RAYA JAMALUDDIN, SAMPANG', NULL, NULL, 21, NULL, NULL, '-7.1872558', '113.238476', NULL, 1),
('2014210125', '2018-06-11 13:07:58', 'FAIRUS ABADI', 'JL. MUTIARA SAMPANG', NULL, NULL, 21, NULL, NULL, '-7.2059813', '113.2557745', NULL, 1),
('2014210126', '2018-06-11 13:07:58', 'SITI NIWAYROH', 'JL. PERKUTUT Kec. SAMPANG, Kab. SAMPANAG', NULL, NULL, 21, NULL, NULL, '-7.1902617', '113.2447915', NULL, 1),
('2014210128', '2018-06-11 13:07:58', 'ACH FAIZAL', 'KOWEL DAYA', NULL, NULL, 21, NULL, NULL, '-7.1486904', '113.5003655', NULL, 1),
('2014210131', '2018-06-11 13:07:58', 'MIA NUR ZAENA', 'JL JOKOTOLE PERMAI PAMEKASAN', '085232065889', 'm', 21, 184, '', '-7.1615212', '113.4945938', NULL, 1),
('2014210132', '2018-06-11 13:07:58', 'LISA NOER GHONIYAH W', 'JL TORJUN SAMPANG', NULL, NULL, 21, NULL, NULL, '-7.1903196', '113.2187432', 'https://api.unira.ac.id/img/profil/mhs/2014210132.JPG', 1),
('2014210133', '2018-06-11 13:07:58', 'FAISOL AMIR ', 'KOWEL , PAMEKASAN ', NULL, NULL, 21, NULL, NULL, '-7.1346381', '113.4865392', NULL, 1),
('2014210134', '2018-06-11 13:07:58', 'SULTON DARUSSALAM', 'PANGGILEN 1, SAMPANG, SAMPANG', NULL, NULL, 21, NULL, NULL, '-7.5617202', '109.203314', NULL, 1),
('2014210135', '2018-06-11 13:07:58', 'INTAN PUSPITA SARI', 'JL PERUMAHAN TAMBUNG', '085331337057', 'm', 21, 184, '', '-6.2737337', '107.0550644', NULL, 1),
('2014210136', '2018-06-11 13:07:58', 'JUFRIADI M BUDIMAN', 'TANJUNG, CAMPLONG, SAMPANG', NULL, NULL, 21, NULL, NULL, '-7.2086273', '113.3897968', NULL, 1),
('2014210137', '2018-06-11 13:07:58', 'RIZA GUSTYANA ATMY', 'JL RAYA PANGLEGUR KM 3,5 PAMEKASAN', '082227538918', 'm', 21, 139, '', '-7.1918417', '113.47566', NULL, 1),
('2014210138', '2018-06-11 13:07:58', 'MOH MUEHLIS', 'JL JALMAK, KEC PAMEKASAN, KAB PAMEKASAN', '085233711151', 'm', 21, 139, '', '-7.1759012', '113.4687968', NULL, 1),
('2014210139', '2018-06-11 13:07:58', 'NOVI KUSTIYAH ', 'RABASAN, CAMPLONG, SAMPANG', NULL, NULL, 21, NULL, NULL, '-7.1786926', '113.3644925', NULL, 1),
('2014210140', '2018-06-11 13:07:58', 'SITI ANISIYAH', 'DS. BAJUR, WARU, PAMEKASAN', '082331226322', 'm', 21, 184, '', '-7.0074257', '113.5788021', NULL, 1),
('2014210141', '2018-06-11 13:07:58', 'NUR CHOLIS ALAMY', 'VETRAN, KEC PADEMAWU, KAB PAMEKASAN', NULL, NULL, 21, NULL, NULL, '-7.1653097', '113.4874764', NULL, 1),
('2014210142', '2018-06-11 13:07:58', 'DEDY IRAWAN', 'BINDUNG II KEC LENTENG KAB SUMENEP', '085330240460', 'm', 21, 133, 'Dagang ayam pedaging', '-7.0241801', '113.7558453', NULL, 1),
('2014210143', '2018-06-11 13:07:58', 'MIFTAHUL ARIFIN', 'PANGLEGUR PAMEKASAN', NULL, NULL, 21, NULL, NULL, '-7.1906111', '113.4686802', 'https://api.unira.ac.id/img/profil/mhs/2014210143.JPG', 1),
('2014210145', '2018-06-11 13:07:58', 'QORIATUL FITRIYAH', 'DS. KAPONG, BATU MARMAR, PAMEKASAN', NULL, NULL, 21, NULL, NULL, '-6.9032758', '113.5222556', 'https://api.unira.ac.id/img/profil/mhs/2014210145.JPG', 1),
('2014210148', '2018-06-11 13:07:58', 'MARYAM', 'Dsn. GUBBU TIMUR, DS. RAGUNG, KEC. PANGARENGAN, SAMPANG', NULL, NULL, 21, NULL, NULL, '-7.1700726', '113.1501117', NULL, 1),
('2014210151', '2018-06-11 13:07:58', 'MAGHFIRAH', 'BUDDANGAN, PADEMAWU, PAMEKASAN', '085330785857', 'm', 21, 184, '', '-7.1586764', '113.5043977', NULL, 1),
('2014210152', '2018-06-11 13:07:58', 'MOH HUDAWI', 'PLAKPAK, KEC PAGANTENAN, KAB PAMEKASAN', '082302527898', 'l', 21, 134, '', '-7.0923225', '113.4835627', NULL, 1),
('2014210153', '2018-06-11 13:07:58', 'CATUR MIGATI', 'JL MASJID PATEMON. GG 3, KEL PAMEKASAN, KAB PAMEKASAN', '+6281336968369', 'm', 21, 139, '', '-7.1699636', '113.4809902', NULL, 1),
('2014210154', '2018-06-11 13:07:58', 'IKA LAILATUL FIRDAYANA', 'JL. JALMAK Kec. PAMEKASAN, Kab. PAMEKASAN', '082302037479', 'l', 21, 184, '', '-7.1759012', '113.4687968', 'https://api.unira.ac.id/img/profil/mhs/2014210154.JPG', 1),
('2014210157', '2018-06-11 13:07:58', 'TOMY PUTRA DHARMAWAN', 'PELIANG SAMPANG (BARISAN)', NULL, NULL, 21, NULL, NULL, '-7.0402326', '113.2394452', 'https://api.unira.ac.id/img/profil/mhs/2014210157.JPG', 1),
('2014210160', '2018-06-11 13:07:58', 'FAISOL UMAM', 'KLOMPANG TIMUR, PAKONG, PAMEKASAN', NULL, NULL, 21, NULL, NULL, '-7.0552794', '113.5698741', NULL, 1),
('2014210162', '2018-06-11 13:07:58', 'AFIF AMRULLAH', 'PAMOROH, KADUR, PAMEKASAN', '085331997119', 'm', 21, 131, '', '-7.0804326', '113.5192793', NULL, 1),
('2014210165', '2018-06-11 13:07:58', 'NURHAYATI', 'DS. BANJAR TABULU, KEC. CAMPLONG, KAB. SAMPANG', NULL, NULL, 21, NULL, NULL, '-7.1885945', '113.3198354', NULL, 1),
('2014210166', '2018-06-11 13:07:58', 'WINDY YULIANDARI ', 'JL. STADION, Gang 1', '082331128096', 'xl', 21, 184, 'Customer Bank', '-7.1599559', '113.4859837', NULL, 1),
('2014210167', '2018-06-11 13:07:58', 'MOHAMMAD RUDI', 'DS. BAJUNG KEC. PAKONG, KAB. PAMEKASAN', '082337917910', 'm', 21, 139, '', '-7.0508254', '113.5832661', NULL, 1),
('2014210168', '2018-06-11 13:07:58', 'ILHAM CATUR PRASETIYA', 'PADEMAWU TIMUR, KEC. PADEMAWU, KAB. PAMEKASAN', NULL, NULL, 21, NULL, NULL, '-7.2380812', '113.516303', NULL, 1),
('2014210169', '2018-06-11 13:07:58', 'ALI IMRON', 'JL. KRAMAT 1 , SAMPANG, SAMPANG', NULL, NULL, 21, NULL, NULL, '-7.1935202', '113.2271436', 'https://api.unira.ac.id/img/profil/mhs/2014210169.JPG', 1),
('2014210170', '2018-06-11 13:07:58', 'M. WAHYUDI', 'DS BATUKERBUYN KEC PASEAN, KAB PAMEKASAN', NULL, NULL, 21, NULL, NULL, '-6.8966079', '113.6026095', NULL, 1),
('2014210171', '2018-06-11 13:07:58', 'SUHARTADI', 'JL SINHAJI NO.64, PAMEKASAN', '085230220314', 'xl', 21, 137, 'mahasiswa', '-7.1621287', '113.4755395', NULL, 1),
('2014210173', '2018-06-11 13:07:58', 'A RUDI YANTO', 'PRAGAAN, PRAGAAN LAOK PRAGAAN , SUMENEP', NULL, NULL, 21, NULL, NULL, '-7.1103873', '113.6591481', NULL, 1),
('2014210175', '2018-06-11 13:07:58', 'DESY SHINTIA DEWI', 'JL KANGENAN, KEC PAMEKASAN, KAB PAMEKASAN', '+6281944839749', 'm', 21, 133, '', '-7.180931', '113.4874331', 'https://api.unira.ac.id/img/profil/mhs/2014210175.JPG', 1),
('2014210176', '2018-06-11 13:07:58', 'HASBULLAH', 'MADULANG, KEC OMBEN, KAB SAMPANG', NULL, NULL, 21, NULL, NULL, '-7.1366303', '113.3555613', NULL, 1),
('2014210178', '2018-06-11 13:07:58', 'HOZAIMAH', 'SUMBER WARU 1, WARU, PAMEKASAN', NULL, NULL, 21, NULL, NULL, '-7.0084575', '113.5356487', NULL, 1),
('2014210182', '2018-06-11 13:07:58', 'SULASTRI DEWI', 'KADUARA TIMUR, PRAGAAN, SUMENEP', NULL, NULL, 21, NULL, NULL, '-7.1167717', '113.6100491', NULL, 1),
('2014210183', '2018-06-11 13:07:58', 'BUHORI', 'DS BUJUR TENGAH, KEC BATU MARMAR PAMEKASAN', '082333546118', 'm', 21, 134, 'mahasiswa', '-6.991872', '113.4954685', NULL, 1),
('2014210184', '2018-06-11 13:07:58', 'HABIBAH', 'BUJUR BARAT, BATU MAR-MAR, PAMEKASAN', NULL, NULL, 21, NULL, NULL, '-6.9731749', '113.4716567', 'https://api.unira.ac.id/img/profil/mhs/2014210184.JPG', 1),
('2014210187', '2018-06-11 13:07:58', 'SIRAJUDDIN ', 'DESA TRASAK KEC. LARANGAN  KAB. PAMEKASAN ', '085331466791', 'l', 21, 134, '', '-7.1274078', '113.5282081', NULL, 1),
('2014210188', '2018-06-11 13:07:58', 'HIDAYAH FILA RAMADHAN', 'JL RAYA TEJA GG II', '081259926452', 'm', 21, 184, 'Mahasiswa', '29.993982', '-95.1003699', NULL, 1),
('2014210189', '2018-06-11 13:07:58', 'IQBAL HIDAYATULLAH', 'DS. PAMOLAAN, KEC CAMPLONG, KAB. SAMPANG', '085230520005', 'l', 21, 134, 'Mahasiswa', '-7.1672923', '113.3436529', NULL, 1),
('2014210190', '2018-06-11 13:07:58', 'TORIQUN NURIL ANWAR', 'DS BANDARAN, KEC TLANAKAN, KAB PAMEKASAN', NULL, NULL, 21, NULL, NULL, '-7.2041504', '113.4031928', 'https://api.unira.ac.id/img/profil/mhs/2014210190.JPG', 1),
('2014210194', '2018-06-11 13:07:58', 'QURRATUA\'YUN', 'BRANTA PESISIR, TLANAKAN, PAMEKASAN', NULL, NULL, 21, NULL, NULL, '-7.2197702', '113.4500765', NULL, 1),
('2014210195', '2018-06-11 13:07:58', 'ROIS', 'KARANG PENANG OLOH, KEC KARANG PENANG, KAB SAMPANG', NULL, NULL, 21, NULL, NULL, '-6.9875078', '113.3883084', NULL, 1),
('2014210197', '2018-06-11 13:07:58', 'YANTO', 'TOBAI TENGAH, KEC. SOKOBANAH , KAB. SAMPANG', '082332156016', 'm', 21, 136, 'Pelajar/Mahasiswa', '-6.9814204', '113.3615155', NULL, 1),
('2014210200', '2018-06-11 13:07:58', 'MUHAMMAD WAHDI SUPARNO', 'JL. KH. HASAN SHINHAJI', NULL, NULL, 21, NULL, NULL, '-7.1662933', '113.4763993', NULL, 1),
('2014210201', '2018-06-11 13:07:58', 'MEILINDA DEWI PUSPASARI', 'JL. KANGENAN Gg II/3 KEC. PAMEKASAN, KAB PAMEKASAN', '082337394354', 'm', 21, 139, '', '-7.1782897', '113.4844645', 'https://api.unira.ac.id/img/profil/mhs/2014210201.JPG', 1),
('2014210202', '2018-06-11 13:07:58', 'JAGAD ABDULLOH', 'DS MOKTESAREH, KEC KEDUNGDUNG, SAMPANG', NULL, NULL, 21, NULL, NULL, '-7.0925875', '113.2424227', 'https://api.unira.ac.id/img/profil/mhs/2014210202.JPG', 1),
('2014210203', '2018-06-11 13:07:58', 'MUHDOR ', 'GUNUNG ELEH, KEDUNGDUNG SAMPANG ', '085331332239', 'm', 21, 139, 'Teknisi di JTV Madura', '-7.0463295', '113.266243', 'https://api.unira.ac.id/img/profil/mhs/2014210203.JPG', 1),
('2014210205', '2018-06-11 13:07:58', 'INDAH WAHYUNI', 'DS. DUKO BARAT, Kec. PAKONG Kab. PAMEKASAN', '082337404507', 'm', 21, 184, '', '-7.0247001', '113.5468093', NULL, 1),
('2014210206', '2018-06-11 13:07:58', 'YANUAR PRARETIYA', 'PERUMAHAN GRAHA KENCANA', NULL, NULL, 21, NULL, NULL, '-7.9224518', '112.6540793', NULL, 1),
('2014210208', '2018-06-11 13:07:58', 'ZAKARIA INDRIANTO', 'DS TAMBAAN, KEC CAMPLONG, KAB SAMPANG', NULL, NULL, 21, NULL, NULL, '-7.2112963', '113.3168582', NULL, 1),
('2014210209', '2018-06-11 13:07:58', 'SITI MAIMUNAH ', 'DS. BLUMBUNGAN KEC. LARANGAN KAB. PAMEKASAN', '085330438283', 'l', 21, 184, '', '-7.1210284', '113.507374', 'https://api.unira.ac.id/img/profil/mhs/2014210209.JPG', 1),
('2014210212', '2018-06-11 13:07:58', 'IDRIS', 'BAKEONG GULUK-GULUK SUMENEP', '085258830383', 'l', 21, 134, '', '-7.0529535', '113.6018655', NULL, 1),
('2014215002', '2018-06-11 13:07:58', 'ACH FAHRURROSI', 'DS BRANTA TINGGI, KEC TLANAKAN, KAB PAMEKASAN', NULL, NULL, 21, NULL, NULL, '-7.2124439', '113.4582622', 'https://api.unira.ac.id/img/profil/mhs/2014215002.JPG', 1),
('2014215003', '2018-06-11 13:07:58', 'RENANDA FAHROZI EFENDI', 'GADU BARAT, KEC. GANDING', '085748694712', 'l', 21, 130, '', '-7.0137321', '113.6948537', NULL, 1),
('2014215004', '2018-06-11 13:07:58', 'SULTON ALFIANSYAH ', 'JL. PINTU GERBANG PAMEKASAN ', NULL, NULL, 21, NULL, NULL, '-7.1511043', '113.4761553', NULL, 1),
('2014215007', '2018-06-11 13:07:58', 'FAHMI AMRULLAH', 'JL STADION IX, PADEMAWU, PAMEKASAN', '085104019665 ', 'xl', 21, 139, 'Wirausaha', '-7.1551193', '113.4881033', NULL, 1),
('2014215013', '2018-06-11 13:07:58', 'YUDHA EKO PRAMANTA', 'JL VETERAN MUDA NO. 43 PAMEKASAN', NULL, NULL, 21, NULL, NULL, '-7.1628213', '113.4869595', NULL, 1),
('2014215014', '2018-06-11 13:07:58', 'FENDIYANTO', 'DS CANDI BURUNG, KEC PROPPO, KAB PAMEKASAN', NULL, NULL, 21, NULL, NULL, '-7.1534639', '113.4151001', 'https://api.unira.ac.id/img/profil/mhs/2014215014.JPG', 1),
('2014220001', '2018-06-11 13:07:58', 'MAHARANI DYA WENDA PUTRI', 'PERUMNAS TLANAKAN INDAH. BLOK J. NO 6. PAMEKASAN', NULL, NULL, 22, NULL, NULL, '-7.1995623', '113.4418908', 'https://api.unira.ac.id/img/profil/mhs/2014220001.JPG', 1),
('2014220002', '2018-06-11 13:07:58', 'AINUL YAKIN', 'DS. TANGANGSER LAOK, Dsn. TENGA 1, KEC WARU PAMEKASAN', NULL, NULL, 22, NULL, NULL, '-6.931211', '113.5356487', NULL, 1),
('2014220005', '2018-06-11 13:07:58', 'VIVI ALININGTIAS', 'DS PANAAN KEC PALENGAAN KAB PAMEKASAN', '083852170273', 'l', 22, 142, 'Karyawan PT.HSI', '-7.096246', '113.4567739', 'https://api.unira.ac.id/img/profil/mhs/2014220005.JPG', 1),
('2014220006', '2018-06-11 13:07:58', 'SITI MAHBUBATUL LAILI', 'JL. IMAM GHOZALI SAMPANG', NULL, NULL, 22, NULL, NULL, '-7.1936051', '113.2415732', NULL, 1),
('2014220009', '2018-06-11 13:07:58', 'LULUATUL MUBRIQOH ', 'JL. JOKOTOLE NO 180 KAB. PAMEKASAN ', '082330266185', 'm', 22, 139, '', '-7.162539', '113.5004093', 'https://api.unira.ac.id/img/profil/mhs/2014220009.JPG', 1),
('2014220010', '2018-06-11 13:07:58', 'SHERLY AYU WULANDARI ', 'DS. WARU BARAT, KEC. WARU, KAB. PAMEKASAN ', NULL, NULL, 22, NULL, NULL, '-6.9495014', '113.5430891', NULL, 1),
('2014220011', '2018-06-11 13:07:58', 'AYU WARDANINGTIAS', 'DS MURTAJIH, KEC PADEMAWU, KAB PAMEKASAN', '082330300541', 'm', 22, 140, '', '-7.1733576', '113.5103504', NULL, 1),
('2014220012', '2018-06-11 13:07:58', 'IRFAN ABDULLAH FIKRI', 'KARDULUK, PRAGAAN, SUMENEP', '085330629438', 'm', 22, 141, '', '-7.0902027', '113.7097303', NULL, 1),
('2014220013', '2018-06-11 13:07:58', 'RIDA MARTATILA ', 'DS. PANGLEGUR TLANAKAN PAMEKASAN ', NULL, NULL, 22, NULL, NULL, '-7.1906111', '113.4686802', 'https://api.unira.ac.id/img/profil/mhs/2014220013.JPG', 1),
('2014220014', '2018-06-11 13:07:58', 'AMITHA UTAMI ', 'J. KRAMAT II KEC. SAMPANG', '087705706445', 'm', 22, 140, '', '-7.100949', '113.217935', NULL, 1),
('2014220016', '2018-06-11 13:07:58', 'SRI HIDAYATUL ASLIHAH ', 'DS. NYALABU DAYA ', NULL, NULL, 22, NULL, NULL, '-7.1405936', '113.4686802', 'https://api.unira.ac.id/img/profil/mhs/2014220016.JPG', 1),
('2014220017', '2018-06-11 13:07:58', 'RINA WATI ', 'DS. TEJA TIMUR ', '082337593404', 'l', 22, 142, '', '-7.1709193', '113.4627271', 'https://api.unira.ac.id/img/profil/mhs/2014220017.JPG', 1),
('2014220018', '2018-06-11 13:07:58', 'ANA RUKMANA', 'DS BLUMBUNGAN KEC LARANGAN PAMEKASAN ', '082337860500', 'm', 22, 142, 'Customer Service Grapari Pamekasan ', '-7.1210284', '113.507374', NULL, 1),
('2014220019', '2018-06-11 13:07:58', 'ELINA DWI ALGAWATI', 'PAMEKASAN, JL. KH. AMIN JAKFAR NO 127', '082132277448', 'm', 22, 187, 'Dinas Kominfo', '-7.1551137', '113.479837', 'assets/images/peserta/2014220019.jpg', 1),
('2014220020', '2018-06-11 13:07:58', 'ULFIANA TRISNAYANTI ', 'JL. BALAIKAMBANG, KEL/DS. BARURAMBAT KOTA, KEC/KAB PAMEKASAN ', '082330506586', 'l', 22, 140, '', '-7.1592869', '113.4851296', 'assets/images/peserta/2014220020.jpg', 1),
('2014220024', '2018-06-11 13:07:58', 'SAFRAWI ', 'SEJATI, CAMPLONG, SAMPANG', '085230475158', 'm', 22, 138, '', '-7.2057525', '113.3734236', 'https://api.unira.ac.id/img/profil/mhs/2014220024.JPG', 1),
('2014220026', '2018-06-11 13:07:58', 'RETNO FERDIYANTI KUSUMA ', 'JL. KANGINAN, PAMEKASAN, PAMEKASAN ', NULL, NULL, 22, NULL, NULL, '-7.180931', '113.4874331', NULL, 1),
('2014220027', '2018-06-11 13:07:58', 'NITA FUJI ASTUTIK ', 'DS. LANCAR, KEC. LARANGAN, KAB. PAMEKASAN ', NULL, NULL, 22, NULL, NULL, '-7.125382', '113.589218', NULL, 1),
('2014220029', '2018-06-11 13:07:58', 'SUSANTIN FAJARIYAH ', 'BATUKERBUY, PASEAN, PAMEKASAN ', '085331841366', 'm', 22, 187, 'mahasiswa', '-6.8966079', '113.6026095', NULL, 1),
('2014220030', '2018-06-11 13:07:58', 'DEFI ', 'DS. DHARMA TANJUNG, CAMPLONG, SAMPANG ', NULL, NULL, 22, NULL, NULL, '-7.2086273', '113.3897968', NULL, 1),
('2014220031', '2018-06-11 13:07:58', 'INTAN RIANG PERTIWI', 'KADUARA BARAT, LARANGAN, PAMEKASAN', '082302068400', 'xl', 22, 187, '', '-7.1185796', '113.5996336', NULL, 1),
('2014220032', '2018-06-11 13:07:58', 'IMAM FIRDAUSI', 'PAGENDINGAN,GALIS, PAMEKASAN', '085231379607', 'xl', 22, 135, '', '-7.1354337', '113.5416011', NULL, 1),
('2014220034', '2018-06-11 13:07:58', 'MUH LUTHFI', 'KARDULUK, PRAGAAN, SUMENEP', NULL, NULL, 22, NULL, NULL, '-7.0902027', '113.7097303', NULL, 1),
('2014220035', '2018-06-11 13:07:58', 'MOH DODY KHARISMA ', 'JL. KANGENAN Gg II PAMEKASAN ', '085233758385', 'l', 22, 124, 'salesmind', '-7.1778959', '113.4845343', NULL, 1),
('2014220036', '2018-06-11 13:07:58', 'NASRULLAH', 'DHARMA CAMPLONG SAMPANG', NULL, NULL, 22, NULL, NULL, '-7.1999991', '113.3406758', NULL, 1),
('2014220037', '2018-06-11 13:07:58', 'AHMAD MUHARROM', 'JL WILIS, KEC SAMPANG, KAB SAMPANG', '085331394585', 'l', 22, 187, '', '-7.1962131', '113.2590478', NULL, 1),
('2014220039', '2018-06-11 13:07:58', 'RISA TRI UMMAMI', 'DS. SOPA\'AH KEC PADEMAWU, KAB. PAMEKASAN ', '087850250220', 'm', 22, 139, 'mahasiswa', '-7.1981627', '113.4910039', NULL, 1),
('2014220040', '2018-06-11 13:07:58', 'SYAIFUR RAHMAN ', 'BATU KARANG, CAMPLONG, SAMPANG', '082301097273', 'm', 22, 187, '', '-7.2017043', '113.3555613', 'https://api.unira.ac.id/img/profil/mhs/2014220040.JPG', 1),
('2014220041', '2018-06-11 13:07:58', 'ACHMAD ALI JUFRI HANAFI', 'DS BLAJUD, KARDULUK, SUMENEP', NULL, NULL, 22, NULL, NULL, '-7.0902027', '113.7097303', NULL, 1),
('2014220043', '2018-06-11 13:07:58', 'RIZQI AMALIA ', 'JL. SUHADA G 3 SAMPANG ', '082337935227', 'm', 22, 187, '', '-7.1736815', '113.2841781', 'https://api.unira.ac.id/img/profil/mhs/2014220043.JPG', 1),
('2014220045', '2018-06-11 13:07:58', 'MOHAMMAD SYAIFUL', 'TOKET, PROPPO, PAMEKASAN', '085330370662', 'm', 22, 187, 'Mahasiswa', '-7.1654927', '113.4240305', 'https://api.unira.ac.id/img/profil/mhs/2014220045.JPG', 1),
('2014220046', '2018-06-11 13:07:58', 'ZAINAL', 'DEMPOH BARAT, PASEAN, PAMEKASAN', NULL, NULL, 22, NULL, NULL, '-6.9244458', '113.5936818', NULL, 1),
('2014220047', '2018-06-11 13:07:58', 'MUSWARATUL MUNAWARAH ', 'DS. BUJUR BARAT BATU MARMAR PAMEKASAN ', '082330325106', 's', 22, 142, '', '-6.9731749', '113.4716567', 'https://api.unira.ac.id/img/profil/mhs/2014220047.JPG', 1),
('2014220049', '2018-06-11 13:07:58', 'EDI KURNIAWAN', 'PL MANDANGIN, SAMPANG', '082333564661', 'xl', 22, 138, '', '-7.2063988', '113.2121103', 'https://api.unira.ac.id/img/profil/mhs/2014220049.JPG', 1),
('2014220050', '2018-06-11 13:07:58', 'RAHMAD FAUZI', 'JL KESEHATAN GG IV NO.104, PAMEKASAN', NULL, NULL, 22, NULL, NULL, '-7.1585952', '113.4863869', 'https://api.unira.ac.id/img/profil/mhs/2014220050.JPG', 1),
('2014220052', '2018-06-11 13:07:58', 'EVA ERLISA', 'JL UNP SUMUHARJO PANGARANGAN SUMENEP', '082333818438', 'm', 22, 187, '', '-7.011839', '113.8682834', NULL, 1),
('2014220053', '2018-06-11 13:07:58', 'RESIDA AYU ARIESTA ROCHMAN', 'JL. PINTU GERBANG PAMEKASAN ', '085232028320', 'xl', 22, 142, '', '-7.1511043', '113.4761553', NULL, 1),
('2014220054', '2018-06-11 13:07:58', 'AKHMAD SUBAIDI', 'DS KELAMPAR, KEC PROPPO, KAB PAMEKASAN', '083853196462', 'm', 22, 140, 'wirausuasta dan pelajar', '-7.1322427', '113.4612388', NULL, 1),
('2014220055', '2018-06-11 13:07:58', 'DEWI PURNAMA SARI', 'DS KERTAGENA LAOK KEC KADUR KAB PAMEKASAN', '085336249607', 'm', 22, 142, '', '-7.1017939', '113.6100491', 'https://api.unira.ac.id/img/profil/mhs/2014220055.JPG', 1),
('2014220056', '2018-06-11 13:07:58', 'NUR FAIZAH', 'PAMOROH ,KEC KADUR, KAB PAMEKASAN', '085322224001', 'm', 22, 142, '', '-7.0804326', '113.5192793', 'https://api.unira.ac.id/img/profil/mhs/2014220056.JPG', 1),
('2014220058', '2018-06-11 13:07:58', 'R AYU DESTA BELINDA CAHYA', 'JL TEMENGGUNGAN 1/15 KEL.PARTEKER KEC. PAMEKASAN', '082337633275', 'm', 22, 142, 'PT. Bank Negara Indonesia Persero bagian Magang Kartu Tani dan PKH', '-7.1625597', '113.481212', NULL, 1),
('2014220059', '2018-06-11 13:07:58', 'SEPTIYAS NOVIANTI ALI', 'DS. NYALABU DAYA, KEC. PAMEKASAN, KAB. PAMEKASAN ', '085230345384', 'm', 22, 139, '', '-7.1405936', '113.4686802', NULL, 1),
('2014220060', '2018-06-11 13:07:58', 'STI ANISAH ', 'GULBUNG, PANGARENGAN, SAMPANG ', NULL, NULL, 22, NULL, NULL, '-7.2076452', '113.1977576', NULL, 1),
('2014220061', '2018-06-11 13:07:58', 'MOH ZAINUDDIN ', 'ASEMRAJA, JRENGIK, SAMPANG', '085334896169', 'l', 22, 137, '', '-7.1520598', '113.1590456', 'https://api.unira.ac.id/img/profil/mhs/2014220061.JPG', 1),
('2014220062', '2018-06-11 13:07:58', 'ACH FAWAID', 'JL BONOROGO GG X', '085236552343', 'l', 22, 142, '', '-7.158164', '113.4990249', 'https://api.unira.ac.id/img/profil/mhs/2014220062.JPG', 1),
('2014220063', '2018-06-11 13:07:58', 'R.A.J. SITI AISYAH', 'DS LADEN, KEC PAMEKASAN, KAB PAMEKASAN', NULL, NULL, 22, NULL, NULL, '-7.1739506', '113.4761215', NULL, 1),
('2014220064', '2018-06-11 13:07:58', 'DEVI ARYANTI PUSPITA SARI ', 'JL. PINTU GERBANG ', '082331235665', 'l', 22, 142, '', '-7.1511043', '113.4761553', NULL, 1),
('2014220065', '2018-06-11 13:07:58', 'ACH DANIAL', 'PRENDUAN, KEC PRAGAAN, KAB SUMENEP', NULL, NULL, 22, NULL, NULL, '-7.1047562', '113.6710502', NULL, 1),
('2014220067', '2018-06-11 13:07:58', 'M ARIL SYAWALANA', 'JL BONOROGO', '082334824290', 'm', 22, 142, 'Mahasiswa', '-7.1579249', '113.4966526', NULL, 1),
('2014220068', '2018-06-11 13:07:58', 'ZULFIAH', 'JL COKROATMOJO GG.12 PAMEKASAN', NULL, NULL, 22, NULL, NULL, '-7.160362', '113.4801299', NULL, 1),
('2014220069', '2018-06-11 13:07:58', 'LULUK MUKARROMAH ', 'JL. RAYA TORJUN KEC. SAMPANG ', NULL, NULL, 22, NULL, NULL, '-7.1903196', '113.2187432', NULL, 1),
('2014220071', '2018-06-11 13:07:58', 'NOVIANTI ERDA PRATIWI ', 'JL. P. TRUNUJOYO Gg IX, PAMEKASAN, PAMEKASAN ', '085330540840', 's', 22, 133, '', '-7.1774049', '113.4805844', 'https://api.unira.ac.id/img/profil/mhs/2014220071.JPG', 1),
('2014220073', '2018-06-11 13:07:58', 'MOHAMMAD NASHRULLAH ', 'JL. TEJA, DS. LADEN, PAMEKASAN ', NULL, NULL, 22, NULL, NULL, '-7.1690417', '113.4733887', 'https://api.unira.ac.id/img/profil/mhs/2014220073.JPG', 1),
('2014220074', '2018-06-11 13:07:58', 'TARTILA FITRI ', 'WARU, PAMEKASAN ', NULL, NULL, 22, NULL, NULL, '-7.3511436', '112.7688416', NULL, 1),
('2014220075', '2018-06-11 13:07:58', 'DECKY BAGUS SUBAKTI ', 'LARANGAN DALAM, LARANGAN, PAMEKASAN ', '087750401633', 'l', 22, 132, 'Alakoh', '-7.117309', '113.5535057', 'https://api.unira.ac.id/img/profil/mhs/2014220075.JPG', 1),
('2014220076', '2018-06-11 13:07:58', 'MOH ALI WAFA ', 'JL. MASJID BAGANDAN PAMEKASAN', '085330367787', 'l', 22, 138, '', '-7.1597108', '113.4708295', NULL, 1),
('2014220077', '2018-06-11 13:07:58', 'R. ABD HALIM', 'JL. MASJID BAGANDAN , KEL. JUNGCANGCANG ', '082333814130', 'l', 22, 140, '', '-7.1597108', '113.4708295', 'https://api.unira.ac.id/img/profil/mhs/2014220077.JPG', 1),
('2014220078', '2018-06-11 13:07:58', 'ARYANTI MARWA ICHSANI ', 'JL. PINTU GERBANG , KEC. PAMEKASAN, KAB. PAMEKASAN ', '085230141258', 'xl', 22, 142, '', '-7.1511043', '113.4761553', NULL, 1),
('2014220082', '2018-06-11 13:07:58', 'CHOLIFATUS SHOLEHATI', 'JL. MERAPI SAMPANG', NULL, NULL, 22, NULL, NULL, '-7.1960496', '113.2512638', NULL, 1),
('2014220083', '2018-06-11 13:07:58', 'QURROTUL AINI', 'DS. AKKOR PALENGAAN PAMEKASAN ', NULL, NULL, 22, NULL, NULL, '-7.1156', '113.4686802', NULL, 1),
('2014220085', '2018-06-11 13:07:58', 'WULANDARI AYU NINGTIYAS', 'DS TLONTORAJA KEC PASEAN KAB PAMEKASAN', NULL, NULL, 22, NULL, NULL, '-6.9090409', '113.5549937', NULL, 1),
('2014225001', '2018-06-11 13:07:58', 'RIZKI MAULANA ILYAS', 'DS DURBUK KEC PADEMAWU KAB PAMEKASAN', NULL, NULL, 22, NULL, NULL, '-7.1973584', '113.5058858', NULL, 1),
('2014270179', '2018-06-11 13:07:58', 'SUKRON MA\'MUN', 'PRAGAAN LAOK, PRAGAAN, SUMENEP', NULL, NULL, 21, NULL, NULL, '-7.1103873', '113.6591481', NULL, 1),
('2014310001', '2018-06-11 13:07:58', 'NABILA AGUSTIN ZAIN', 'Ds. CEGUK Kec. TLANAKAN Kab. PAMEKASAN ', NULL, NULL, 31, NULL, NULL, '-7.1949725', '113.4805863', NULL, 1),
('2014310003', '2018-06-11 13:07:58', 'MOH MARYANTO', 'JL MUTIARA SAMPANG', NULL, NULL, 31, NULL, NULL, '-7.2059813', '113.2557745', NULL, 1);
INSERT INTO `mahasiswa` (`NPM`, `TGLREGMHS`, `NAMAMHS`, `ALAMATMHS`, `KONTAKMHS`, `SERAGAMMHS`, `KDPRODI`, `SKSMHS`, `PEKERJAANMHS`, `KORDXMHS`, `KORDYMHS`, `FOTOMHS`, `STATUSMHS`) VALUES
('2014310004', '2018-06-11 13:07:58', 'ELDA OKTRI VIANA', 'JL RAYA SUMENEP NO.41 DS BUDDANGAN KEC PADEMAWU', NULL, NULL, 31, NULL, NULL, '-7.155536', '113.5057342', NULL, 1),
('2014310006', '2018-06-11 13:07:58', 'ZAIRIN IMAM', 'JL. TEJA RT. 01 /RW.03 KEL. JUNGCANGCANG, KEC. PAMEKASAN', '082331445513', 'xl', 31, 130, '', '-7.1694007', '113.4796068', NULL, 1),
('2014310007', '2018-06-11 13:07:58', 'MUHAMMAD FAJAR ROMADHON', 'JL. GATOT KOCO Gg. 7 KELURAHAN KOLPAJUNG,Kec. PAMEKASAN, Kab. PAMRKASAN', '082330022156+(wa )', 'xl', 31, 136, '', '-7.145431', '113.4862405', NULL, 1),
('2014310009', '2018-06-11 13:07:58', 'FIQI CATUR PRASETYO', 'PERUM GRAHA KENCANA DS CEBUK TLANAKAN PAMEKASAN', NULL, NULL, 31, NULL, NULL, '-7.2049627', '113.4750592', 'https://api.unira.ac.id/img/profil/mhs/2014310009.JPG', 1),
('2014310010', '2018-06-11 13:07:58', 'DEWI NOVITA PUTRI', 'TLONTO RAJA, KEC PASEAN, KAB PAMEKASAN', NULL, NULL, 31, NULL, NULL, '-6.9090409', '113.5549937', NULL, 1),
('2014310011', '2018-06-11 13:07:58', 'FEBRILIYANTO RAHMATULLAH', 'JL. K.H. CAKROATMOJO Gg 11 NO 23 Kec PAMEKASAN, Kab. PAMEKASAN ', NULL, NULL, 31, NULL, NULL, '-7.1609315', '113.4800126', NULL, 1),
('2014310012', '2018-06-11 13:07:58', 'MEILA CAHYANI', 'JL MERAPI GG II KEC RONTENGAN KAB SAMPANG', NULL, NULL, 31, NULL, NULL, '-7.1960496', '113.2512638', 'https://api.unira.ac.id/img/profil/mhs/2014310012.JPG', 1),
('2014310014', '2018-06-11 13:07:58', 'NUR HAZIZAH', 'JL RAJAWALI 1/135 KEC SAMPANG KAB SAMPANG', NULL, NULL, 31, NULL, NULL, '-7.2016947', '113.2377221', 'https://api.unira.ac.id/img/profil/mhs/2014310014.JPG', 1),
('2014310015', '2018-06-11 13:07:58', 'RIDA MAULIA', 'JL DIRGAHAYU, KEL BUGIH, KEC PAMEKASAN', '087850440038', 's', 31, 136, '', '-7.1515292', '113.4657018', 'https://api.unira.ac.id/img/profil/mhs/2014310015.JPG', 1),
('2014310017', '2018-06-11 13:07:58', 'YULIANA', 'Ds. BUDDIH, Kec. PADEMAWU, Kab. PAMEKASAN', NULL, NULL, 31, NULL, NULL, '-7.1939855', '113.4872833', NULL, 1),
('2014310018', '2018-06-11 13:07:58', 'LUKMAN SUGIANTO', 'JL MERPATI, KEL GUNUNGSEKAR, SAMPANG', NULL, NULL, 31, NULL, NULL, '-7.1909263', '113.2400215', NULL, 1),
('2014310020', '2018-06-11 13:07:58', 'MEHDIN WIRYARSA PAHLEVI', 'Ds. CEGUK, TLANAKAN, PAMEKASAN', NULL, NULL, 31, NULL, NULL, '-7.1949725', '113.4805863', NULL, 1),
('2014310021', '2018-06-11 13:07:58', 'MUHAMMAD RYMIRADZ', 'JL. PINTU GERBANG IV A ', NULL, NULL, 31, NULL, NULL, '-7.1534188', '113.473532', NULL, 1),
('2014310022', '2018-06-11 13:07:58', 'SLAMET SUFERIYANTO', 'JL. TEJA KEC. PAMEKASAN, KAB. PAMEKASAN ', '087888004424', 'l', 31, 136, '', '-7.1662277', '113.4598997', NULL, 1),
('2014310023', '2018-06-11 13:07:58', 'RIZAL AFINARDO ', 'JL. LAWANGAN DAYA II PADEMAWU PAMEKASAN', NULL, NULL, 31, NULL, NULL, '-7.1550142', '113.4888503', NULL, 1),
('2014310024', '2018-06-11 13:07:58', 'DZIKRILLAH THORIQUR RAHMAN', 'JL MASJUD BAGANDAN', '082338519657', 'm', 31, 136, '', '-7.1597108', '113.4708295', 'https://api.unira.ac.id/img/profil/mhs/b23eeeef9dc8d0a7de26734c48f4eee9.jpg', 1),
('2014310026', '2018-06-11 13:07:58', 'SITI KHOTIJAH', 'DALPENANG, KEC SAMPANG, KAB SAMPANG', '081939337349', 's', 31, 155, 'Capil sampang', '-7.1907634', '113.2558217', 'https://api.unira.ac.id/img/profil/mhs/2014310026.JPG', 1),
('2014310027', '2018-06-11 13:07:58', 'IKA IRAWATI', 'DSN TASEAN, SAMPANG, SAMPANG', '087888555296', 's', 31, 155, '', '-7.1826127', '113.2677317', NULL, 1),
('2014310029', '2018-06-11 13:07:58', 'AINUR ROHIM ', 'LARANGAN DALAM, LARANGAN , PAMEKASAN ', '082337990956', 'l', 31, 132, '', '-7.117309', '113.5535057', NULL, 1),
('2014310030', '2018-06-11 13:07:58', 'MEILISA NOVIATI AGUSTIN', 'LARANGAN BADUNG, PALENGAAN, PAMEKASAN', '085234190590', 's', 31, 136, 'Wiraswasta', '-7.119962', '113.4805863', NULL, 1),
('2014310031', '2018-06-11 13:07:58', 'SITI LASTARI ', 'JL. TEJA NO. 170 KEC. PAMEKASAN, KAB. PAMEKASAN ', '085231118077', 's', 31, 136, '', '-7.1681273', '113.469415', 'https://api.unira.ac.id/img/profil/mhs/2014310031.JPG', 1),
('2014310032', '2018-06-11 13:07:58', 'DZUAIBATUL ASLAMIYAH', 'JL KAMBOJA KEC RONGTENGAN KAB SAMPANG', NULL, NULL, 31, NULL, NULL, '-7.1950357', '113.2495267', NULL, 1),
('2014310033', '2018-06-11 13:07:58', 'AMIR FAUSI', 'KARANG DALEM, SAMPANG, SAMPANG', NULL, NULL, 31, NULL, NULL, '-7.1983782', '113.2305123', NULL, 1),
('2014310035', '2018-06-11 13:07:58', 'KHOIRIYATUL LATIFAH', 'TOBUNGAN, GALIS, PAMEKASAN', NULL, NULL, 31, NULL, NULL, '-7.1512268', '113.52672', 'https://api.unira.ac.id/img/profil/mhs/2014310035.JPG', 1),
('2014310037', '2018-06-11 13:07:58', 'ACHMAD MUSTOFA', 'JL. MERPATI , SAMPANG ', NULL, NULL, 31, NULL, NULL, '-7.1909263', '113.2400215', NULL, 1),
('2014310038', '2018-06-11 13:07:58', 'ANGGA JULYAWAN ', 'DS. SEDDUR, KEC. PAKONG, KAB. PAMEKASAN ', NULL, NULL, 31, NULL, NULL, '-7.0306523', '113.563922', NULL, 1),
('2014310039', '2018-06-11 13:07:58', 'YUSUF HAMDANI', 'DHARMA CAMPLONG, KEC CAMPLONG, KAB SAMPANG', NULL, NULL, 31, NULL, NULL, '-7.1999991', '113.3406758', NULL, 1),
('2014310040', '2018-06-11 13:07:58', 'MOH. ROSUL', 'JL. GELATIK, SAMPANG', NULL, NULL, 31, NULL, NULL, '-7.1899721', '113.2423763', 'https://api.unira.ac.id/img/profil/mhs/2014310040.JPG', 1),
('2014310041', '2018-06-11 13:07:58', 'MUHAMMAD MULYADI', 'JL PINTU GERBANG GG.IX', NULL, NULL, 31, NULL, NULL, '-6.1244059', '106.8452808', NULL, 1),
('2014310044', '2018-06-11 13:07:58', 'AKHMAD MAULIDI ', 'JL. TEJA KEC. PAMEKASAN KAB. PAMEKASAN ', '085232693214', 'l', 31, 136, '', '-7.1662277', '113.4598997', NULL, 1),
('2014310045', '2018-06-11 13:07:58', 'KADAR AGUSTINO', 'DS SOPA\'AH, KEC PADEMAWU, KAB PAMEKASAN', NULL, NULL, 31, NULL, NULL, '-7.1981627', '113.4910039', NULL, 1),
('2014310046', '2018-06-11 13:07:58', 'HERI SUTRISNO', 'DS TAMBELANGAN Kec. TAMBELANGAN Kab. SAMPANG', NULL, NULL, 31, NULL, NULL, '-7.0586558', '113.1739351', NULL, 1),
('2014310048', '2018-06-11 13:07:58', 'FEBRI YONO VERDY GUNAWAN ', 'KELURAHAN LAWANGAN DAYA', NULL, NULL, 31, NULL, NULL, '-7.1543162', '113.4924921', NULL, 1),
('2014310050', '2018-06-11 13:07:58', 'SUBAHRI', 'DESA BLUMBUNGAN , KEC. LARANGAN ', NULL, NULL, 31, NULL, NULL, '-7.1210284', '113.507374', NULL, 1),
('2014310051', '2018-06-11 13:07:58', 'FEBRIYANTO', 'TAGANGSER DAYA, KEC PASEAN, KAB PAMEKASAN', NULL, NULL, 31, NULL, NULL, '-6.9222631', '113.540113', NULL, 1),
('2014310052', '2018-06-11 13:07:58', 'IIN SAFITRI MOCHTAR', 'JADDUNG, PRAGAAN, SUMENEP', NULL, NULL, 31, NULL, NULL, '-7.1010454', '113.6472457', NULL, 1),
('2014310054', '2018-06-11 13:07:58', 'IDO TRI PRADANA ', 'JL. SLAMET RIYADI 2, PAMEKASAN ', NULL, NULL, 31, NULL, NULL, '-7.1598016', '113.4828982', NULL, 1),
('2014310055', '2018-06-11 13:07:58', 'SUBAIRI AFANDI', 'KACOK, PALENGAAN, PAMEKASAN', NULL, NULL, 31, NULL, NULL, '-7.071584', '113.4508207', NULL, 1),
('2014310056', '2018-06-11 13:07:58', 'ZAINAL KURNIAWAN', 'KACOK, PALENGAAN, PAMEKASAN', NULL, NULL, 31, NULL, NULL, '-7.071584', '113.4508207', NULL, 1),
('2014310059', '2018-06-11 13:07:58', 'ACHMAD FACHRUR RIZAL', 'JL PINTU GERBANG IX/7 KEC PAMEKASAN KAB PAMEKASAN', '085230621118', 'l', 31, 136, '', '-7.1774049', '113.4805844', 'https://api.unira.ac.id/img/profil/mhs/2014310059.JPG', 1),
('2014310060', '2018-06-11 13:07:58', 'RIO SUGIARTONO SAFARI', 'PERUM, TLANAKAN INDAH i/4', NULL, NULL, 31, NULL, NULL, '-7.1975135', '113.4715169', NULL, 1),
('2014310061', '2018-06-11 13:07:58', 'ZAINATUL ROHMAH', 'JL. SYAMSUL ARIFIN G. II ( POLAGAN, SAMPANG, SAMPANG)', NULL, NULL, 31, NULL, NULL, '-7.2015655', '113.2415827', 'https://api.unira.ac.id/img/profil/mhs/2014310061.JPG', 1),
('2014310062', '2018-06-11 13:07:58', 'HASBULLAH', 'JL DIPONEGORO, BANYUANYAR, SAMPANG', '087849757858', 'm', 31, 136, '', '-7.2090328', '113.2545179', NULL, 1),
('2014310063', '2018-06-11 13:07:58', 'SAFITRI YUNI ANDARI', 'SEJATI KEC CAMPLONG KAB. SAMPANG', '085232672522', 'm', 31, 155, '', '-7.2057525', '113.3734236', 'https://api.unira.ac.id/img/profil/mhs/2014310063.JPG', 1),
('2014310064', '2018-06-11 13:07:58', 'SITI HOLIFAH', 'JL. DIPONEGORO, SAMPANG, SAMPANG', NULL, NULL, 31, NULL, NULL, '-7.2104457', '113.2605198', NULL, 1),
('2014310065', '2018-06-11 13:07:58', 'NURUL JANNAH', 'JL. PERMATA, SAMPANG ', NULL, NULL, 31, NULL, NULL, '-7.2104582', '113.2551797', 'https://api.unira.ac.id/img/profil/mhs/2014310065.JPG', 1),
('2014310066', '2018-06-11 13:07:58', 'KOKO ANDIKA SAPUTRA', 'JL. COKROATMOJONO. 57 Kec. PAMEKASAN, Kab. PAMEKASAN', '+6282335117307', 'xl', 31, 136, '', '-7.1648564', '113.4791034', NULL, 1),
('2014310067', '2018-06-11 13:07:58', 'YESSY MARIANA HARYONO', 'PERUM GRAHA KENCANA, DS LARANGAN TOKOL', NULL, NULL, 31, NULL, NULL, '-7.2049627', '113.4750592', 'https://api.unira.ac.id/img/profil/mhs/2014310067.JPG', 1),
('2014310068', '2018-06-11 13:07:58', 'ARMAN YULIANTO', 'DS WARU BARAT, KLEC WARU, KAB PAMEKASAN', NULL, NULL, 31, NULL, NULL, '-6.9495014', '113.5430891', NULL, 1),
('2014310069', '2018-06-11 13:07:58', 'FAIZAL AINUR RAHMAN ', 'JL. TEJA KEC. PAMEKASAN KAB. PAMEKASAN ', NULL, NULL, 31, NULL, NULL, '-7.1662277', '113.4598997', NULL, 1),
('2014310070', '2018-06-11 13:07:58', 'ROSIKA DEWI', 'JL. H. AGUSSALIM SAMPANG ', NULL, NULL, 31, NULL, NULL, '-7.0837', '113.262614', NULL, 1),
('2014310071', '2018-06-11 13:07:58', 'ASTUTIK ELLIANA ', 'JL. H. AGUSSALIM SAMPANG ', NULL, NULL, 31, NULL, NULL, '-7.0837', '113.262614', NULL, 1),
('2014310072', '2018-06-11 13:07:58', 'WIRA KUMALA', 'JL AJIGUNUNG I, KEC SAMPANG, KAB SAMPANG', NULL, NULL, 31, NULL, NULL, '-7.1877763', '113.2429922', NULL, 1),
('2014310074', '2018-06-11 13:07:58', 'AYU ROSITA', 'JL RAJAWALI 2 KEC SAMPANG KAB SAMPANG', NULL, NULL, 31, NULL, NULL, '-7.2009072', '113.2382593', 'https://api.unira.ac.id/img/profil/mhs/2014310074.JPG', 1),
('2014310076', '2018-06-11 13:07:58', 'FAHRIZAL ANSORI ', 'JL. PANGLEGUR KEC. TLANAKAN, KAB. PAMEKASAN ', NULL, NULL, 31, NULL, NULL, '-7.1906896', '113.4754357', NULL, 1),
('2014310077', '2018-06-11 13:07:58', 'FIHRIS FARAWAQI FARADILLAH', 'JL. PURI MATAHARI BLOK F NO 12', '000000', 's', 11, 126, '', '4.6140502', '101.1026451', NULL, 1),
('2014310078', '2018-06-11 13:07:58', 'SITTI SOFIATUN', 'JL RAJAWALI BARU, SAMPANG, SAMPANG', NULL, NULL, 31, NULL, NULL, '-7.199071', '113.2420334', 'https://api.unira.ac.id/img/profil/mhs/2014310078.JPG', 1),
('2014310079', '2018-06-11 13:07:58', 'SUNDUSIYAH', 'DS GULBUNG, KEC PANGARENGAN, KAB SAMPANG', NULL, NULL, 31, NULL, NULL, '-7.2076452', '113.1977576', NULL, 1),
('2014310080', '2018-06-11 13:07:58', 'AKHMAD FATONI HARIANTO', 'DS PANGARENGAN, PANGARENGAN, SAMPANG', '000', 'l', 11, 130, '', '-7.1956302', '113.161986', 'https://api.unira.ac.id/img/profil/mhs/2014310080.JPG', 1),
('2014310083', '2018-06-11 13:07:58', 'DESY SOFIAWATI', 'KADUARA BARAT, KEC LARANGAN, KAB PAMEKASAN', NULL, NULL, 31, NULL, NULL, '-7.1185796', '113.5996336', NULL, 1),
('2014310084', '2018-06-11 13:07:58', 'ALIFIANUS ADUWI NAILA ', 'DS. DASOK, KEC. PADEMAWU, KAB. PAMEKASAN ', NULL, NULL, 31, NULL, NULL, '-7.1627154', '113.5222556', NULL, 1),
('2014310085', '2018-06-11 13:07:58', 'ALI MOHTAR ', 'PINTU GERBANG PAMEKASAN ', '08170014331', 'l', 31, 130, 'Karyawan', '-7.1511043', '113.4761553', NULL, 1),
('2014310086', '2018-06-11 13:07:58', 'KHOIRIYAH', 'JL PEMUDA SATRIA NO.14 SAMPANG', NULL, NULL, 31, NULL, NULL, '-7.2010269', '113.2493565', NULL, 1),
('2014310088', '2018-06-11 13:07:58', 'AISYATUL MAULIDIYAH ', 'JL. SERSAN MESRUL Gg V KEC. PAMEKASAN, KAB. PAMEKASAN', '082301254454', 'm', 31, 155, 'Mahasiswi', '-7.1502287', '113.480508', 'https://api.unira.ac.id/img/profil/mhs/2014310088.JPG', 1),
('2014310089', '2018-06-11 13:07:58', 'RATIH ISWARINI ', 'JL. SERUNI Gg II NO 4 KEC. PAMEKASAN, KAB. PAMEKASAN ', '085259946331', 'm', 31, 136, '', '-7.1643701', '113.4840824', 'https://api.unira.ac.id/img/profil/mhs/2014310089.JPG', 1),
('2014310090', '2018-06-11 13:07:58', 'RIDWAN FATARUDIN', 'JL BONOROGO DS SERKESER PAMEKASAN', NULL, NULL, 31, NULL, NULL, '-7.1582513', '113.5009702', NULL, 1),
('2014310092', '2018-06-11 13:07:58', 'ACH ROFIQI', 'DS BLIMBUNGAN, KEC LARANGAN, KAB PAMEKASAN', NULL, NULL, 31, NULL, NULL, '-7.1210284', '113.507374', 'https://api.unira.ac.id/img/profil/mhs/2014310092.JPG', 1),
('2014310093', '2018-06-11 13:07:58', 'M. FAIZAL ARDY', 'BERINGIN NONGGAL TORJUN SAMPANG', NULL, NULL, 31, NULL, NULL, '-7.1552667', '113.1694683', 'https://api.unira.ac.id/img/profil/mhs/2014310093.JPG', 1),
('2014310095', '2018-06-11 13:07:58', 'ACH FAIZAL ', 'JL. MUTIARA, SAMPANG', NULL, NULL, 31, NULL, NULL, '-7.2059813', '113.2557745', NULL, 1),
('2014310096', '2018-06-11 13:07:58', 'M. NUR HIDAYAT', 'JL. KERAMAT AGUNG, RONGTENGAH, SAMPANG', NULL, NULL, 31, NULL, NULL, '-7.1974598', '113.2492525', NULL, 1),
('2014310097', '2018-06-11 13:07:58', 'YULIANDINI', 'JL KH AMIN JAKFAR, KEL GLADAK ANYAR', NULL, NULL, 31, NULL, NULL, '-7.1564656', '113.4787385', 'https://api.unira.ac.id/img/profil/mhs/2014310097.JPG', 1),
('2014310098', '2018-06-11 13:07:58', 'NUR LAILA AGUSTINI', 'JL MUTIARA SAMPANG', NULL, NULL, 31, NULL, NULL, '-7.2059813', '113.2557745', NULL, 1),
('2014310099', '2018-06-11 13:07:58', 'NURUL FATHONI PUTRA', 'DS LARANGAN DALAM, KEC LARANGAN, KAB PAMEKASAN', NULL, NULL, 31, NULL, NULL, '-7.117309', '113.5535057', NULL, 1),
('2014310100', '2018-06-11 13:07:58', 'AHMAD HABIBUL ROSYIDI YUSUF', 'Dsn. SRAPONG DS. GULBUNG KEC. PANGARENGAN KAB. SAMPANG', NULL, NULL, 31, NULL, NULL, '-7.1989509', '113.1962687', 'https://api.unira.ac.id/img/profil/mhs/2014310100.JPG', 1),
('2014310102', '2018-06-11 13:07:58', 'RIYAN BAYU PRASETYO', 'JL LAWANGAN DAYA GG 9/38', '082337524015', 'm', 31, 155, 'DINAS PERHUBUNGAN', '-7.1559402', '113.4980596', 'https://api.unira.ac.id/img/profil/mhs/2014310102.JPG', 1),
('2014310103', '2018-06-11 13:07:58', 'DZUNO RONIA ', 'BRANTA PASISIR, TLANAKAN, PAMEKASAN', NULL, NULL, 31, NULL, NULL, '-7.2197702', '113.4500765', NULL, 1),
('2014310104', '2018-06-11 13:07:58', 'ADI SYAFIN SYAFIQI', 'BRANTA PESISIR, KEC. TLANAKAN, PAMEKASAN', NULL, NULL, 31, NULL, NULL, '-7.2197702', '113.4500765', NULL, 1),
('2014310107', '2018-06-11 13:07:58', 'LINA TRI YULIANI', 'DS. SUMEDANGAN ', '085231322237', 'l', 31, 136, '', '-7.1836817', '113.5043977', NULL, 1),
('2014310109', '2018-06-11 13:07:58', 'RIMA YANTI', 'SAMATAN, PROPPO, PAMEKASAN', NULL, NULL, 31, NULL, NULL, '-7.1407999', '113.4180769', NULL, 1),
('2014310110', '2018-06-11 13:07:58', 'DEWI MAYA SARI', 'TLONTO RAJA, KEC PASEAN, KAB PAMEKASAN', NULL, NULL, 31, NULL, NULL, '-6.9090409', '113.5549937', NULL, 1),
('2014310111', '2018-06-11 13:07:58', 'SALMAN ALFARISI ', 'PRAGAAN DAYA SUMENEP', NULL, NULL, 31, NULL, NULL, '-7.0827829', '113.6621236', NULL, 1),
('2014310112', '2018-06-11 13:07:58', 'MOH ALI', 'MANGAR, TLANAKAN, PAMEKASAN', NULL, NULL, 31, NULL, NULL, '-7.1932375', '113.3961954', NULL, 1),
('2014310113', '2018-06-11 13:07:58', 'ACHMAD ZAINI ARIF ', 'DESA LEMPER KECAMATAN PADEMAWU PAMEKASAN', NULL, NULL, 31, NULL, NULL, '-7.1732721', '113.4959937', NULL, 1),
('2014310117', '2018-06-11 13:07:58', 'AINUL FAJAR', 'DESA TAGANGSER LAOK, WARU', '000000', 'l', 31, 126, '', '-6.9768945', '113.5907059', NULL, 1),
('2014310119', '2018-06-11 13:07:58', 'ZAINUDDIN', 'TAMBERU TEMOR SOKOBANAH, SAMPANG', NULL, NULL, 31, NULL, NULL, '-6.9017803', '113.479098', NULL, 1),
('2014310123', '2018-06-11 13:07:58', 'MOH. SOLEHODIN FIRMANSYAH', 'JL. JOKOTOLE NO. 156 PAMEKASAN', '087750216363', 'l', 31, 156, '', '-7.1624428', '113.496757', NULL, 1),
('2014310124', '2018-06-11 13:07:58', 'SUHUD', 'BATUKARANG, CAMPLONH, SAMPANG', NULL, NULL, 31, NULL, NULL, '-7.2017043', '113.3555613', 'https://api.unira.ac.id/img/profil/mhs/2014310124.JPG', 1),
('2014310125', '2018-06-11 13:07:58', 'ABD. BASIR ', 'RANG PERANG DAYA, PROPPO, PAMEKASAN', NULL, NULL, 31, NULL, NULL, '-7.112189', '113.4389141', NULL, 1),
('2014310126', '2018-06-11 13:07:58', 'MOHAMMAD NUUR ALY WAARIIS', 'JL K.H. COKROATMOJO GG 1/10 PAMEKASAN', NULL, NULL, 31, NULL, NULL, '-7.1602269', '113.4801063', NULL, 1),
('2014310130', '2018-06-11 13:07:58', 'SHOFHATUL JAMILAH', 'RAPA LAOK OMBEN . SAMPANG', '081939393090', 'xl', 31, 136, '', '-7.1085118', '113.3198354', 'https://api.unira.ac.id/img/profil/mhs/2014310130.JPG', 1),
('2014310131', '2018-06-11 13:07:58', 'ZULFA ', 'JL. BRAWIJAYA NO. 22 PAMEKASAN', NULL, NULL, 31, NULL, NULL, '-7.1606047', '113.4762702', NULL, 1),
('2014310132', '2018-06-11 13:07:58', 'INDRIATI RAMDANI', 'JL MASJID BAGANDAN NO.238', '082333769806', 'm', 31, 155, '', '-7.1598091', '113.4708652', NULL, 1),
('2014310133', '2018-06-11 13:07:58', 'KISTOSIL FAHIM', 'JL. RAYA TEMORAN KEC. OMBEN KAB. SAMPANG ', '082334292848', 'l', 31, 136, '', '-7.1082812', '113.3207038', 'https://api.unira.ac.id/img/profil/mhs/2014310133.JPG', 1),
('2014310134', '2018-06-11 13:07:58', 'SAKRONI', 'P. MANDANGIN, Kab. SAMPANG', NULL, NULL, 31, NULL, NULL, '-7.2045994', '113.206757', NULL, 1),
('2014310135', '2018-06-11 13:07:58', 'ACHMAD FAUZI FADHILI', 'JL. VETRAN KEC. PAMEKASAN KAB PAMEKASAN', NULL, NULL, 31, NULL, NULL, '-7.1821517', '113.4857326', NULL, 1),
('2014310136', '2018-06-11 13:07:58', 'AINUR RACHMAT SUJIONO', 'JL. DELIMA SAMPANG ', NULL, NULL, 31, NULL, NULL, '-7.1843998', '113.248451', NULL, 1),
('2014310138', '2018-06-11 13:07:58', 'BAYU ROMADHAN', 'JL. STADION 88 LAWANGAN DAYA KEL PADEMAWU', NULL, NULL, 31, NULL, NULL, '-7.1566249', '113.4879675', 'https://api.unira.ac.id/img/profil/mhs/2014310138.JPG', 1),
('2014310139', '2018-06-11 13:07:58', 'FAIZATUL MUFIDA', 'JL. KUSUMA BANGSA, SAMPANG', NULL, NULL, 31, NULL, NULL, '-7.174177', '113.2384436', NULL, 1),
('2014310140', '2018-06-11 13:07:58', 'WAROTSATUL JANNAH ', 'Ds. JADDUNG, Kec. PRAGAAN, Kab. SUMENEP', NULL, NULL, 31, NULL, NULL, '-7.1010454', '113.6472457', 'https://api.unira.ac.id/img/profil/mhs/2014310140.JPG', 1),
('2014310141', '2018-06-11 13:07:58', 'DENDI SAPUTRA HIDAYAT', 'DS BUDAGAN, KEC PADEMAWU, KAB PAMEKASAN', NULL, NULL, 31, NULL, NULL, '-7.1586764', '113.5043977', NULL, 1),
('2014310142', '2018-06-11 13:07:58', 'DEWI YULIYATI', 'TANJUNG, CAMPLONG, SAMPANG', '085232304230', 'm', 31, 155, '', '-7.2086273', '113.3897968', NULL, 1),
('2014310143', '2018-06-11 13:07:58', 'ANNIKE FATIMAH', 'JL. PINTU GERBANG  Gg. IX', NULL, NULL, 31, NULL, NULL, '-6.1244059', '106.8452808', NULL, 1),
('2014310144', '2018-06-11 13:07:58', 'AHMAD DAVID ARDIANSYAH', 'KETAPANG DAYA, KETAPANG, SAMPANG', NULL, NULL, 31, NULL, NULL, '-6.9020477', '113.3049491', NULL, 1),
('2014310148', '2018-06-11 13:07:58', 'ARIFIN', 'BUNDER PADEMAWU PAMEKASAN', '082332905446', 'l', 31, 136, '', '-7.1823963', '113.5282081', NULL, 1),
('2014310149', '2018-06-11 13:07:58', 'ROY SETIAWAN', 'JL. RAYA CAMPLONG, SAMPANG', NULL, NULL, 31, NULL, NULL, '-7.2127664', '113.3296452', 'https://api.unira.ac.id/img/profil/mhs/2014310149.JPG', 1),
('2014310150', '2018-06-11 13:07:58', 'DEVI AFRILIAWATI', 'JL TEJA JUNCANCANG RT 01/RW 03, PAMEKASAN', '082338663876', 'm', 31, 136, '', '-7.1662277', '113.4598997', NULL, 1),
('2014310151', '2018-06-11 13:07:58', 'ABD HAMID ', 'DS.MADUPAT KEC CAMPLONG', NULL, NULL, 31, NULL, NULL, '-7.1685641', '113.3198354', NULL, 1),
('2014310152', '2018-06-11 13:07:58', 'RIZAL DWI ARDIANSYAH ', 'JL. KH. COKROATMOJO (PARTEKER, PAMEKASAN, PAMEKASAN)', NULL, NULL, 31, NULL, NULL, '-7.1632538', '113.4795087', NULL, 1),
('2014310153', '2018-06-11 13:07:58', 'MOH SYAIFULLAH', 'JL. STADION NO. 36 KEC. PAMEKASAN, KAB. PAMEKASAN', '083853278827', 'l', 31, 155, '', '-7.1597191', '113.4871068', 'https://api.unira.ac.id/img/profil/mhs/2014310153.JPG', 1),
('2014310154', '2018-06-11 13:07:58', 'MOH DAHLAN', 'JL. SYAMSUL ARIFIN', NULL, NULL, 31, NULL, NULL, '-7.202603', '113.2456033', NULL, 1),
('2014310156', '2018-06-11 13:07:58', 'YUDI ARIAWAN IRMANSYAH', 'JL DURIAN NO.59 SAMPANG', NULL, NULL, 31, NULL, NULL, '-7.1864792', '113.2401863', NULL, 1),
('2014310157', '2018-06-11 13:07:58', 'ALI ARIFIN', 'JL MERPATI, KEC SAMPANG, KAB SAMPANG', NULL, NULL, 31, NULL, NULL, '-7.1909263', '113.2400215', 'https://api.unira.ac.id/img/profil/mhs/2014310157.JPG', 1),
('2014310159', '2018-06-11 13:07:58', 'ABD. ROFIK ', 'JL. IMAM GHOZALI KELURAHAN GUNUNG SEKAR KEC. SAMPANG, KAB. SAMPANG', NULL, NULL, 31, NULL, NULL, '-7.1936051', '113.2415732', 'https://api.unira.ac.id/img/profil/mhs/2014310159.JPG', 1),
('2014310160', '2018-06-11 13:07:58', 'YASIRUL KHORIK', 'TANGGUMONG, SAMPANG, SAMPANG', NULL, NULL, 31, NULL, NULL, '-7.1783332', '113.2305123', 'https://api.unira.ac.id/img/profil/mhs/2014310160.JPG', 1),
('2014310161', '2018-06-11 13:07:58', 'DARUL WAHYUDI ', 'AENGSAREH, SAMPANG, SAMPANG', NULL, NULL, 31, NULL, NULL, '-7.2090394', '113.2186017', NULL, 1),
('2014310163', '2018-06-11 13:07:58', 'DEDY DARMA SETIAWAN', 'DS BUNDER, KEC PADEMAWU, KAB PAMEKASAN', NULL, NULL, 31, NULL, NULL, '-7.1823963', '113.5282081', NULL, 1),
('2014310164', '2018-06-11 13:07:58', 'MOH. AINUL FAHLAZI', 'LANCAR, LARANGAN, PAMEKASAN ', NULL, NULL, 31, NULL, NULL, '-7.125382', '113.589218', NULL, 1),
('2014310165', '2018-06-11 13:07:58', 'TRI SAADATUL DARAIN', 'BLUMBUNGAN, LARANGAN, PAMEKASAN', '085130366736', 'm', 31, 136, '', '-7.1210284', '113.507374', NULL, 1),
('2014310166', '2018-06-11 13:07:58', 'ZHAHREZA YANUARI PUTRI', 'JL PINTU GERBANG, KEL BUGIH', NULL, NULL, 31, NULL, NULL, '-7.1516968', '113.4759324', NULL, 1),
('2014310167', '2018-06-11 13:07:58', 'MOHAMMAD SUTARDI', 'DESA. KRAMAT, KEC. TLANAKAN, PAMEKASAN ', NULL, NULL, 31, NULL, NULL, '-7.2100083', '113.4106349', 'https://api.unira.ac.id/img/profil/mhs/2014310167.JPG', 1),
('2014310168', '2018-06-11 13:07:58', 'HOLIF MEGAWATI', 'JL P TRUNOJOYO GG IX/01 DS LADEN, KEC PAMEKASAN, KAB PAMEKASAN', '082338933787', 's', 31, 136, '', '-7.1774049', '113.4805844', NULL, 1),
('2014310169', '2018-06-11 13:07:58', 'DWI HAMZEN JUNI FIRDO ', 'JL. PEMBINA NO. 1 PAMEKASAN, PAMEKASAN', '082333330560', 'l', 31, 155, 'Mahasiswa', '-7.1581961', '113.4716094', 'assets/images/peserta/2014310169.jpg', 1),
('2014310170', '2018-06-11 13:07:58', 'NIKMATILLAH', 'PLAKARAN, Kec. JRENGIK, Kab. SAMPANG', NULL, NULL, 31, NULL, NULL, '-7.140467', '113.1888243', NULL, 1),
('2014310171', '2018-06-11 13:07:58', 'YUNIA DWI FIRDAUZI', 'JL. IMAM BONJOL, SAMPANG', '082333505045', 'xl', 31, 155, '', '-7.1886583', '113.2556182', 'https://api.unira.ac.id/img/profil/mhs/2014310171.JPG', 1),
('2014310172', '2018-06-11 13:07:58', 'ACHMAD FAHMI SETIADI ', 'JL. IMAM GHOZALI SAMPANG', NULL, NULL, 31, NULL, NULL, '-7.1936051', '113.2415732', NULL, 1),
('2014310173', '2018-06-11 13:07:58', 'MOH SYARIF WIJAYA ', 'JL. IMAM GHOZALI KEC. SAMPANG KAB. SAMPANG', NULL, NULL, 31, NULL, NULL, '-7.1936051', '113.2415732', NULL, 1),
('2014310174', '2018-06-11 13:07:58', 'MOH ZAMRONI ', 'LARANGAN BADUNG, PALENGAAN, PAMEKASAN', '+6285232747197', 'xl', 31, 133, 'Karyawan', '-7.119962', '113.4805863', NULL, 1),
('2014310176', '2018-06-11 13:07:58', 'ACH VANANI SYAHRENDI ', 'JL. MAKMUR KAB SAMPANG', NULL, NULL, 31, NULL, NULL, '-7.1974617', '113.2498836', NULL, 1),
('2014310177', '2018-06-11 13:07:58', 'ARDIYANTO', 'KARANG DALEM, SAMPANG, SAMPANG', NULL, NULL, 31, NULL, NULL, '-7.1983782', '113.2305123', NULL, 1),
('2014310178', '2018-06-11 13:07:58', 'KURNIAWAN ARAMDANI', 'DS PRAGAAN LAOK, PTAGAAN, SUMENEP', NULL, NULL, 31, NULL, NULL, '-7.1103873', '113.6591481', 'https://api.unira.ac.id/img/profil/mhs/2014310178.JPG', 1),
('2014310180', '2018-06-11 13:07:58', 'MUHAMMAD SARI', 'TRAGIH, ROBATAL, SAMPANG', NULL, NULL, 31, NULL, NULL, '-7.0037012', '113.2692204', NULL, 1),
('2014310181', '2018-06-11 13:07:58', 'MOH. HUMAIDI', 'PADELAGAN, PADEMAWU, PAMEKASAN ', NULL, NULL, 31, NULL, NULL, '-7.2324282', '113.5282081', 'https://api.unira.ac.id/img/profil/mhs/2014310181.JPG', 1),
('2014310182', '2018-06-11 13:07:58', 'MOH RIADI IRAWAN', 'DS BUJUR TENGAH, BATU MARMAR, PAMEKASAN', '085259990930', 'xl', 31, 124, '', '-6.991872', '113.4954685', NULL, 1),
('2014310186', '2018-06-11 13:07:58', 'SHOFYAN SYAINUDDIN ', 'JL. SUHADAK SAMPANG', NULL, NULL, 31, NULL, NULL, '-7.1927764', '113.254245', 'https://api.unira.ac.id/img/profil/mhs/2014310186.JPG', 1),
('2014310190', '2018-06-11 13:07:58', 'ZULFIATUL HASANAH ', 'DS. CAMPAKA, PASONGSONGAN, SUMENEP', NULL, NULL, 31, NULL, NULL, '-6.9824597', '113.6740257', NULL, 1),
('2014310191', '2018-06-11 13:07:58', 'ALFIAN WAHYU ILAHI', 'WARU BARAT, WARU, PAMEKASAN ', NULL, NULL, 31, NULL, NULL, '-6.9495014', '113.5430891', NULL, 1),
('2014310192', '2018-06-11 13:07:58', 'KRISNA WAHYU UTOMO', 'PERUMAHAN GRAHA KENCANA BLOK EE. NO 4', NULL, NULL, 31, NULL, NULL, '-7.2049627', '113.4750592', NULL, 1),
('2014310193', '2018-06-11 13:07:58', 'FIANG SARI', 'JL. KH. ABU. BAKAR TORJUN SAMPANG', NULL, NULL, 31, NULL, NULL, '-7.1451268', '113.2029904', NULL, 1),
('2014310194', '2018-06-11 13:07:58', 'KHODIJATUL MUARROFAH ', 'TAMBERU AGUNG BATU MARMAR PAMEKASAN ', NULL, NULL, 31, NULL, NULL, '-6.8965114', '113.4776104', 'https://api.unira.ac.id/img/profil/mhs/2014310194.JPG', 1),
('2014310195', '2018-06-11 13:07:58', 'MOHAMMAD SULTONI ARDIANSYAH', 'JL. GATOT KOCO NO. 17 KELURAHAN KOLPAJUNG, Kec. PAMEKASAN, Kab. PAMEKASAN', NULL, NULL, 31, NULL, NULL, '-7.150161', '113.4849608', NULL, 1),
('2014310196', '2018-06-11 13:07:58', 'INDAH SULISTIARINI ', 'JL. PAHLAWAN Gg I SAMPANG NO 8', NULL, NULL, 31, NULL, NULL, '-7.4734719', '110.2165742', NULL, 1),
('2014310199', '2018-06-11 13:07:58', 'MUHAMMAD HIDAYATULLAH FRIYADY', 'JL PINTU GERBANG GG.V', NULL, NULL, 31, NULL, NULL, '-7.1528185', '113.4737091', NULL, 1),
('2014310200', '2018-06-11 13:07:58', 'INDRA KUMARI ', 'PANAGUAN, LARANGAN, PAMEKASAN', NULL, NULL, 31, NULL, NULL, '-7.125492', '113.563922', NULL, 1),
('2014310202', '2018-06-11 13:07:58', 'NOVIA ASTRILIANI PUTRI', 'Dsn. MADDIS DS. PAMAROH Kec.KADUR ', NULL, NULL, 31, NULL, NULL, '-7.1064653', '113.5110944', NULL, 1),
('2014310210', '2018-06-11 13:07:58', 'SULTON HARIS MAULIDI ', 'DS. GULBUNG, KEC. PANGARENGAN ', NULL, NULL, 31, NULL, NULL, '-7.2076452', '113.1977576', 'https://api.unira.ac.id/img/profil/mhs/2014310210.JPG', 1),
('2014310211', '2018-06-11 13:07:58', 'RAMA DWI CAHYA', 'DS PALENGAAN LAOK, KEC PALENGAAN, KAB PAMEKASAN', NULL, NULL, 31, NULL, NULL, '-7.0561494', '113.4121233', 'https://api.unira.ac.id/img/profil/mhs/2014310211.JPG', 1),
('2014310213', '2018-06-11 13:07:58', 'SITI AISYAH ', 'DESA PANGLEGUR KEC. TLANAKAN PAMEKASAN ', NULL, NULL, 31, NULL, NULL, '-7.1906111', '113.4686802', 'https://api.unira.ac.id/img/profil/mhs/2014310213.JPG', 1),
('2014310220', '2018-06-11 13:07:58', 'MIFTAHUL ATHFAL ', 'JL PEMUDA G A, SAMPANG, SAMPANG', NULL, NULL, 31, NULL, NULL, '-7.1980078', '113.2497903', NULL, 1),
('2014310221', '2018-06-11 13:07:58', 'EKO MUDIYANTO', 'DS BILLA\'AN, KEC PROPPO, KAB PAMEKASAN', NULL, NULL, 31, NULL, NULL, '-7.1369695', '113.4195653', NULL, 1),
('2014310222', '2018-06-11 13:07:58', 'BAITURRACHMAN', 'JL. TRUNOJOYO, KELURAHAN PARTEKER', NULL, NULL, 31, NULL, NULL, '-7.1652477', '113.4815669', NULL, 1),
('2014310223', '2018-06-11 13:07:58', 'AGUS MUJIB RIDWAN', 'POLAGAN, SAMPANG, SAMPANG', NULL, NULL, 31, NULL, NULL, '-7.2127792', '113.2424227', NULL, 1),
('2014310224', '2018-06-11 13:07:58', 'FAUZUR ROHMAN ', 'KARANG PENANG SAMPANG', NULL, NULL, 31, NULL, NULL, '-7.0233839', '113.3704466', NULL, 1),
('2014310225', '2018-06-11 13:07:58', 'RAMZY AKBAR', 'JL TEMENGGUNGAN, KEL PARTEKER', NULL, NULL, 31, NULL, NULL, '-7.1643722', '113.4798421', NULL, 1),
('2014315001', '2018-06-11 13:07:58', 'MOHAMMAD IMRON ', 'Dsn. NOREH, SRESEH, SAMPANG', NULL, NULL, 31, NULL, NULL, '-7.205211', '113.0548108', 'https://api.unira.ac.id/img/profil/mhs/2014315001.JPG', 1),
('2014410001', '2018-06-11 13:07:58', 'MOHAMMAD HAIERUS SHOLEH ', 'LARANGAN SLAMPAR, TLANAKAN PAMEKASAN', '085257038611', 'l', 41, 138, '', '-7.1855086', '113.4240305', NULL, 1),
('2014410002', '2018-06-11 13:07:58', 'FIKRI NUR MAULIDIN ', 'PONTEH GALIS PAMEKASAN', '081913733327', 'l', 41, 134, 'Karyawan swasta', '-7.129798', '113.5535057', NULL, 1),
('2014410004', '2018-06-11 13:07:58', 'MOH. HARIST', 'KADUR, KEC. KADUR KAB. PAMEKASAN', '085231843163', 'm', 41, 128, 'Tidak bekerja ', '-7.0855417', '113.563922', NULL, 1),
('2014410006', '2018-06-11 13:07:58', 'FAHMI ZOELFAN ', 'WARU BARAT WARU PAMEKASAN', '082334245551', 'l', 41, 132, '', '-6.9495014', '113.5430891', NULL, 1),
('2014410007', '2018-06-11 13:07:58', 'MOH. FATHUL HUDA ', 'BANGCELOK JRENGIK SAMPANG ', NULL, NULL, 41, NULL, NULL, '-7.1360872', '113.1769129', NULL, 1),
('2014410008', '2018-06-11 13:07:58', 'HAIRUL ANAM ', 'DESA TERRAK, KEC. TLANAKAN, KAB. PAMEKASAN', NULL, NULL, 41, NULL, NULL, '-7.1800788', '113.3853314', 'https://api.unira.ac.id/img/profil/mhs/2014410008.JPG', 1),
('2014410011', '2018-06-11 13:07:58', 'SITI RAHMAWATI ', 'KADUARA BARAT LARANGAN PAMEKASAN', '082336316700', 's', 41, 138, '', '-7.1185796', '113.5996336', 'https://api.unira.ac.id/img/profil/mhs/2014410011.JPG', 1),
('2014410013', '2018-06-11 13:07:58', 'FATHOR ROSI ', 'DHARMA CAMPLONG SAMPANG ', NULL, NULL, 41, NULL, NULL, '-7.1999991', '113.3406758', NULL, 1),
('2014410016', '2018-06-11 13:07:58', 'HENDRO AGUNG SINAGA ', 'DESA PADEMAWU BARAT PADEMAWU PAMEKASAN ', NULL, NULL, 41, NULL, NULL, '-7.1930431', '113.516303', NULL, 1),
('2014410017', '2018-06-11 13:07:58', 'MOH. BADRI ', 'DESA TOBAI TIMUR SOKOBANAH SAMPANG ', NULL, NULL, 41, NULL, NULL, '-6.9663108', '113.4121233', 'https://api.unira.ac.id/img/profil/mhs/2014410017.JPG', 1),
('2014410018', '2018-06-11 13:07:58', 'KURNIAWANSYAH FADHILLAH', 'BUDDAGAN PADEMAWU PAMEKASAN', '087849548720', 'l', 41, 130, '', '-7.1586764', '113.5043977', NULL, 1),
('2014410019', '2018-06-11 13:07:58', 'RAUDLATUL JANNAH', 'JL. TEMENGGUNGAN KEC. PAMEKASAN KAB. PAMEKASAN ', NULL, NULL, 41, NULL, NULL, '-7.1625597', '113.481212', NULL, 1),
('2014410020', '2018-06-11 13:07:58', 'ACH. RUBIT RIDA\'I', 'WARU BARAT WARU PAMEKASAN', '087850468870', 'm', 41, 127, '', '-6.9495014', '113.5430891', NULL, 1),
('2014410022', '2018-06-11 13:07:58', 'FADLILLAH ', 'DESA LARANGAN BADUNG KEC. PALENGAAN KAB. PAMEKASAN', NULL, NULL, 41, NULL, NULL, '-7.119962', '113.4805863', NULL, 1),
('2014410025', '2018-06-11 13:07:58', 'RUSLAN EFENDI ', 'KLOMPANG BARAT PAKONG PAMEKASAN', NULL, NULL, 41, NULL, NULL, '-7.0520909', '113.5594579', 'https://api.unira.ac.id/img/profil/mhs/2014410025.JPG', 1),
('2014410026', '2018-06-11 13:07:58', 'ALFARIZIN', 'WARU TIMUR WARU PAMEKASAN', '082330325107', 'l', 41, 138, 'Operator sound system', '-6.9605521', '113.5698741', NULL, 1),
('2014410028', '2018-06-11 13:07:58', 'AINOL ANSYORI HOIRUDDIN', 'DESA PAKONG KEC. PAKONG KAB. PAMEKASAN', '085231834143', 'm', 41, 138, '', '-7.033304', '113.5609459', NULL, 1),
('2014410029', '2018-06-11 13:07:58', 'HAIRUL UMAM ', 'DESA PAKONG KEC. PAKONG KAB. PAMEKASAN', NULL, NULL, 41, NULL, NULL, '-7.033304', '113.5609459', NULL, 1),
('2014410030', '2018-06-11 13:07:58', 'HASAN ROLIS ', 'PALENGAAN LAOK PALENGAAN PAMEKASAN', '085104020343', 'l', 41, 136, '', '-7.0561494', '113.4121233', NULL, 1),
('2014410031', '2018-06-11 13:07:58', 'HAIRIL BADRI ', 'DESA PONTEH KEC. GALIS KAB. PAMEKASAN', NULL, NULL, 41, NULL, NULL, '-7.129798', '113.5535057', NULL, 1),
('2014410033', '2018-06-11 13:07:58', 'HASANOL KHOLIQIN ', 'DESA TANJUNG PADEMAWU PAMEKASAN', NULL, NULL, 41, NULL, NULL, '-7.2191083', '113.5430891', NULL, 1),
('2014410034', '2018-06-11 13:07:58', 'MOH. SULHA ', 'DESA BUJUR TIMUR BATUMARMAR  PAMEKASAN', NULL, NULL, 41, NULL, NULL, '-6.9906208', '113.5192793', NULL, 1),
('2014410035', '2018-06-11 13:07:58', 'ABD GHAFUR SYAH ', 'DESA BUJUR TENGAH BATUMARMAR PAMEKASAN', '085234707212', 'm', 41, 138, 'Pelajar', '-6.991872', '113.4954685', 'https://api.unira.ac.id/img/profil/mhs/2014410035.JPG', 1),
('2014510001', '2018-06-11 13:07:58', 'MUARI ', 'DS. RANGPERANG LAOK, PROPPO, PAMEKASAN', NULL, NULL, 51, NULL, NULL, '-7.1260155', '113.4374257', NULL, 1),
('2014510004', '2018-06-11 13:07:58', 'AGUS SUGIYONO', 'DS. TANGGUNGMANG KRC. SAMPANG, KAB. SAMPANG', NULL, NULL, 51, NULL, NULL, '-7.0402326', '113.2394452', 'https://api.unira.ac.id/img/profil/mhs/2014510004.JPG', 1),
('2014510005', '2018-06-11 13:07:58', 'AINUL YAQIN ', 'DS. PADEMAWU BARAT, KEC. PADEMAWU, KAB. PAMEKASAN ', NULL, NULL, 51, NULL, NULL, '-7.1930431', '113.516303', NULL, 1),
('2014510006', '2018-06-11 13:07:58', 'ARIEL ARDIAN NOER', 'DS. PADEMAWU TIMUR, KEC. PADEMAWU, KAB. PAMEKASAN', NULL, NULL, 51, NULL, NULL, '-7.2380812', '113.516303', 'https://api.unira.ac.id/img/profil/mhs/2014510006.JPG', 1),
('2014510008', '2018-06-11 13:07:58', 'MUHAMMAD ZAINAL ABIDIN ', 'JL. SALAK KEC. SAMPANG KAB. SAMPANG', NULL, NULL, 51, NULL, NULL, '-7.1858322', '113.2393341', 'https://api.unira.ac.id/img/profil/mhs/2014510008.JPG', 1),
('2014510009', '2018-06-11 13:07:58', 'INDRA NUR ARDIANSYAH ', 'DS. PADEMAWU TIMUR, KEC. PADEMAWU, KAB. PAMEKASAN', NULL, NULL, 51, NULL, NULL, '-7.2380812', '113.516303', NULL, 1),
('2014510010', '2018-06-11 13:07:58', 'SUBAIRI ', 'Dsn.AENGPENAG DS. BLUMBUNGAN KEC. LARANGAN, KAB. PAMEKASAN', NULL, NULL, 51, NULL, NULL, '-7.1210284', '113.507374', NULL, 1),
('2014510013', '2018-06-11 13:07:58', 'IMAM SANTOSO ', 'DS. NYALABU DAYA, PAMEKASAN', '085331347366', 'l', 51, 168, '', '-7.1405936', '113.4686802', NULL, 1),
('2014510015', '2018-06-11 13:07:58', 'ABDURRAHMAN', 'DS. LARANGAN TOKOL, TLANAKAN, PAMEKASAN', NULL, NULL, 51, NULL, NULL, '-7.2106294', '113.4686802', NULL, 1),
('2014510021', '2018-06-11 13:07:58', 'AINUN MUMTAZ MUHAMMAD GASA ', 'JL. SUHADAK KEC. SAMPANG, KAB. SAMPANG', '087850922694', 'm', 51, 134, '', '-7.1927764', '113.254245', 'https://api.unira.ac.id/img/profil/mhs/2014510021.JPG', 1),
('2014510027', '2018-06-11 13:07:58', 'MARIATUL QIBTHIYAH ', 'JL. PANGLEGUR, TLANAKAN, PAMEKASAN ', '085259377001', 'm', 51, 134, '', '-7.1901121', '113.4757853', 'https://api.unira.ac.id/img/profil/mhs/2014510027.JPG', 1),
('2014510030', '2018-06-11 13:07:58', 'EKA AFNA SETIAWAN ', 'Dsn. KOPANG, DS. KARANGGAYAM, BLEGA, BANGKALAN ', NULL, NULL, 51, NULL, NULL, '-7.1198287', '113.0871996', 'https://api.unira.ac.id/img/profil/mhs/2014510030.JPG', 1),
('2014510032', '2018-06-11 13:07:58', 'DENI SETIADI ', 'DS. BARUH SAMPANG', '085230533115', 'm', 51, 134, '', '-7.1654618', '113.2841076', NULL, 1),
('2014520001', '2018-06-11 13:07:58', 'SULASTRI LIMANDA DEWI', 'GUNUNGSEKAR, SAMPANG, SAMPANG', '085231689492', 'xl', 52, 125, 'Guru', '-7.1885312', '113.242839', NULL, 1),
('2014520002', '2018-06-11 13:07:58', 'NANIK WINARSIH', 'Jl. Raya Blumbungan, Tomang Mate, Blumbungan, Larangan, Kabupaten Pamekasan, Jawa Timur 69383, Indonesia', '082330863237', 'm', 52, 131, '', '-7.120767620368559', '113.50485465845236', 'https://api.unira.ac.id/img/profil/mhs/2014520002.JPG', 1),
('2014520005', '2018-06-11 13:07:58', 'ANDIKA FEBRIYANTO', 'JL RUNGGOSUKOWATI GG II/16 PAMEKASAN', NULL, NULL, 52, NULL, NULL, '-7.152972', '113.4879724', 'https://api.unira.ac.id/img/profil/mhs/2014520005.JPG', 1),
('2014520006', '2018-06-11 13:07:58', 'IMAM SYAFI\'I', 'DS RABASAN, KEC CAMPLONG, KAB SAMPANG', NULL, NULL, 52, NULL, NULL, '-7.1786926', '113.3644925', 'https://api.unira.ac.id/img/profil/mhs/2014520006.JPG', 1),
('2014520007', '2018-06-11 13:07:58', 'SYAIFUL BAHRI', 'JL RAJAWALI KARANG DALEM SAMPANG', NULL, NULL, 52, NULL, NULL, '-7.1999692', '113.2412547', 'https://api.unira.ac.id/img/profil/mhs/2014520007.JPG', 1),
('2014520009', '2018-06-11 13:07:58', 'YULIAN TRI WAHYUDI ', 'PATEMON BARAT SUNGAI, KEL. PATEMON, KEC. PAMEKASAN, KAB. PAMEKASAN', NULL, NULL, 52, NULL, NULL, '-7.1711293', '113.4820745', 'https://api.unira.ac.id/img/profil/mhs/2014520009.JPG', 1),
('2014520010', '2018-06-11 13:07:58', 'NUFAL BAIDAWI ', 'PRAGAAN LAOK, PRAGAAN, SUMENEP ', NULL, NULL, 52, NULL, NULL, '-7.1103873', '113.6591481', NULL, 1),
('2014520012', '2018-06-11 13:07:58', 'FIRMAN WAHYUDI AHMAD', 'SAMIRAN, PROPPO, PAMEKASAN', '085330020359', 'm', 52, 138, '', '-7.1521891', '113.4389141', 'https://api.unira.ac.id/img/profil/mhs/2014520012.JPG', 1),
('2014520013', '2018-06-11 13:07:58', 'JUMAATI', 'BRAMBANG, PALENGAAN, PAMEKASAN', NULL, NULL, 52, NULL, NULL, '-7.1292006', '113.4128675', NULL, 1),
('2014520014', '2018-06-11 13:07:58', 'HAIRUR ROZI', 'GUGUL, TLANAKAN, PAMEKASAN', '085231329995', 'l', 52, 131, 'Wirausaha', '-7.2019045', '113.4448674', 'https://api.unira.ac.id/img/profil/mhs/2014520014.JPG', 1),
('2014520015', '2018-06-11 13:07:58', 'NUR KHOLIS', 'DS KADUARA TIMUR, SUMENEP', NULL, NULL, 52, NULL, NULL, '-7.1167717', '113.6100491', 'https://api.unira.ac.id/img/profil/mhs/2014520015.JPG', 1),
('2014520018', '2018-06-11 13:07:58', 'RIAN WAHYUDI', 'JABA\'AN, KEC MANDING, KAB SUMENEP', '085232404007', 'l', 52, 135, '', '-6.9411366', '113.8436013', 'https://api.unira.ac.id/img/profil/mhs/2014520018.JPG', 1),
('2014520021', '2018-06-11 13:07:58', 'UMARUL FARUQ', 'JL SYAMSUL ARIFIN SAMPANG', NULL, NULL, 52, NULL, NULL, '-7.202603', '113.2456033', 'https://api.unira.ac.id/img/profil/mhs/2014520021.JPG', 1),
('2014520022', '2018-06-11 13:07:58', 'NURUL HIDAYAT', 'PAMOROH, KADUR, PAMEKASAN', '082335643733', 'l', 52, 128, '', '-7.0804326', '113.5192793', 'https://api.unira.ac.id/img/profil/mhs/2014520022.JPG', 1),
('2014520023', '2018-06-11 13:07:58', 'BENY HIMAWAN', 'JL MANGGIS, KEL GUNUNGSEKAR RW.02 RT.03 SAMPANG', '085257777002', 'l', 52, 128, 'Staff di dinas pemuda olahraga kebudayaan dan pariwisata', '-7.1851165', '113.241666', 'https://api.unira.ac.id/img/profil/mhs/2014520023.JPG', 1),
('2014520024', '2018-06-11 13:07:58', 'NURUL ISNAINI', 'PLAKPAK PAGENTENAN PAMEKASAN', NULL, NULL, 52, NULL, NULL, '-7.0923225', '113.4835627', NULL, 1),
('2014520026', '2018-06-11 13:07:58', 'INTAN NURUL LAILA LATIF', 'JL BALAIKAMBANG GG V/84 PAMEKASAN', NULL, NULL, 52, NULL, NULL, '-7.1586813', '113.485293', 'assets/images/peserta/2014520026.jpg', 1),
('2014520027', '2018-06-11 13:07:58', 'SOHEH MUSLIM', 'DS DASOK, KEC PADEMAWU, KAB PAMEKASAN', '087750441515', 'xl', 52, 131, '', '-7.1627154', '113.5222556', NULL, 1),
('2014520028', '2018-06-11 13:07:58', 'ALFAN FANNANI ', 'AENG SOKO, PRAGAAN, SUMENEP', '088217425636', 'l', 52, 125, '', '-7.1095725', '113.6893786', 'https://api.unira.ac.id/img/profil/mhs/2014520028.JPG', 1),
('2014520032', '2018-06-11 13:07:58', 'ANADYA HARFIANA', 'Jl. KH.Agus Salim No.107, Rw. 08, Barurambat Kota, Kec. Pamekasan, Kabupaten Pamekasan, Jawa Timur 69317, Indonesia', '082302067815', 'm', 52, 131, '', '-7.1557973', '113.48395660000006', 'https://api.unira.ac.id/img/profil/mhs/2014520032.JPG', 1),
('2014520035', '2018-06-11 13:07:58', 'AIDIL FITRIANTO ', 'CAMPLONG, KEC. CAMPLONG, KAB. SAMPANG', NULL, NULL, 52, NULL, NULL, '-7.1846561', '113.34663', NULL, 1),
('2014520037', '2018-06-11 13:07:58', 'ALISA NALURITA', 'BADDURIH, PADEMAWU, PAMEKASAN', NULL, NULL, 52, NULL, NULL, '-7.218503', '113.485051', 'https://api.unira.ac.id/img/profil/mhs/2014520037.JPG', 1),
('2014520038', '2018-06-11 13:07:58', 'AGUSTINA WIDIASARI', 'JL TEJA, DS TEJA BARAT PAMEKASAN', NULL, NULL, 52, NULL, NULL, '-7.1643202', '113.4491879', 'https://api.unira.ac.id/img/profil/mhs/2014520038.JPG', 1),
('2014520039', '2018-06-11 13:07:58', 'SLAMET', 'JL KRAMAT 1 SAMPANG, SAMPANG', NULL, NULL, 52, NULL, NULL, '-7.1935202', '113.2271436', 'https://api.unira.ac.id/img/profil/mhs/2014520039.JPG', 1),
('2014520041', '2018-06-11 13:07:58', 'ABU RIZAL JUNAIDI', 'DS KARDULUK, PRAGAAN, SUMENEP', '085230341923', 'xl', 52, 131, 'Mahasiswa', '-7.0902027', '113.7097303', 'https://api.unira.ac.id/img/profil/mhs/2014520041.JPG', 1),
('2014520042', '2018-06-11 13:07:58', 'MOH HUSEN', 'JL RAJAWALI BARU SAMPANG', '082337007567', 'm', 52, 169, '', '-7.199071', '113.2420334', NULL, 1),
('2014520043', '2018-06-11 13:07:58', 'SYAIFUL HASAN', 'DS. KATOL TIMUR, KEC. KOKOP, KAB. BANGKALAN ', NULL, NULL, 52, NULL, NULL, '-6.9772441', '113.007156', NULL, 1),
('2014520046', '2018-06-11 13:07:58', 'PRASETYA WAHYU KURNIYADHI', 'PAMOLOKAN, SUMENEP', NULL, NULL, 52, NULL, NULL, '-6.9985428', '113.8629353', 'https://api.unira.ac.id/img/profil/mhs/2014520046.JPG', 1),
('2014520047', '2018-06-11 13:07:58', 'ACH RIZKIYANTO EFFENDI', 'KARANGDUAK, KEC SUMENEP, KAB SUMENEP', NULL, NULL, 52, NULL, NULL, '-7.004419', '113.8577301', NULL, 1),
('2014520050', '2018-06-11 13:07:58', 'WILLY ARIANTA PUTRA', 'BCF JL SEKAWAN ELOK III/39 BULUSIDOKARE, SIDOARJO', NULL, NULL, 52, NULL, NULL, '-7.4576369', '112.7239879', NULL, 1),
('2014525002', '2018-06-11 13:07:58', 'ZAINUR RAHMAN', 'JL PURBA GG 2 NO.7 PAMEKASAN', NULL, NULL, 52, NULL, NULL, '-7.1650959', '113.4824255', 'https://api.unira.ac.id/img/profil/mhs/2014525002.JPG', 1),
('2014610001', '2018-06-11 13:07:58', 'DITA TRIANA', 'LAWANGAN DAYA PADEMAWU PAMEKASAN', NULL, NULL, 61, NULL, NULL, '-7.1543162', '113.4924921', NULL, 1),
('2014610002', '2018-06-11 13:07:58', 'EKA HAVIANTI ', 'JL. MUTIARA SAMPANG ', NULL, NULL, 61, NULL, NULL, '-7.2059813', '113.2557745', NULL, 1),
('2014610003', '2018-06-11 13:07:58', 'AKH. KURDIADI ', 'DESA BULAY KECAMATAN GALIS KAB. PAMEKASAN', NULL, NULL, 61, NULL, NULL, '-7.1451083', '113.5475534', NULL, 1),
('2014610004', '2018-06-11 13:07:58', 'FIFIN LUKMANIYAH', 'Ds. SOKALELAH, KADUR, PAMEKASAN', '082330470288', 's', 61, 154, '', '-7.1072606', '113.5877464', NULL, 1),
('2014610005', '2018-06-11 13:07:58', 'MAULANA ABDURRAHMAN AJI ', 'JL. H AGUS SALIM GG. 1 NO.5 SAMPANG ', '085259956281', 'm', 61, 134, '', '-7.2061186', '113.2526391', 'https://api.unira.ac.id/img/profil/mhs/2014610005.JPG', 1),
('2014610006', '2018-06-11 13:07:58', 'RIF\'ATUL QOMARIYAH', 'Jl. MUTIARA II/10, KEL. BANYUANYAR , Kec. SAMPANG', NULL, NULL, 61, NULL, NULL, '-7.2034926', '113.2519335', NULL, 1),
('2014610007', '2018-06-11 13:07:58', 'SULFI NUR AIDA ', 'DESA BRANTA PESISIR KEC. TLANAKAN KAB. PAMEKASAN', NULL, NULL, 61, NULL, NULL, '-7.2197702', '113.4500765', NULL, 1),
('2014610008', '2018-06-11 13:07:58', 'TRI RAHAYU NINGSIH ', 'DUSUN ASAMPUTIH PADEMAWU BARAT PADEMAWU PAMEKASAN', NULL, NULL, 61, NULL, NULL, '-7.1930431', '113.516303', NULL, 1),
('2014610009', '2018-06-11 13:07:58', 'SYAIFUL RAHMAN ', 'KRAMAT TLANAKAN PAMEKASAN ', NULL, NULL, 61, NULL, NULL, '-7.2100083', '113.4106349', NULL, 1),
('2014610010', '2018-06-11 13:07:58', 'ACH. TAUFIQURRAHMAN', 'KRAMAT TLANAKAN PAMEKASAN ', NULL, NULL, 61, NULL, NULL, '-7.2100083', '113.4106349', NULL, 1),
('2014610013', '2018-06-11 13:07:58', 'MUHAMMAD SYAIFUL RIJAL ', 'DESA BRANTA TINGGI KEC. TLANAKAN KAB. PAMEKASAN', NULL, NULL, 61, NULL, NULL, '-7.2124439', '113.4582622', NULL, 1),
('2014610014', '2018-06-11 13:07:58', 'KHAYIMMAH', 'Ds. PANGLEGUR, PAMEKASAN', '082332903046', 's', 61, 154, '', '-7.1906111', '113.4686802', 'https://api.unira.ac.id/img/profil/mhs/2014610014.JPG', 1),
('2014610015', '2018-07-07 11:36:48', 'Taufiqurrahman', 'Jl. Sersan Mesrul No.117, Gladak Anyar, Kec. Pamekasan, Kabupaten Pamekasan, Jawa Timur 69317, Indonesia', '001210201201021', 'l', 61, 130, '-', '-7.1487851', '113.47909800000002', NULL, 1),
('2014610016', '2018-06-11 13:07:58', 'KHOZAIRI ', 'KARANG PENAG SAMPANG', NULL, NULL, 61, NULL, NULL, '-7.0233839', '113.3704466', NULL, 1),
('2014610017', '2018-06-11 13:07:58', 'DIKI HIBATUR PRATAMA M ', 'DUSUN BULUNG DESA BUDDAGAN PADEMAWU PAMEKASAN ', NULL, NULL, 61, NULL, NULL, '-7.1576913', '113.5110944', NULL, 1),
('2014610018', '2018-06-11 13:07:58', 'UMAMATUS  SHOLEHAH ', 'WARU TIMUR WARU PAMEKASAN ', '083123219845', 'm', 61, 130, '', '-6.9605521', '113.5698741', NULL, 1),
('2014610019', '2018-06-11 13:07:58', 'RISKI YADI ', 'DESA SOMALANG KEC. PAKONG KAB. PAMEKASAN', NULL, NULL, 61, NULL, NULL, '-7.0413229', '113.5743381', 'https://api.unira.ac.id/img/profil/mhs/2014610019.JPG', 1),
('2014610020', '2018-06-11 13:07:58', 'DEDY SUPRIYADI ', 'DESA PLIYANG KEC. SAMPANG KAB. SAMPANG ', NULL, NULL, 61, NULL, NULL, '-7.187944', '113.2417', NULL, 1),
('2014610023', '2018-06-11 13:07:58', 'ILHAM WAHYUDI ', 'DESA MONTOK KEC. LARANGAN KAB. PAMEKASAN ', '082331975161', 'xl', 61, 154, '', '-7.129528', '113.5817781', NULL, 1),
('2014610024', '2018-06-11 13:07:58', 'M. SYARIF AHMAD ', 'RAGANG WARU PAMEKASAN ', NULL, NULL, 61, NULL, NULL, '-6.9895088', '113.58773', NULL, 1),
('2014610025', '2018-06-11 13:07:58', 'MOH. BASRI', 'Jl. NURI Kec. SAMPANG, Kab. SAMPANG', NULL, NULL, 61, NULL, NULL, '-7.1900461', '113.2432348', NULL, 1),
('2014610026', '2018-06-11 13:07:58', 'HANAFI HAMDAN ', 'PARAGAAN DAYA PRAGAAN SUMENEP ', NULL, NULL, 61, NULL, NULL, '-7.0827829', '113.6621236', NULL, 1),
('2014610027', '2018-06-11 13:07:58', 'MOH. UTSMAN JAUHARIY', 'PROGAAN DAYA PRAGAAN KAB. SUMENEP ', NULL, NULL, 61, NULL, NULL, '-7.0827829', '113.6621236', 'https://api.unira.ac.id/img/profil/mhs/2014610027.JPG', 1),
('2014610030', '2018-06-11 13:07:58', 'MERIANA QUR\'AINI ', 'JL. JOKOTOLE 248 PAMEKASAN ', '085234160707', 'm', 61, 132, '', '-7.1626093', '113.5032878', NULL, 1),
('2014610031', '2018-06-11 13:07:58', 'NURIARUL LAILI', 'Ds. PARTEKER, Kec. PAMEKASAN, Kab. PAMEKASAN', '082322959202', 'm', 61, 130, '', '-7.1643722', '113.4798421', NULL, 1),
('2014610032', '2018-06-11 13:07:58', 'MOHAMMAD HOLIL ', 'JL. NUGROHO PAMEKASAN ', NULL, NULL, 61, NULL, NULL, '-7.1592631', '113.4907421', 'assets/images/peserta/2014610032.JPG', 1),
('2014610034', '2018-06-11 13:07:58', 'SYAHDANIL HISYAM ', 'DESA BRINGIN NONGGAL KEC. TORJUN KAB. SAMPANG ', NULL, NULL, 61, NULL, NULL, '-7.1564406', '113.1709572', 'https://api.unira.ac.id/img/profil/mhs/2014610034.JPG', 1),
('2014610038', '2018-06-11 13:07:58', 'SUSASNTI STIA WARDANI', 'JL. SERSAN MESRUL KEC. PAMEKASAN', '085331377151', 's', 61, 132, '', '-7.1501284', '113.4796548', NULL, 1),
('2014610043', '2018-06-11 13:07:58', 'SUPYADI ', 'TLAMBAH, KEC. KARANG PENANG KAB. SAMPANG ', NULL, NULL, 61, NULL, NULL, '-7.0357122', '113.3734236', NULL, 1),
('2014610044', '2018-06-11 13:07:58', 'FERY FADILLAH ', 'LARANGAN LUAR LARANGAN PAMEKASAN', NULL, NULL, 61, NULL, NULL, '-7.1061507', '113.5520176', NULL, 1),
('2014610045', '2018-06-11 13:07:58', 'DIZA PURWA DEWINTA ', 'Jl. STADION Gg 2 No 40 PAMEKASAN', '082301764517', 'l', 61, 130, '', '-7.1581313', '113.4877664', NULL, 1),
('2014610049', '2018-06-11 13:07:58', 'M ZAINAL ABIDIN', 'DESA TANJUNG KEC. PANGARENGAN SAMPANG ', NULL, NULL, 61, NULL, NULL, '-7.1956302', '113.161986', 'https://api.unira.ac.id/img/profil/mhs/2014610049.JPG', 1),
('2014610050', '2018-06-11 13:07:58', 'SOFYAN ANSORI ', 'DUSUN BARUH DESA BINDANG KEC. PASEAN KAB. PAMEKASAN ', '085230902476', 'xl', 61, 128, '', '-6.909282', '113.6219523', NULL, 1),
('2014610051', '2018-06-11 13:07:58', 'IMAM GHOZALI ', 'TOBAI TIMUR SOKOBANAH SAMPANG ', NULL, NULL, 61, NULL, NULL, '-6.9663108', '113.4121233', NULL, 1),
('2014610052', '2018-06-11 13:07:58', 'NURUL HIDAYAH', 'Ds. GUGUL Kec. TLANAKAN Kab. PAMEKASAN', '085257302040', 's', 61, 132, '', '-7.2019045', '113.4448674', 'assets/images/peserta/2014610052.jpg', 1),
('2014610053', '2018-06-11 13:07:58', 'ERFAN RIYADI ', 'BULANGAN BARAT PEGANTENAN PAMEKASAN', NULL, NULL, 61, NULL, NULL, '-7.0540806', '113.4984449', NULL, 1),
('2014610056', '2018-06-11 13:07:58', 'MAKKIYAH', 'Ds. APA\'AN, Kec. PANGLEGUR, Kab. SAMPANG ', NULL, NULL, 61, NULL, NULL, '-7.1906111', '113.4686802', 'https://api.unira.ac.id/img/profil/mhs/2014610056.JPG', 1),
('2014610057', '2018-06-11 13:07:58', 'NURUL AZIZAH AFRILIANA ', 'DUSUN BULUNG DESA BUDDAGAN PADEMAWU PAMEKASAN ', '082335464746', 's', 61, 130, '', '-7.1576913', '113.5110944', 'https://api.unira.ac.id/img/profil/mhs/2014610057.JPG', 1),
('2014610058', '2018-06-11 13:07:58', 'RAUDATUL AZIZAH ', 'PANGLEGUR TLANAKAN PAMEKASAN', NULL, NULL, 61, NULL, NULL, '-7.1906111', '113.4686802', 'https://api.unira.ac.id/img/profil/mhs/2014610058.JPG', 1),
('2014610062', '2018-06-11 13:07:58', 'MOH. HASAN BASRI ', 'JL. KRAMAT II SAMPANG', NULL, NULL, 61, NULL, NULL, '-7.100949', '113.217935', NULL, 1),
('2014610064', '2018-06-11 13:07:58', 'QORI\'AINI ', 'DESA GULBUNG KEC.  PANGARENGAN KAB. SAMPANG ', NULL, NULL, 61, NULL, NULL, '-7.2076452', '113.1977576', NULL, 1),
('2014610065', '2018-06-11 13:07:58', 'NOVI FARADILA', 'Ds. PANGLEGUR PAMEKASAN', '082336695251', 'xl', 61, 132, '', '-7.1906111', '113.4686802', NULL, 1),
('2014610066', '2018-06-11 13:07:58', 'SAKDIYAH ', 'JL. RAJAWALI KEC. SAMPANG ', NULL, NULL, 61, NULL, NULL, '-7.1999692', '113.2412547', 'https://api.unira.ac.id/img/profil/mhs/2014610066.JPG', 1),
('2014610067', '2018-06-11 13:07:58', 'FAIZIN SYAFI\'IE', 'PANHLEGUR PAMEKASAN ', '082330477373', 'm', 61, 132, 'Desaigner madura united', '-7.1906111', '113.4686802', 'https://api.unira.ac.id/img/profil/mhs/2014610067.JPG', 1),
('2014610069', '2018-06-11 13:07:58', 'HARIS SUTOYONO', 'DESA GUNUNG MADDAH, KAB. SAMPANG ', '085204971369', 'l', 61, 134, '', '-7.1931694', '113.2811302', 'https://api.unira.ac.id/img/profil/mhs/2014610069.JPG', 1),
('2014610070', '2018-06-11 13:07:58', 'SITI FATIMA', 'JL. RAJAWALI KEC. SAMPANG ', NULL, NULL, 61, NULL, NULL, '-7.1999692', '113.2412547', 'https://api.unira.ac.id/img/profil/mhs/2014610070.JPG', 1),
('2014610076', '2018-06-11 13:07:58', 'ALI WARDI ', 'PANGLEGUR TLANAKAN PAMEKASAN', '081231479634', 'm', 61, 128, 'Pegawai sekaligus pemilik cafe ', '-7.1906111', '113.4686802', NULL, 1),
('2014610077', '2018-06-11 13:07:58', 'WAHYUDI HIDAYAT ', 'PANGLEGUR TLANAKAN PAMEKASAN', '085230968979', 'm', 61, 154, '', '-7.1906111', '113.4686802', 'https://api.unira.ac.id/img/profil/mhs/2014610077.JPG', 1),
('2014610079', '2018-06-11 13:07:58', 'IMAM  HUDAIFI ', 'DUSUN BUNGKAR DESA TLONTORAJA PASEAN PAMEKASAN', NULL, NULL, 61, NULL, NULL, '-6.9024316', '113.5624339', NULL, 1),
('2014610080', '2018-06-11 13:07:58', 'HALIMAH ', 'JL. GAZALI PAMEKASAN', NULL, NULL, 61, NULL, NULL, '-7.1614693', '113.4718219', NULL, 1),
('2014610081', '2018-06-11 13:07:58', 'HOLIDAH', 'DESA LAR-LAR KEC. BANYUATES KAB. SAMPANG', NULL, NULL, 61, NULL, NULL, '-6.9861945', '113.2215794', 'https://api.unira.ac.id/img/profil/mhs/2014610081.JPG', 1),
('2014615002', '2018-06-11 13:07:58', 'LATIFUL UMAM', 'PAGENDINGAN GALIS PAMEKASAN', NULL, NULL, 61, NULL, NULL, '-7.1354337', '113.5416011', NULL, 1),
('2014615005', '2018-06-11 13:07:58', 'ERVAN TRIYANTO', 'DESA PELTONG KEC. LARANGAN KAB. PAMEKASAN', '081235783808', 'xl', 61, 130, '', '-7.1342128', '113.5177912', 'https://api.unira.ac.id/img/profil/mhs/2014615005.JPG', 1);
INSERT INTO `mahasiswa` (`NPM`, `TGLREGMHS`, `NAMAMHS`, `ALAMATMHS`, `KONTAKMHS`, `SERAGAMMHS`, `KDPRODI`, `SKSMHS`, `PEKERJAANMHS`, `KORDXMHS`, `KORDYMHS`, `FOTOMHS`, `STATUSMHS`) VALUES
('2014620001', '2018-06-11 13:07:58', 'SISKATUR RISKIYAH ', 'LARANGAN DALAM, KEC. LARANGAN KAB. PAMEKASAN', NULL, NULL, 62, NULL, NULL, '-7.117309', '113.5535057', 'https://api.unira.ac.id/img/profil/mhs/2014620001.JPG', 1),
('2014620002', '2018-06-11 13:07:58', 'MOHAMMAD KHOLILI ', 'BUNGBARUH KADUR PAMEKASAN', NULL, NULL, 62, NULL, NULL, '-7.0795967', '113.5817781', 'https://api.unira.ac.id/img/profil/mhs/2014620002.JPG', 1),
('2014620003', '2018-06-11 13:07:58', 'EKA INDRIANI ', 'JL. PEMUDA BAHARI KEL. RONGTENGAH, KRC. SAMPANG', '085232851124', 'l', 62, 134, 'Guru les', '-7.2005235', '113.2491445', NULL, 1),
('2014620004', '2018-06-11 13:07:58', 'MUAMMANAH', 'KOLPAJUNG, PAMEKASAN', '083853534331', 'm', 62, 134, '', '-7.1458062', '113.4880274', NULL, 1),
('2014620005', '2018-06-11 13:07:58', 'ADILLAH NORIS TSABITA ', 'JL.KH. HASAN SHINHAJI KABUPATEN PAMEKASAN', '082302527952', 'm', 62, 184, '', '-7.1662933', '113.4763993', 'https://api.unira.ac.id/img/profil/mhs/2014620005.JPG', 1),
('2014620007', '2018-06-11 13:07:58', 'KUROTUL AINI SALEH ', 'JL.COKROATMOJO GG. 1/21 KEC. PAMEKASAN ', NULL, NULL, 62, NULL, NULL, '-7.159963', '113.4795519', NULL, 1),
('2014620010', '2018-06-11 13:07:58', 'AHMAD MULKI HIDAYAT ', 'DS. LEMPER PADEMAWU', '087859755992', 'l', 62, 134, 'Satuan Pengamanan RSUD Pamekasan', '-7.1732721', '113.4959937', NULL, 1),
('2014620011', '2018-06-11 13:07:58', 'NURUL HUDA ', 'PALENGAAN LAOK PALENGAAN PAMEKASAN ', NULL, NULL, 62, NULL, NULL, '-7.0561494', '113.4121233', NULL, 1),
('2014620012', '2018-06-11 13:07:58', 'RISQI', 'JL. KABUPATEN NO 50 PAMEKASAN', '082245619313', 'xl', 62, 134, 'Wiraswasta', '-7.1583064', '113.476062', NULL, 1),
('2014620013', '2018-06-11 13:07:58', 'NURUL SEPTIANI FAJRI', 'JL. LAWANGAN DAYA, Kec. PADEMAWU Kab, PAMEKASAN', '085258398898', 's', 62, 134, 'Les Privat', '-7.1486904', '113.5003655', 'https://api.unira.ac.id/img/profil/mhs/2014620013.JPG', 1),
('2014620014', '2018-06-11 13:07:58', 'NINDYA IKA PRATIWI ', 'JL. MERPATI SAMPANG ', NULL, NULL, 62, NULL, NULL, '-7.1909263', '113.2400215', NULL, 1),
('2014620015', '2018-06-11 13:07:58', 'KAMSIYAH', 'PASANGGAR, PANGANTENAN, PAMEKASAN', NULL, NULL, 62, NULL, NULL, '-7.0236825', '113.4597505', NULL, 1),
('2014620016', '2018-06-11 13:07:58', 'HARIS ', 'BETTET PAMEKASAN', NULL, NULL, 62, NULL, NULL, '-7.1574039', '113.4582622', NULL, 1),
('2014620017', '2018-06-11 13:07:58', 'KURROTUL AINI ', 'DESA NYALABU DAYA KEC. PAMEKASAN KAB. PAMEKASAN', NULL, NULL, 62, NULL, NULL, '-7.1405936', '113.4686802', 'https://api.unira.ac.id/img/profil/mhs/2014620017.JPG', 1),
('2014620018', '2018-06-11 13:07:58', 'NUR KHOLIS ANIS KURLY ', 'JL. JALMAK GG. III PAMEKASAN', NULL, NULL, 62, NULL, NULL, '-7.1759012', '113.4687968', 'assets/images/peserta/2014620018.jpg', 1),
('2014620019', '2018-06-11 13:07:58', 'FATHOR RAHMAN ', 'DESA KARANG GAYAM KEC. OMBEN KAB. SAMPANG', NULL, NULL, 62, NULL, NULL, '-7.0799079', '113.3406758', 'https://api.unira.ac.id/img/profil/mhs/2014620019.JPG', 1),
('2014620020', '2018-06-11 13:07:58', 'YUNIATUL AINI ', 'DESA PATOAN DAYA KEC.POLANGAN KAB. SAMPANG ', NULL, NULL, 62, NULL, NULL, '-7.8510218', '113.1828686', NULL, 1),
('2014620021', '2018-06-11 13:07:58', 'LU\'LUUL MUKARROMAH ', 'JL. MANGKUBUMI KEC. SAMPANG KAB. SAMPANG ', '085852220552', 's', 62, 134, '', '-7.2073885', '113.2312262', 'https://api.unira.ac.id/img/profil/mhs/2014620021.JPG', 1),
('2014620022', '2018-06-11 13:07:58', 'SHERLY DWI PUSPITARANI ', 'JL.RAJAWALI KEC. SAMPANG KAB. SAMPANG', NULL, NULL, 62, NULL, NULL, '-7.1999692', '113.2412547', 'https://api.unira.ac.id/img/profil/mhs/2014620022.JPG', 1),
('2014620023', '2018-06-11 13:07:58', 'TOHIR MUHAMMAD', 'Ds. PANGERREMAN Kec. BATUMARMAR Kab. PAMEKASAN', NULL, NULL, 62, NULL, NULL, '-6.9644474', '113.4478441', NULL, 1),
('2014620024', '2018-06-11 13:07:58', 'YUNITA MEGA FERAWATI ', 'DESA SOPA\'AH KEC. PADEMAWU KAB. PAMEKASAN', NULL, NULL, 62, NULL, NULL, '-7.1981627', '113.4910039', NULL, 1),
('2014620025', '2018-06-11 13:07:58', 'AHMAD AFIFUR RAHMAN ', 'DESA KONAG KEC. GALIS KAB. PAMEKASAN ', '085232300413', 'l', 62, 184, 'Mengajar les', '-7.1531332', '113.5609459', 'https://api.unira.ac.id/img/profil/mhs/2014620025.JPG', 1),
('2014620027', '2018-06-11 13:07:58', 'ACH. GINARYADI ', 'JL. RAJAWALI KEC. SAMPANG KAB. SAMPANG ', NULL, NULL, 62, NULL, NULL, '-7.1999692', '113.2412547', 'https://api.unira.ac.id/img/profil/mhs/2014620027.JPG', 1),
('2014620028', '2018-06-11 13:07:58', 'DWI SAHIRUL ALIM', 'JL. P. TRUNOJOYO Gg 6/70 PAMEKASAN ', '085230218769', 'm', 62, 184, 'Ngajar', '-7.1621922', '113.4822207', 'https://api.unira.ac.id/img/profil/mhs/2014620028.JPG', 1),
('2014620029', '2018-06-11 13:07:58', 'ULFA HIDAYATI ', 'DESA PANGARAYAN KEC.PROPPO KAB.PAMEKASAN', NULL, NULL, 62, NULL, NULL, '-7.1268095', '113.4225421', NULL, 1),
('2014620030', '2018-06-11 13:07:58', 'RAHMATIKA ', 'JL. SERSAN MISRUL  GG.V KEC. PAMEKASAN KAB. PAMEKASAN', NULL, NULL, 62, NULL, NULL, '-7.1502287', '113.480508', NULL, 1),
('2014620031', '2018-06-11 13:07:58', 'JUMLATUL FARIDA ', 'DESA SAMIRAN KEC. PROPPO ', '085231028482', 'm', 62, 134, '', '-7.1521891', '113.4389141', 'https://api.unira.ac.id/img/profil/mhs/2014620031.JPG', 1),
('2014620033', '2018-06-11 13:07:58', 'LOVY NURUL JANNAH ', 'PALENGAAN LAOK PALENGGAAN PAMEKASAN', '085234375441', 'm', 62, 134, 'guru honorer', '-7.0561494', '113.4121233', NULL, 1),
('2014620034', '2018-06-11 13:07:58', 'SULFATUL KAROMAH ', 'DESA TAMBAAN KEC. CAMPLONG KAB. SAMPANG ', '0853-3610-2638', 'm', 62, 134, '', '-7.2112963', '113.3168582', 'https://api.unira.ac.id/img/profil/mhs/2014620034.JPG', 1),
('2014620035', '2018-06-11 13:07:58', 'SITI NURUL LAILAH ', 'DESA LADEN KEC. PAMEKASAN ', '082337630041', 'm', 62, 127, 'Karyawan toko', '-7.1739506', '113.4761215', 'https://api.unira.ac.id/img/profil/mhs/2014620035.JPG', 1),
('2014620037', '2018-06-11 13:07:58', 'SITTI MAGHFIROH ', 'DESA SAMIRAN KEC. PROPPO KAB. PAMEKASAN', '085231275081', 'm', 62, 134, 'Sukwan', '-7.1521891', '113.4389141', 'https://api.unira.ac.id/img/profil/mhs/2014620037.JPG', 1),
('2014620039', '2018-06-11 13:07:58', 'EKA SEPTIARINI ', 'JL. MUTIARA 1/10 SAMPANG', NULL, NULL, 62, NULL, NULL, '-7.2036411', '113.2524743', 'https://api.unira.ac.id/img/profil/mhs/2014620039.JPG', 1),
('2014620040', '2018-06-11 13:07:58', 'QORIATUL QOAMRIYAH MAULIDIA ', 'PADEMAWU BARAT PADEMAWU PAMEKASAN ', NULL, NULL, 62, NULL, NULL, '-7.1930431', '113.516303', 'https://api.unira.ac.id/img/profil/mhs/2014620040.JPG', 1),
('2014620041', '2018-06-11 13:07:58', 'SITTI KARIMAH SULFIAH ', 'JL. DIRGAHAYU GG.V BUGIH PAMEKASAN', NULL, NULL, 62, NULL, NULL, '-7.1525501', '113.4707464', 'https://api.unira.ac.id/img/profil/mhs/2014620041.JPG', 1),
('2014620042', '2018-06-11 13:07:58', 'MOH. RIDWAN', 'Ds. TORJUN TIMUR Kec. TORJUN Kab. SAMPANG', NULL, NULL, 62, NULL, NULL, '-7.1582269', '113.2081797', NULL, 1),
('2014620043', '2018-06-11 13:07:58', 'QURROTUL AINI ', 'DESA PADEMAWU TIMUR KEC. PADEMAWU ', '085336447954', 'm', 62, 138, '', '-7.2380812', '113.516303', 'https://api.unira.ac.id/img/profil/mhs/2014620043.JPG', 1),
('2014620044', '2018-06-11 13:07:58', 'MOHAMMAD NADZIR AZHARI', 'Ds. BTANTA TINGGI, TLANAKAN, PAMEKASAN', '082338959789', 'l', 62, 134, '', '-7.2124439', '113.4582622', 'https://api.unira.ac.id/img/profil/mhs/2014620044.JPG', 1),
('2014620045', '2018-06-11 13:07:58', 'IZZATI HANIF', 'DS. Nyalabu Daya Pamekasan', '081913650587', 'm', 62, 134, '', '-7.1405936', '113.4686802', NULL, 1),
('2014620046', '2018-06-11 13:07:58', 'DIANA SETYORINI ', 'JL. RAYA PANGLEGUR 46 PAMEKASAN ', '083123365411', 's', 62, 184, '', '-7.1887112', '113.4766146', 'https://api.unira.ac.id/img/profil/mhs/2014620046.JPG', 1),
('2014620047', '2018-06-11 13:07:58', 'SULAIMAN ', 'TLAMBAH, KARANG PENANG SAMPANG', NULL, NULL, 62, NULL, NULL, '-7.0357122', '113.3734236', 'https://api.unira.ac.id/img/profil/mhs/2014620047.JPG', 1),
('2014620048', '2018-06-11 13:07:58', 'NOVITA RAHMA', 'JL. TEUKU UMAR KEC. SAMPANG KAB. PAMEKASAN', '085230801268', 's', 62, 184, 'ngajar', '-7.189756', '113.2454374', NULL, 1),
('2014620049', '2018-06-11 13:07:58', 'AMINATUS SAKDIYAH ', 'JL. RAYA PANGLEGUR KM 3,5 PAMEKASAN ', '082333200885', 'xl', 62, 184, '', '-7.1918417', '113.47566', 'https://api.unira.ac.id/img/profil/mhs/2014620049.JPG', 1),
('2014620050', '2018-06-11 13:07:58', 'EVA WAHYU NINGTYAS ', 'PAKONG PAMEKASAN', '082330812601', 'xl', 62, 184, '', '-7.033304', '113.5609459', NULL, 1),
('2014620051', '2018-06-11 13:07:58', 'LISA FITRIANI NINGSIH', 'DS. BRANTA PESISIR KEC. TLANAKAN KAB. PAMEKASAN', NULL, NULL, 62, NULL, NULL, '-7.2197702', '113.4500765', 'https://api.unira.ac.id/img/profil/mhs/2014620051.JPG', 1),
('2014620052', '2018-06-11 13:07:58', 'RENGGA JULI ALAMZAH', 'JL. RAJAWALI Gg. 1 NO. 88 KeL. KARANG DALAM, SAMPANG', NULL, NULL, 62, NULL, NULL, '-7.2016738', '113.2373108', NULL, 1),
('2014620053', '2018-06-11 13:07:58', 'NUR DIANA HOLIDA', 'DESA BULAY KECAMATAN GALIS KAB. PAMEKASAN ', '082302504785', 'l', 62, 134, '-', '-7.1451083', '113.5475534', 'https://api.unira.ac.id/img/profil/mhs/2014620053.JPG', 1),
('2014620054', '2018-06-11 13:07:58', 'ABD. HAMID ', 'SENTOL PADEMAWU PAMEKASAN', '082301385527', 'm', 62, 134, 'Guru', '-7.1436782', '113.5043977', NULL, 1),
('2014620070', '2018-06-11 13:07:58', 'MUFARROHAH', 'PLAKPAK, PANGANTENA, PAMEKASAN', NULL, NULL, 62, NULL, NULL, '-7.0923225', '113.4835627', NULL, 1),
('2014630001', '2018-06-11 13:07:58', 'VERA TRI ROMADHANI ', 'JL. PINTU GERBANG GG.II B PAMEKASAN ', '082337174298', 'm', 63, 164, '', '-7.1525658', '113.4752045', NULL, 1),
('2014630003', '2018-06-11 13:07:58', 'SYARIF HIDAYATULLAH ', 'KLOMPANG TIMUR PAKONG PAMEKASAN ', '082330812463', 'm', 63, 164, '', '-7.0552794', '113.5698741', NULL, 1),
('2014630004', '2018-06-11 13:07:58', 'ISMAWATI ', 'JL. RAYA PANGLEGUR PAMEKASAN ', '082332999620', 'm', 63, 164, '', '-7.1901121', '113.4757853', 'https://api.unira.ac.id/img/profil/mhs/2014630004.JPG', 1),
('2014630006', '2018-06-11 13:07:58', 'FATHANAH WACHDIN ', 'JL. PINTU GERBANG GG.IV A PAMEKASAN ', '082230249994', 'm', 63, 164, '', '-7.1534188', '113.473532', 'https://api.unira.ac.id/img/profil/mhs/2014630006.JPG', 1),
('2014630011', '2018-06-11 13:07:58', 'LAILA NURUL FAIDAH', 'JL. STADION BARURAMBAT KOTA GG.IV', '082334866772', 'm', 63, 164, '', '-7.1591806', '113.488888', 'https://api.unira.ac.id/img/profil/mhs/2014630011.JPG', 1),
('2014630014', '2018-06-11 13:07:58', 'NOVITA IKA INDRIYANI ', 'JL. KRAMAT, SAMPANG KAB. SAMPANG', '082301837801', 'm', 63, 164, '', '-7.1939017', '113.2345717', 'https://api.unira.ac.id/img/profil/mhs/2014630014.JPG', 1),
('2014630016', '2018-06-11 13:07:58', 'USWATUN HASANAH ', 'BATU KERBUY, PASEAN PAMEKASAN', '082334881996', 'xl', 63, 164, '', '-6.8919684', '113.5758797', NULL, 1),
('2014630017', '2018-06-11 13:07:58', 'IFADATUL FAJRIYA', 'PANGARENGAN KEC. PANGARENGAN KAB. SAMPANG ', '082302242132', 'm', 63, 164, 'Staf your b', '-7.1974884', '113.1530897', 'https://api.unira.ac.id/img/profil/mhs/2014630017.JPG', 1),
('2014630019', '2018-06-11 13:07:58', 'SITI SOFIYAH ', 'BANTELAN BATUPUTIH SUMENEP ', '082331709118', 'm', 63, 164, '', '-6.881019', '113.9001141', NULL, 1),
('2014630020', '2018-06-11 13:07:58', 'HASLINDAH ', 'BATU BINTANG KEC.BATUMARMAR KAB. PAMEKASAN', '085230352544', 's', 63, 164, '', '-6.9244331', '113.4984449', NULL, 1),
('2015215002', '2018-06-11 13:07:58', 'IRMA MUNAFATILLA', 'BLUMBUNGAN, KEC LARANGAN, KAB PAMEKASAN', '083852445581', 'm', 21, 184, 'KOPERASI BMT NU JAWA TIMUR CABANG LARANGAN', '-7.1210284', '113.507374', NULL, 1),
('2015215003', '2018-06-11 13:07:58', 'M ROFIK', 'KARANG PENANG, KEC KARANG PENANG, KAB SAMPANG', NULL, NULL, 21, NULL, NULL, '-7.0233839', '113.3704466', NULL, 1),
('2015215004', '2018-06-11 13:07:58', 'DIAN NOVITA SARI ', 'JL. BONOROGO NO.134 B PAMEKASAN ', NULL, NULL, 21, NULL, NULL, '-7.1584184', '113.4991749', NULL, 1),
('2015225001', '2018-06-11 13:07:58', 'NURUL HIDAYATI', 'DS KARANG ANYAR, KEC PROPPO, KAB PAMEKASAN', '082331893262', 'l', 22, 140, '', '-7.1738493', '113.4314723', NULL, 1),
('2016525001', '2018-06-11 13:07:58', 'DANNY PUTRI ARIYANI', 'JL KH WAHID HASYIM V/21 KOLOR, SUMENEP', '085232391465/0838531', 'xl', 52, 125, '', '-7.0121514', '113.8557774', NULL, 1);

-- --------------------------------------------------------

--
-- Table structure for table `mahasiswa_mendaftar`
--

CREATE TABLE `mahasiswa_mendaftar` (
  `NPM` varchar(12) NOT NULL,
  `TGLREGMHS` datetime DEFAULT NULL,
  `NAMAMHS` varchar(32) DEFAULT NULL,
  `ALAMATMHS` varchar(255) DEFAULT NULL,
  `KONTAKMHS` varchar(20) DEFAULT NULL,
  `SERAGAMMHS` enum('xl','l','m','s') DEFAULT NULL,
  `KDPRODI` int(11) DEFAULT NULL,
  `SKSMHS` int(3) DEFAULT NULL,
  `PEKERJAANMHS` varchar(255) DEFAULT NULL,
  `KORDXMHSD` varchar(32) DEFAULT NULL,
  `KORDYMHSD` varchar(32) DEFAULT NULL
) ENGINE=InnoDB DEFAULT CHARSET=latin1;

-- --------------------------------------------------------

--
-- Table structure for table `notifikasi`
--

CREATE TABLE `notifikasi` (
  `KDNOTIF` varchar(20) NOT NULL,
  `TGLNOTIF` datetime DEFAULT NULL,
  `KETNOTIF` varchar(255) DEFAULT NULL,
  `URLNOTIF` varchar(255) DEFAULT NULL,
  `STATUSNOTIF` int(11) DEFAULT NULL
) ENGINE=InnoDB DEFAULT CHARSET=latin1;

--
-- Dumping data for table `notifikasi`
--

INSERT INTO `notifikasi` (`KDNOTIF`, `TGLNOTIF`, `KETNOTIF`, `URLNOTIF`, `STATUSNOTIF`) VALUES
('18714102710513', '2018-07-14 10:27:10', 'Dosen AGUS SUBAIDI, S.Pd.,M.Pd. dari kelompok 44 mengajukan file PROPOSAL_KEGIATAN_KULIAH_KERJA_NYATA_(ALL).pdf', 'admin/statistika/kinerja/detail/50?notif=18714102710513#ajuan', 0),
('18714120406924', '2018-07-14 12:04:06', 'Dosen   AINUR ROFIQ HAFSI, S.Pd.,M.Pd. dari kelompok 11 mengajukan file PROPOSAL_KEGIATAN_KKN_KELOMPOK_11_DESA_BANGSERREH_KECAMATAN_BATU_MARMAR.pdf', 'admin/statistika/kinerja/detail/21?notif=18714120406924#ajuan', 0),
('18714120715861', '2018-07-14 12:07:15', 'Dosen   AINUR ROFIQ HAFSI, S.Pd.,M.Pd. dari kelompok 12 mengajukan file Proposal_KKN_Kel_12.pdf', 'admin/statistika/kinerja/detail/5?notif=18714120715861#ajuan', 0),
('18714121040433', '2018-07-14 12:10:40', 'Dosen AGUS SUBAIDI, S.Pd.,M.Pd. dari kelompok 43 mengajukan file KKN_Proposal_Fix_1_output.pdf', 'admin/statistika/kinerja/detail/49?notif=18714121040433#ajuan', 0),
('18714161550227', '2018-07-14 16:15:50', 'Dosen ANISA FAJRIANA OKTASARI, S.S.,M.Pd. dari kelompok 28 mengajukan file Proposal_KKN_Kelompok_28_Desa_Tambaan_Kec__Camplong.pdf', 'admin/statistika/kinerja/detail/30?notif=18714161550227#ajuan', 0),
('18714172307152', '2018-07-14 17:23:07', 'Dosen ANISA FAJRIANA OKTASARI, S.S.,M.Pd. dari kelompok 27 mengajukan file Proposal_KKN_27_Desa_Taddan.pdf', 'admin/statistika/kinerja/detail/29?notif=18714172307152#ajuan', 0),
('18714173512703', '2018-07-14 17:35:12', 'Dosen   SYAIFUL, S.E.,M.M. dari kelompok 09 mengajukan file Proposal_Kegiatan_KKN_Kelompok_9_Desa_Tagangser_Daja.pdf', 'admin/statistika/kinerja/detail/4?notif=18714173512703#ajuan', 0),
('18714175355852', '2018-07-14 17:53:55', 'Dosen ALFI HASANIYAH, S.E.,M.M. dari kelompok 30 mengajukan file _proposal_kkn.pdf', 'admin/statistika/kinerja/detail/42?notif=18714175355852#ajuan', 0),
('1871417540353', '2018-07-14 17:54:03', 'Dosen ALFI HASANIYAH, S.E.,M.M. dari kelompok 30 mengajukan file _kata_pengantar_proposal_kkn.pdf', 'admin/statistika/kinerja/detail/42?notif=1871417540353#ajuan', 0),
('18714184238221', '2018-07-14 18:42:38', 'Dosen NIRWANA HAIDAR HARI, S.Pd., M.Kom. dari kelompok 06 mengajukan file Proposal_KKN.pdf', 'admin/statistika/kinerja/detail/16?notif=18714184238221#ajuan', 0),
('18714192716939', '2018-07-14 19:27:16', 'Dosen MUHAMMAD DARRIN ZUHRI, S.Pd., M.Pd. dari kelompok 03 mengajukan file Proposal_KKN_03-2.pdf', 'admin/statistika/kinerja/detail/20?notif=18714192716939#ajuan', 0),
('18714192733385', '2018-07-14 19:27:33', 'Dosen SANDY VIKKI ARIYANTO dari kelompok 16 mengajukan file PROPOSAL3.pdf', 'admin/statistika/kinerja/detail/22?notif=18714192733385#ajuan', 0),
('18714192818867', '2018-07-14 19:28:18', 'Dosen SANDY VIKKI ARIYANTO dari kelompok 15 mengajukan file PROPOSAL_KEGIATAN_KKN_KELOMPOK_15_2018.pdf', 'admin/statistika/kinerja/detail/23?notif=18714192818867#ajuan', 0),
('18714193749606', '2018-07-14 19:37:49', 'Dosen KUSYAIRI, S.Pd.,M.Pd. dari kelompok 10 mengajukan file proposal_KKN_2018_kelompok_10_(Ponjanan_Timur).pdf', 'admin/statistika/kinerja/detail/28?notif=18714193749606#ajuan', 0),
('18714194942697', '2018-07-14 19:49:42', 'Dosen ANISA FAJRIANA OKTASARI, S.S.,M.Pd. dari kelompok 27 mengajukan file Ds_-TADDAN-27-Pdf.pdf', 'admin/statistika/kinerja/detail/29?notif=18714194942697#ajuan', 0),
('18714195938192', '2018-07-14 19:59:38', 'Dosen ALFI HASANIYAH, S.E.,M.M. dari kelompok 29 mengajukan file KKN_full.pdf', 'admin/statistika/kinerja/detail/32?notif=18714195938192#ajuan', 0),
('18714195938384', '2018-07-14 19:59:38', 'Dosen ALFI HASANIYAH, S.E.,M.M. dari kelompok 29 mengajukan file KKN_full.pdf', 'admin/statistika/kinerja/detail/32?notif=18714195938384#ajuan', 0),
('18714200123970', '2018-07-14 20:01:23', 'Dosen ALFI HASANIYAH, S.E.,M.M. dari kelompok 29 mengajukan file KKN_full.pdf', 'admin/statistika/kinerja/detail/32?notif=18714200123970#ajuan', 0),
('18714200123413', '2018-07-14 20:01:23', 'Dosen ALFI HASANIYAH, S.E.,M.M. dari kelompok 29 mengajukan file KKN_full.pdf', 'admin/statistika/kinerja/detail/32?notif=18714200123413#ajuan', 0),
('18714212729930', '2018-07-14 21:27:29', 'Dosen MUHAMMAD DARRIN ZUHRI, S.Pd., M.Pd. dari kelompok 02 mengajukan file kkn_kelompok_02.pdf', 'admin/statistika/kinerja/detail/13?notif=18714212729930#ajuan', 0),
('1871421290250', '2018-07-14 21:29:02', 'Dosen WAHYU MAULANA SE. MM dari kelompok 32 mengajukan file Proposal_KKN_2018_Kel_321.pdf', 'admin/statistika/kinerja/detail/35?notif=1871421290250#ajuan', 0),
('18714215845455', '2018-07-14 21:58:45', 'Dosen   CHAIRUL FAJAR TAFRILYANTO, S.Pd.,M.Pd. dari kelompok 42 mengajukan file PROPOSAL_KKN_KELOMPOK_421.pdf', 'admin/statistika/kinerja/detail/48?notif=18714215845455#ajuan', 0),
('18714221600179', '2018-07-14 22:16:00', 'Dosen NIRWANA HAIDAR HARI, S.Pd., M.Kom. dari kelompok 07 mengajukan file PROPOSAL_KKN_Kel_07.pdf', 'admin/statistika/kinerja/detail/17?notif=18714221600179#ajuan', 0),
('18714225834503', '2018-07-14 22:58:34', 'Dosen   CHAIRUL FAJAR TAFRILYANTO, S.Pd.,M.Pd. dari kelompok 41 mengajukan file PROPOSAL_KELOMPOK_41.pdf', 'admin/statistika/kinerja/detail/47?notif=18714225834503#ajuan', 0),
('18714233153373', '2018-07-14 23:31:53', 'Dosen WAHYU MAULANA SE. MM dari kelompok 31 mengajukan file Proposal_KKN_2018_Kel_31_(1).pdf', 'admin/statistika/kinerja/detail/34?notif=18714233153373#ajuan', 0),
('18714233153254', '2018-07-14 23:31:53', 'Dosen WAHYU MAULANA SE. MM dari kelompok 31 mengajukan file Proposal_KKN_2018_Kel_31_(1).pdf', 'admin/statistika/kinerja/detail/34?notif=18714233153254#ajuan', 0),
('18714234057495', '2018-07-14 23:40:57', 'Dosen RIA KASANOVA, S.Pd.,M.Pd. dari kelompok 36 mengajukan file PROPOSAL_KKN-ilovepdf-compressed.pdf', 'admin/statistika/kinerja/detail/41?notif=18714234057495#ajuan', 0),
('18715065206452', '2018-07-15 06:52:06', 'Dosen   SYAIFUL, S.E.,M.M. dari kelompok 08 mengajukan file SAMPUL_KKN_ELOMPOK_08_SOTABER.pdf', 'admin/statistika/kinerja/detail/18?notif=18715065206452#ajuan', 0),
('18715065224206', '2018-07-15 06:52:24', 'Dosen   SYAIFUL, S.E.,M.M. dari kelompok 08 mengajukan file PROPOSAL_KKN_KLOMPOK_08_DESA_SOTABER.pdf', 'admin/statistika/kinerja/detail/18?notif=18715065224206#ajuan', 0),
('18715084337486', '2018-07-15 08:43:37', 'Dosen IDON JONI, M.Si. dari kelompok 26 mengajukan file proposal_kkn_26_2018.pdf', 'admin/statistika/kinerja/detail/31?notif=18715084337486#ajuan', 0),
('18715110932802', '2018-07-15 11:09:32', 'Dosen SUHAIMI, S.H.,M.HI. dari kelompok 18 mengajukan file proposal_fix_bro.pdf', 'admin/statistika/kinerja/detail/24?notif=18715110932802#ajuan', 0),
('18715154736871', '2018-07-15 15:47:36', 'Dosen M. KHOIRI, M.Pd. dari kelompok 38 mengajukan file PROPOSAL_KKN_381.pdf', 'admin/statistika/kinerja/detail/44?notif=18715154736871#ajuan', 0),
('18715154750909', '2018-07-15 15:47:50', 'Dosen M. KHOIRI, M.Pd. dari kelompok 38 mengajukan file PROPOSAL_KKN_38.pdf', 'admin/statistika/kinerja/detail/44?notif=18715154750909#ajuan', 0),
('18715201054704', '2018-07-15 20:10:54', 'Dosen RIA KASANOVA, S.Pd.,M.Pd. dari kelompok 35 mengajukan file PROPSAL_KKN_KELOMPOK_35_-_2018.pdf', 'admin/statistika/kinerja/detail/40?notif=18715201054704#ajuan', 0),
('18715224723113', '2018-07-15 22:47:23', 'Dosen M. KHOIRI, M.Pd. dari kelompok 37 mengajukan file KKN_PROPOSAL_37.pdf', 'admin/statistika/kinerja/detail/43?notif=18715224723113#ajuan', 0),
('187161207342', '2018-07-16 12:07:34', 'Dosen SUKMA UMBARA TIRTA FIRDAUS, MM. dari kelompok 25 mengajukan file PROPOSAL_Revisi.pdf', 'admin/statistika/kinerja/detail/11?notif=187161207342#ajuan', 0),
('18716203536695', '2018-07-16 20:35:36', 'Dosen ALFI HASANIYAH, S.E.,M.M. dari kelompok 29 mengajukan file Laporan_Harian_Kelompok_29.pdf', 'admin/statistika/kinerja/detail/32?notif=18716203536695#ajuan', 0),
('18716203538840', '2018-07-16 20:35:38', 'Dosen ALFI HASANIYAH, S.E.,M.M. dari kelompok 29 mengajukan file Laporan_Harian_Kelompok_29.pdf', 'admin/statistika/kinerja/detail/32?notif=18716203538840#ajuan', 0),
('18716205717635', '2018-07-16 20:57:17', 'Dosen ALFI HASANIYAH, S.E.,M.M. dari kelompok 30 mengajukan file KKN_KELOMPOK_30_HARI_KE_1.pdf', 'admin/statistika/kinerja/detail/42?notif=18716205717635#ajuan', 0),
('18717084604150', '2018-07-17 08:46:04', 'Dosen ACHMAD IMAM, S. Sos.,M.Si. dari kelompok 04 mengajukan file Proposal_KKN_2018_kelompok_04.pdf', 'admin/statistika/kinerja/detail/14?notif=18717084604150#ajuan', 0),
('18717120456162', '2018-07-17 12:04:56', 'Dosen ACHMAD IMAM, S. Sos.,M.Si. dari kelompok 05 mengajukan file PROPOSAL_PROGRAM_KERJA_KKN_DEMPOH_TIMUR_05.pdf', 'admin/statistika/kinerja/detail/15?notif=18717120456162#ajuan', 0),
('18717120812566', '2018-07-17 12:08:12', 'Dosen SUHAIMI, S.H.,M.HI. dari kelompok 17 mengajukan file kkn_17.pdf', 'admin/statistika/kinerja/detail/12?notif=18717120812566#ajuan', 0),
('18717134201747', '2018-07-17 13:42:01', 'Dosen SUKMA UMBARA TIRTA FIRDAUS, MM. dari kelompok 24 mengajukan file PROPOSAL_KEGIATAN_KULIAH_KERJA_NYATA11.pdf', 'admin/statistika/kinerja/detail/9?notif=18717134201747#ajuan', 0),
('18717192712595', '2018-07-17 19:27:12', 'Dosen ALFI HASANIYAH, S.E.,M.M. dari kelompok 29 mengajukan file laporan_harian_kelompok_29_,selasa.pdf', 'admin/statistika/kinerja/detail/32?notif=18717192712595#ajuan', 0),
('18717194027764', '2018-07-17 19:40:27', 'Dosen ALFI HASANIYAH, S.E.,M.M. dari kelompok 30 mengajukan file KKN_KELOMPOK_30_HARI_KE_2.pdf', 'admin/statistika/kinerja/detail/42?notif=18717194027764#ajuan', 0),
('18719065336272', '2018-07-19 06:53:36', 'Dosen ALFI HASANIYAH, S.E.,M.M. dari kelompok 29 mengajukan file KKN_kelompok_29_Rabu_18_Juli_2018.pdf', 'admin/statistika/kinerja/detail/32?notif=18719065336272#ajuan', 0),
('18719065422410', '2018-07-19 06:54:22', 'Dosen ALFI HASANIYAH, S.E.,M.M. dari kelompok 30 mengajukan file KKN_KELOMPOK_30_HARI_KE_3.pdf', 'admin/statistika/kinerja/detail/42?notif=18719065422410#ajuan', 0),
('18720091034413', '2018-07-20 09:10:34', 'Dosen ACHMAD IMAM, S. Sos.,M.Si. dari kelompok 05 mengajukan file PROPOSAL_PROGRAM_KERJA_KKN_DEMPOH_TIMUR_05.pdf', 'admin/statistika/kinerja/detail/15?notif=18720091034413#ajuan', 0),
('18720091122803', '2018-07-20 09:11:22', 'Dosen ACHMAD IMAM, S. Sos.,M.Si. dari kelompok 05 mengajukan file PROPOSAL_KKN_KELOMPOK_05_DEMPO_TIMUR1.pdf', 'admin/statistika/kinerja/detail/15?notif=18720091122803#ajuan', 0),
('1872009451586', '2018-07-20 09:45:15', 'Dosen ALFI HASANIYAH, S.E.,M.M. dari kelompok 29 mengajukan file kelompok_29_kamis_19_Juli_2018.pdf', 'admin/statistika/kinerja/detail/32?notif=1872009451586#ajuan', 0),
('18720094653660', '2018-07-20 09:46:53', 'Dosen ALFI HASANIYAH, S.E.,M.M. dari kelompok 30 mengajukan file KKN_KELOMPOK_30_HARI_KE_4.pdf', 'admin/statistika/kinerja/detail/42?notif=18720094653660#ajuan', 0),
('18721140658300', '2018-07-21 14:06:58', 'Dosen KUSYAIRI, S.Pd.,M.Pd. dari kelompok 10 mengajukan file LAPORAN_PELAKSANAAN_KULIAH_KERJA_NYATA_BARU.pdf', 'admin/statistika/kinerja/detail/28?notif=18721140658300#ajuan', 0),
('18721203923498', '2018-07-21 20:39:23', 'Dosen HASBULLAH, SAP.,M.Si. dari kelompok 33 mengajukan file PROPOSAL_KKN_UPLOAD.pdf', 'admin/statistika/kinerja/detail/38?notif=18721203923498#ajuan', 0),
('18721204138852', '2018-07-21 20:41:38', 'Dosen HASBULLAH, SAP.,M.Si. dari kelompok 33 mengajukan file PROPOSAL_KKN_UPLOAD.pdf', 'admin/statistika/kinerja/detail/38?notif=18721204138852#ajuan', 0),
('18721211302547', '2018-07-21 21:13:02', 'Dosen WAHYU MAULANA SE. MM dari kelompok 32 mengajukan file ZAINAL.pdf', 'admin/statistika/kinerja/detail/35?notif=18721211302547#ajuan', 0),
('18721211303624', '2018-07-21 21:13:03', 'Dosen WAHYU MAULANA SE. MM dari kelompok 32 mengajukan file ZAINAL.pdf', 'admin/statistika/kinerja/detail/35?notif=18721211303624#ajuan', 0),
('18721211327520', '2018-07-21 21:13:27', 'Dosen WAHYU MAULANA SE. MM dari kelompok 32 mengajukan file Syahdanil_FKIP.pdf', 'admin/statistika/kinerja/detail/35?notif=18721211327520#ajuan', 0),
('18721211327457', '2018-07-21 21:13:27', 'Dosen WAHYU MAULANA SE. MM dari kelompok 32 mengajukan file Syahdanil_FKIP.pdf', 'admin/statistika/kinerja/detail/35?notif=18721211327457#ajuan', 0),
('18721211328797', '2018-07-21 21:13:28', 'Dosen WAHYU MAULANA SE. MM dari kelompok 32 mengajukan file Syahdanil_FKIP.pdf', 'admin/statistika/kinerja/detail/35?notif=18721211328797#ajuan', 0),
('18721211347604', '2018-07-21 21:13:47', 'Dosen WAHYU MAULANA SE. MM dari kelompok 32 mengajukan file FAISAL1.pdf', 'admin/statistika/kinerja/detail/35?notif=18721211347604#ajuan', 0),
('18721211348991', '2018-07-21 21:13:48', 'Dosen WAHYU MAULANA SE. MM dari kelompok 32 mengajukan file FAISAL1.pdf', 'admin/statistika/kinerja/detail/35?notif=18721211348991#ajuan', 0),
('18721211348993', '2018-07-21 21:13:48', 'Dosen WAHYU MAULANA SE. MM dari kelompok 32 mengajukan file FAISAL1.pdf', 'admin/statistika/kinerja/detail/35?notif=18721211348993#ajuan', 0),
('18721211441186', '2018-07-21 21:14:41', 'Dosen WAHYU MAULANA SE. MM dari kelompok 32 mengajukan file LISA_sudah1.pdf', 'admin/statistika/kinerja/detail/35?notif=18721211441186#ajuan', 0),
('18721211442133', '2018-07-21 21:14:42', 'Dosen WAHYU MAULANA SE. MM dari kelompok 32 mengajukan file LISA_sudah1.pdf', 'admin/statistika/kinerja/detail/35?notif=18721211442133#ajuan', 0),
('18721211442526', '2018-07-21 21:14:42', 'Dosen WAHYU MAULANA SE. MM dari kelompok 32 mengajukan file LISA_sudah1.pdf', 'admin/statistika/kinerja/detail/35?notif=18721211442526#ajuan', 0),
('18721211457561', '2018-07-21 21:14:57', 'Dosen WAHYU MAULANA SE. MM dari kelompok 32 mengajukan file Laporan_IMRON1.pdf', 'admin/statistika/kinerja/detail/35?notif=18721211457561#ajuan', 0),
('18721211508381', '2018-07-21 21:15:08', 'Dosen WAHYU MAULANA SE. MM dari kelompok 32 mengajukan file YONO_SUDAH.pdf', 'admin/statistika/kinerja/detail/35?notif=18721211508381#ajuan', 0),
('18721211509925', '2018-07-21 21:15:09', 'Dosen WAHYU MAULANA SE. MM dari kelompok 32 mengajukan file YONO_SUDAH.pdf', 'admin/statistika/kinerja/detail/35?notif=18721211509925#ajuan', 0),
('18721211511301', '2018-07-21 21:15:11', 'Dosen WAHYU MAULANA SE. MM dari kelompok 32 mengajukan file YONO_SUDAH.pdf', 'admin/statistika/kinerja/detail/35?notif=18721211511301#ajuan', 0),
('187212115361', '2018-07-21 21:15:36', 'Dosen WAHYU MAULANA SE. MM dari kelompok 32 mengajukan file LAPORAN_SLAMET1.pdf', 'admin/statistika/kinerja/detail/35?notif=187212115361#ajuan', 0),
('18721211536846', '2018-07-21 21:15:36', 'Dosen WAHYU MAULANA SE. MM dari kelompok 32 mengajukan file LAPORAN_SLAMET1.pdf', 'admin/statistika/kinerja/detail/35?notif=18721211536846#ajuan', 0),
('18721211536387', '2018-07-21 21:15:36', 'Dosen WAHYU MAULANA SE. MM dari kelompok 32 mengajukan file LAPORAN_SLAMET1.pdf', 'admin/statistika/kinerja/detail/35?notif=18721211536387#ajuan', 0),
('18721211610608', '2018-07-21 21:16:10', 'Dosen WAHYU MAULANA SE. MM dari kelompok 32 mengajukan file SYAIFUL_BAHRI.pdf', 'admin/statistika/kinerja/detail/35?notif=18721211610608#ajuan', 0),
('18721211622884', '2018-07-21 21:16:22', 'Dosen WAHYU MAULANA SE. MM dari kelompok 32 mengajukan file IKA.pdf', 'admin/statistika/kinerja/detail/35?notif=18721211622884#ajuan', 0),
('18721211633950', '2018-07-21 21:16:33', 'Dosen WAHYU MAULANA SE. MM dari kelompok 32 mengajukan file ROHMAH_xx.pdf', 'admin/statistika/kinerja/detail/35?notif=18721211633950#ajuan', 0),
('18721211647481', '2018-07-21 21:16:47', 'Dosen WAHYU MAULANA SE. MM dari kelompok 32 mengajukan file YAYAN.pdf', 'admin/statistika/kinerja/detail/35?notif=18721211647481#ajuan', 0),
('18721211700313', '2018-07-21 21:17:00', 'Dosen WAHYU MAULANA SE. MM dari kelompok 32 mengajukan file YADI1.pdf', 'admin/statistika/kinerja/detail/35?notif=18721211700313#ajuan', 0),
('18721211712498', '2018-07-21 21:17:12', 'Dosen WAHYU MAULANA SE. MM dari kelompok 32 mengajukan file SERLI.pdf', 'admin/statistika/kinerja/detail/35?notif=18721211712498#ajuan', 0),
('18721211819262', '2018-07-21 21:18:19', 'Dosen WAHYU MAULANA SE. MM dari kelompok 32 mengajukan file ZAINAL.pdf', 'admin/statistika/kinerja/detail/35?notif=18721211819262#ajuan', 0),
('18721211821391', '2018-07-21 21:18:21', 'Dosen WAHYU MAULANA SE. MM dari kelompok 32 mengajukan file ZAINAL.pdf', 'admin/statistika/kinerja/detail/35?notif=18721211821391#ajuan', 0),
('18721211859104', '2018-07-21 21:18:59', 'Dosen WAHYU MAULANA SE. MM dari kelompok 32 mengajukan file ZAINAL.pdf', 'admin/statistika/kinerja/detail/35?notif=18721211859104#ajuan', 0),
('18721211902738', '2018-07-21 21:19:02', 'Dosen WAHYU MAULANA SE. MM dari kelompok 32 mengajukan file ZAINAL.pdf', 'admin/statistika/kinerja/detail/35?notif=18721211902738#ajuan', 0),
('18721211902931', '2018-07-21 21:19:02', 'Dosen WAHYU MAULANA SE. MM dari kelompok 32 mengajukan file ZAINAL.pdf', 'admin/statistika/kinerja/detail/35?notif=18721211902931#ajuan', 0),
('18721211905328', '2018-07-21 21:19:05', 'Dosen WAHYU MAULANA SE. MM dari kelompok 32 mengajukan file ZAINAL.pdf', 'admin/statistika/kinerja/detail/35?notif=18721211905328#ajuan', 0),
('18721211908969', '2018-07-21 21:19:08', 'Dosen WAHYU MAULANA SE. MM dari kelompok 32 mengajukan file ZAINAL.pdf', 'admin/statistika/kinerja/detail/35?notif=18721211908969#ajuan', 0),
('18721211911334', '2018-07-21 21:19:11', 'Dosen WAHYU MAULANA SE. MM dari kelompok 32 mengajukan file ZAINAL.pdf', 'admin/statistika/kinerja/detail/35?notif=18721211911334#ajuan', 0),
('18721211914685', '2018-07-21 21:19:14', 'Dosen WAHYU MAULANA SE. MM dari kelompok 32 mengajukan file ZAINAL.pdf', 'admin/statistika/kinerja/detail/35?notif=18721211914685#ajuan', 0),
('18721211916284', '2018-07-21 21:19:16', 'Dosen WAHYU MAULANA SE. MM dari kelompok 32 mengajukan file ZAINAL.pdf', 'admin/statistika/kinerja/detail/35?notif=18721211916284#ajuan', 0),
('18721211918228', '2018-07-21 21:19:18', 'Dosen WAHYU MAULANA SE. MM dari kelompok 32 mengajukan file ZAINAL.pdf', 'admin/statistika/kinerja/detail/35?notif=18721211918228#ajuan', 0),
('18721211920968', '2018-07-21 21:19:20', 'Dosen WAHYU MAULANA SE. MM dari kelompok 32 mengajukan file ZAINAL.pdf', 'admin/statistika/kinerja/detail/35?notif=18721211920968#ajuan', 0),
('18721211922296', '2018-07-21 21:19:22', 'Dosen WAHYU MAULANA SE. MM dari kelompok 32 mengajukan file ZAINAL.pdf', 'admin/statistika/kinerja/detail/35?notif=18721211922296#ajuan', 0),
('18721211922971', '2018-07-21 21:19:22', 'Dosen WAHYU MAULANA SE. MM dari kelompok 32 mengajukan file ZAINAL.pdf', 'admin/statistika/kinerja/detail/35?notif=18721211922971#ajuan', 0),
('18721211925792', '2018-07-21 21:19:25', 'Dosen WAHYU MAULANA SE. MM dari kelompok 32 mengajukan file ZAINAL.pdf', 'admin/statistika/kinerja/detail/35?notif=18721211925792#ajuan', 0),
('18721221448881', '2018-07-21 22:14:48', 'Dosen WAHYU MAULANA SE. MM dari kelompok 31 mengajukan file BIODATA_IMAM_SYAFII.pdf', 'admin/statistika/kinerja/detail/34?notif=18721221448881#ajuan', 0),
('18721221456522', '2018-07-21 22:14:56', 'Dosen WAHYU MAULANA SE. MM dari kelompok 31 mengajukan file BIODATA_QOMARI.pdf', 'admin/statistika/kinerja/detail/34?notif=18721221456522#ajuan', 0),
('18721221509607', '2018-07-21 22:15:09', 'Dosen WAHYU MAULANA SE. MM dari kelompok 31 mengajukan file Moh_Zainuddin_kelmpok31.pdf', 'admin/statistika/kinerja/detail/34?notif=18721221509607#ajuan', 0),
('18721221602289', '2018-07-21 22:16:02', 'Dosen WAHYU MAULANA SE. MM dari kelompok 31 mengajukan file Kel_21g.pdf', 'admin/statistika/kinerja/detail/34?notif=18721221602289#ajuan', 0),
('18721221616867', '2018-07-21 22:16:16', 'Dosen WAHYU MAULANA SE. MM dari kelompok 31 mengajukan file Kel_21.pdf', 'admin/statistika/kinerja/detail/34?notif=18721221616867#ajuan', 0),
('18721230331828', '2018-07-21 23:03:31', 'Dosen SANDY VIKKI ARIYANTO dari kelompok 16 mengajukan file DAFTAR_KEGIATAN.pdf', 'admin/statistika/kinerja/detail/22?notif=18721230331828#ajuan', 0),
('18721231013996', '2018-07-21 23:10:13', 'Dosen WAHYU MAULANA SE. MM dari kelompok 31 mengajukan file LAPORAN_kel_2_toni.pdf', 'admin/statistika/kinerja/detail/34?notif=18721231013996#ajuan', 0),
('18721231014395', '2018-07-21 23:10:14', 'Dosen WAHYU MAULANA SE. MM dari kelompok 31 mengajukan file LAPORAN_kel_2_toni.pdf', 'admin/statistika/kinerja/detail/34?notif=18721231014395#ajuan', 0),
('18721231028787', '2018-07-21 23:10:28', 'Dosen WAHYU MAULANA SE. MM dari kelompok 31 mengajukan file laporan_din_faisal.pdf', 'admin/statistika/kinerja/detail/34?notif=18721231028787#ajuan', 0),
('18721231041575', '2018-07-21 23:10:41', 'Dosen WAHYU MAULANA SE. MM dari kelompok 31 mengajukan file laporan_din_ripin.pdf', 'admin/statistika/kinerja/detail/34?notif=18721231041575#ajuan', 0),
('18721231105396', '2018-07-21 23:11:05', 'Dosen WAHYU MAULANA SE. MM dari kelompok 31 mengajukan file laporan_din_jagad.pdf', 'admin/statistika/kinerja/detail/34?notif=18721231105396#ajuan', 0),
('18721231112913', '2018-07-21 23:11:12', 'Dosen WAHYU MAULANA SE. MM dari kelompok 31 mengajukan file laporan_din_titin.pdf', 'admin/statistika/kinerja/detail/34?notif=18721231112913#ajuan', 0),
('18721231118699', '2018-07-21 23:11:18', 'Dosen WAHYU MAULANA SE. MM dari kelompok 31 mengajukan file LAPORAN_kel_2_oliivia.pdf', 'admin/statistika/kinerja/detail/34?notif=18721231118699#ajuan', 0),
('18721231124749', '2018-07-21 23:11:24', 'Dosen WAHYU MAULANA SE. MM dari kelompok 31 mengajukan file Laporan_din_sulton.pdf', 'admin/statistika/kinerja/detail/34?notif=18721231124749#ajuan', 0),
('18721231142355', '2018-07-21 23:11:42', 'Dosen WAHYU MAULANA SE. MM dari kelompok 31 mengajukan file laporan_din_didin1.pdf', 'admin/statistika/kinerja/detail/34?notif=18721231142355#ajuan', 0),
('18721233619244', '2018-07-21 23:36:19', 'Dosen WAHYU MAULANA SE. MM dari kelompok 31 mengajukan file laporan_din_eka.pdf', 'admin/statistika/kinerja/detail/34?notif=18721233619244#ajuan', 0),
('18722055030119', '2018-07-22 05:50:30', 'Dosen KUSYAIRI, S.Pd.,M.Pd. dari kelompok 10 mengajukan file LAPORAN_PELAKSANAAN_KULIAH_KERJA_NYATA_BARU.pdf', 'admin/statistika/kinerja/detail/28?notif=18722055030119#ajuan', 0),
('18722101728130', '2018-07-22 10:17:28', 'Dosen SUKMA UMBARA TIRTA FIRDAUS, MM. dari kelompok 25 mengajukan file FORM_MONITORING_KKN_2018_(1).pdf', 'admin/statistika/kinerja/detail/11?notif=18722101728130#ajuan', 0),
('18722113918965', '2018-07-22 11:39:18', 'Dosen AGUS SUBAIDI, S.Pd.,M.Pd. dari kelompok 43 mengajukan file Laporan_individu_minggu_117.pdf', 'admin/statistika/kinerja/detail/49?notif=18722113918965#ajuan', 0),
('18722113934239', '2018-07-22 11:39:34', 'Dosen AGUS SUBAIDI, S.Pd.,M.Pd. dari kelompok 43 mengajukan file Laporan_individu_minggu_116.pdf', 'admin/statistika/kinerja/detail/49?notif=18722113934239#ajuan', 0),
('18722113940913', '2018-07-22 11:39:40', 'Dosen AGUS SUBAIDI, S.Pd.,M.Pd. dari kelompok 43 mengajukan file Laporan_individu_minggu_115.pdf', 'admin/statistika/kinerja/detail/49?notif=18722113940913#ajuan', 0),
('18722114033112', '2018-07-22 11:40:33', 'Dosen AGUS SUBAIDI, S.Pd.,M.Pd. dari kelompok 43 mengajukan file Laporan_individu_minggu_12.pdf', 'admin/statistika/kinerja/detail/49?notif=18722114033112#ajuan', 0),
('18722114050764', '2018-07-22 11:40:50', 'Dosen AGUS SUBAIDI, S.Pd.,M.Pd. dari kelompok 43 mengajukan file Laporan_individu_minggu_114.pdf', 'admin/statistika/kinerja/detail/49?notif=18722114050764#ajuan', 0),
('18722114106302', '2018-07-22 11:41:06', 'Dosen AGUS SUBAIDI, S.Pd.,M.Pd. dari kelompok 43 mengajukan file Laporan_individu_minggu_113.pdf', 'admin/statistika/kinerja/detail/49?notif=18722114106302#ajuan', 0),
('18722114112941', '2018-07-22 11:41:12', 'Dosen AGUS SUBAIDI, S.Pd.,M.Pd. dari kelompok 43 mengajukan file Laporan_individu_minggu_112.pdf', 'admin/statistika/kinerja/detail/49?notif=18722114112941#ajuan', 0),
('18722120023806', '2018-07-22 12:00:23', 'Dosen AGUS SUBAIDI, S.Pd.,M.Pd. dari kelompok 43 mengajukan file Laporan_individu_minggu_1-1.pdf', 'admin/statistika/kinerja/detail/49?notif=18722120023806#ajuan', 0),
('18722120039323', '2018-07-22 12:00:39', 'Dosen AGUS SUBAIDI, S.Pd.,M.Pd. dari kelompok 43 mengajukan file Laporan_individu_minggu_111.pdf', 'admin/statistika/kinerja/detail/49?notif=18722120039323#ajuan', 0),
('18722120051944', '2018-07-22 12:00:51', 'Dosen AGUS SUBAIDI, S.Pd.,M.Pd. dari kelompok 43 mengajukan file Laporan_individu_minggu_110.pdf', 'admin/statistika/kinerja/detail/49?notif=18722120051944#ajuan', 0),
('1872212010412', '2018-07-22 12:01:04', 'Dosen AGUS SUBAIDI, S.Pd.,M.Pd. dari kelompok 43 mengajukan file Laporan_individu_minggu_19.pdf', 'admin/statistika/kinerja/detail/49?notif=1872212010412#ajuan', 0),
('18722120110822', '2018-07-22 12:01:10', 'Dosen AGUS SUBAIDI, S.Pd.,M.Pd. dari kelompok 43 mengajukan file Laporan_individu_minggu_18.pdf', 'admin/statistika/kinerja/detail/49?notif=18722120110822#ajuan', 0),
('18722120129587', '2018-07-22 12:01:29', 'Dosen AGUS SUBAIDI, S.Pd.,M.Pd. dari kelompok 43 mengajukan file Laporan_individu_minggu_17.pdf', 'admin/statistika/kinerja/detail/49?notif=18722120129587#ajuan', 0),
('18722120146304', '2018-07-22 12:01:46', 'Dosen AGUS SUBAIDI, S.Pd.,M.Pd. dari kelompok 43 mengajukan file Laporan_individu_minggu_16.pdf', 'admin/statistika/kinerja/detail/49?notif=18722120146304#ajuan', 0),
('18722121225578', '2018-07-22 12:12:25', 'Dosen HASBULLAH, SAP.,M.Si. dari kelompok 33 mengajukan file PROPOSAL_KKN_UPLOAD.pdf', 'admin/statistika/kinerja/detail/38?notif=18722121225578#ajuan', 0),
('18722121225822', '2018-07-22 12:12:25', 'Dosen HASBULLAH, SAP.,M.Si. dari kelompok 33 mengajukan file PROPOSAL_KKN_UPLOAD.pdf', 'admin/statistika/kinerja/detail/38?notif=18722121225822#ajuan', 0),
('18722121327896', '2018-07-22 12:13:27', 'Dosen HASBULLAH, SAP.,M.Si. dari kelompok 34 mengajukan file proposal_kkn_klompok_34_pamolaan2.pdf', 'admin/statistika/kinerja/detail/39?notif=18722121327896#ajuan', 0),
('18722133248278', '2018-07-22 13:32:48', 'Dosen MUHAMMAD YASIR ZAIN, ST.,M.BA. dari kelompok 21 mengajukan file Kata_Pengantar,_daftar_isi.pdf', 'admin/statistika/kinerja/detail/7?notif=18722133248278#ajuan', 0),
('18722135454580', '2018-07-22 13:54:54', 'Dosen MUHAMMAD YASIR ZAIN, ST.,M.BA. dari kelompok 21 mengajukan file PROPOSAL_KKN_KELOMPOK_21_FIX.pdf', 'admin/statistika/kinerja/detail/7?notif=18722135454580#ajuan', 0),
('18722171408650', '2018-07-22 17:14:08', 'Dosen AGUS SUBAIDI, S.Pd.,M.Pd. dari kelompok 44 mengajukan file DAFTAR_KEGIATAN_Minggu_11.pdf', 'admin/statistika/kinerja/detail/50?notif=18722171408650#ajuan', 0),
('18722171419647', '2018-07-22 17:14:19', 'Dosen AGUS SUBAIDI, S.Pd.,M.Pd. dari kelompok 44 mengajukan file DAFTAR_KEGIATAN_Minggu_1_(Zainur).pdf', 'admin/statistika/kinerja/detail/50?notif=18722171419647#ajuan', 0),
('18722171425452', '2018-07-22 17:14:25', 'Dosen AGUS SUBAIDI, S.Pd.,M.Pd. dari kelompok 44 mengajukan file DAFTAR_KEGIATAN_Minggu_1_(Arif)2.pdf', 'admin/statistika/kinerja/detail/50?notif=18722171425452#ajuan', 0),
('18722171432628', '2018-07-22 17:14:32', 'Dosen AGUS SUBAIDI, S.Pd.,M.Pd. dari kelompok 44 mengajukan file DAFTAR_KEGIATAN_Minggu_1_(Choir)1.pdf', 'admin/statistika/kinerja/detail/50?notif=18722171432628#ajuan', 0),
('18722171527300', '2018-07-22 17:15:27', 'Dosen AGUS SUBAIDI, S.Pd.,M.Pd. dari kelompok 44 mengajukan file DAFTAR_KEGIATAN_Minggu_1_(Ratih).pdf', 'admin/statistika/kinerja/detail/50?notif=18722171527300#ajuan', 0),
('18722171535584', '2018-07-22 17:15:35', 'Dosen AGUS SUBAIDI, S.Pd.,M.Pd. dari kelompok 44 mengajukan file DAFTAR_KEGIATAN_Minggu_1_(Diah)1.pdf', 'admin/statistika/kinerja/detail/50?notif=18722171535584#ajuan', 0),
('1872217154157', '2018-07-22 17:15:41', 'Dosen AGUS SUBAIDI, S.Pd.,M.Pd. dari kelompok 44 mengajukan file DAFTAR_KEGIATAN_Minggu_1_(Say)1.pdf', 'admin/statistika/kinerja/detail/50?notif=1872217154157#ajuan', 0),
('18722171548549', '2018-07-22 17:15:48', 'Dosen AGUS SUBAIDI, S.Pd.,M.Pd. dari kelompok 44 mengajukan file DAFTAR_KEGIATAN_Minggu_1_(Nasrul)1.pdf', 'admin/statistika/kinerja/detail/50?notif=18722171548549#ajuan', 0),
('18722171555569', '2018-07-22 17:15:55', 'Dosen AGUS SUBAIDI, S.Pd.,M.Pd. dari kelompok 44 mengajukan file DAFTAR_KEGIATAN_Minggu_1_(Coy).pdf', 'admin/statistika/kinerja/detail/50?notif=18722171555569#ajuan', 0),
('18722171606305', '2018-07-22 17:16:06', 'Dosen AGUS SUBAIDI, S.Pd.,M.Pd. dari kelompok 44 mengajukan file DAFTAR_KEGIATAN_Minggu_1_(Ika).pdf', 'admin/statistika/kinerja/detail/50?notif=18722171606305#ajuan', 0),
('18722171614146', '2018-07-22 17:16:14', 'Dosen AGUS SUBAIDI, S.Pd.,M.Pd. dari kelompok 44 mengajukan file DAFTAR_KEGIATAN_Minggu_1_(Kurly).pdf', 'admin/statistika/kinerja/detail/50?notif=18722171614146#ajuan', 0),
('18722171621728', '2018-07-22 17:16:21', 'Dosen AGUS SUBAIDI, S.Pd.,M.Pd. dari kelompok 44 mengajukan file DAFTAR_KEGIATAN_Minggu_1_(Khotim).pdf', 'admin/statistika/kinerja/detail/50?notif=18722171621728#ajuan', 0),
('18722171639143', '2018-07-22 17:16:39', 'Dosen AGUS SUBAIDI, S.Pd.,M.Pd. dari kelompok 44 mengajukan file DAFTAR_KEGIATAN_Minggu_1_(Siqoh).pdf', 'admin/statistika/kinerja/detail/50?notif=18722171639143#ajuan', 0),
('1872218400625', '2018-07-22 18:40:06', 'Dosen ALFI HASANIYAH, S.E.,M.M. dari kelompok 29 mengajukan file KKN_kelompok_29_Jumat_20_Juli_2018.pdf', 'admin/statistika/kinerja/detail/32?notif=1872218400625#ajuan', 0),
('18722184027717', '2018-07-22 18:40:27', 'Dosen ALFI HASANIYAH, S.E.,M.M. dari kelompok 30 mengajukan file KKN_KELOMPOK_30_HARI_KE_5.pdf', 'admin/statistika/kinerja/detail/42?notif=18722184027717#ajuan', 0),
('18722184038177', '2018-07-22 18:40:38', 'Dosen ALFI HASANIYAH, S.E.,M.M. dari kelompok 30 mengajukan file KKN_KELOMPOK_30_HARI_KE_6.pdf', 'admin/statistika/kinerja/detail/42?notif=18722184038177#ajuan', 0),
('18722224333221', '2018-07-22 22:43:33', 'Dosen MUHAMMAD DARRIN ZUHRI, S.Pd., M.Pd. dari kelompok 03 mengajukan file Laporan_KKN_2018_Minggu_Pertama.pdf', 'admin/statistika/kinerja/detail/20?notif=18722224333221#ajuan', 0),
('18722235223417', '2018-07-22 23:52:23', 'Dosen SUKMA UMBARA TIRTA FIRDAUS, MM. dari kelompok 24 mengajukan file FORM_MONITORING_KKN_2018-1.pdf', 'admin/statistika/kinerja/detail/9?notif=18722235223417#ajuan', 0),
('18723061054772', '2018-07-23 06:10:54', 'Dosen MUHAMMAD YASIR ZAIN, ST.,M.BA. dari kelompok 23 mengajukan file PROPOSAL_KKN_KELOMPOK_23_CENLECEN.pdf', 'admin/statistika/kinerja/detail/26?notif=18723061054772#ajuan', 0),
('1872306115996', '2018-07-23 06:11:59', 'Dosen MUHAMMAD YASIR ZAIN, ST.,M.BA. dari kelompok 22 mengajukan file lembar_pengesahan_benar.pdf', 'admin/statistika/kinerja/detail/1?notif=1872306115996#ajuan', 0),
('18723063038697', '2018-07-23 06:30:38', 'Dosen NIRWANA HAIDAR HARI, S.Pd., M.Kom. dari kelompok 06 mengajukan file proposal_laporan_mingguan.pdf', 'admin/statistika/kinerja/detail/16?notif=18723063038697#ajuan', 0),
('18723063038108', '2018-07-23 06:30:38', 'Dosen NIRWANA HAIDAR HARI, S.Pd., M.Kom. dari kelompok 06 mengajukan file proposal_laporan_mingguan.pdf', 'admin/statistika/kinerja/detail/16?notif=18723063038108#ajuan', 0),
('18723071523621', '2018-07-23 07:15:23', 'Dosen MUHAMMAD YASIR ZAIN, ST.,M.BA. dari kelompok 21 mengajukan file PROPOSAL_KKN_UNIRA_UNIT_21_DESA_KLOMPANG_TIMUR_FIXED.pdf', 'admin/statistika/kinerja/detail/7?notif=18723071523621#ajuan', 0),
('18723071553319', '2018-07-23 07:15:53', 'Dosen MUHAMMAD YASIR ZAIN, ST.,M.BA. dari kelompok 21 mengajukan file Kegiatan_Harian_KKN_UNIRA_Kelompok_21_Hari_Sabtu_Tanggal_21_juli_2018.pdf', 'admin/statistika/kinerja/detail/7?notif=18723071553319#ajuan', 0),
('18723071559676', '2018-07-23 07:15:59', 'Dosen MUHAMMAD YASIR ZAIN, ST.,M.BA. dari kelompok 21 mengajukan file Kegiatan_Harian_KKN_UNIRA_Kelompok_21_Hari_Jumat_Tanggal_20_juli_2018.pdf', 'admin/statistika/kinerja/detail/7?notif=18723071559676#ajuan', 0),
('18723071603485', '2018-07-23 07:16:03', 'Dosen MUHAMMAD YASIR ZAIN, ST.,M.BA. dari kelompok 21 mengajukan file Kegiatan_Harian_KKN_UNIRA_Kelompok_21_Hari_Kamis_Tanggal_19_juli_2018.pdf', 'admin/statistika/kinerja/detail/7?notif=18723071603485#ajuan', 0),
('1872307160981', '2018-07-23 07:16:09', 'Dosen MUHAMMAD YASIR ZAIN, ST.,M.BA. dari kelompok 21 mengajukan file Kegiatan_Harian_KKN_UNIRA_Kelompok_21_Hari_Rabu_Tanggal_18_juli_2018.pdf', 'admin/statistika/kinerja/detail/7?notif=1872307160981#ajuan', 0),
('18723071614416', '2018-07-23 07:16:14', 'Dosen MUHAMMAD YASIR ZAIN, ST.,M.BA. dari kelompok 21 mengajukan file Kegiatan_Harian_KKN_UNIRA_Kelompok_21_Hari_Selasa_Tanggal_17_juli_2018.pdf', 'admin/statistika/kinerja/detail/7?notif=18723071614416#ajuan', 0),
('18723071620206', '2018-07-23 07:16:20', 'Dosen MUHAMMAD YASIR ZAIN, ST.,M.BA. dari kelompok 21 mengajukan file Kegiatan_Harian_KKN_UNIRA_Kelompok_21_Hari_senin_Tanggal_16_juli_2018.pdf', 'admin/statistika/kinerja/detail/7?notif=18723071620206#ajuan', 0),
('18723082740495', '2018-07-23 08:27:40', 'Dosen MUHAMMAD DARRIN ZUHRI, S.Pd., M.Pd. dari kelompok 02 mengajukan file laporan_kkn_kelompok_02.pdf', 'admin/statistika/kinerja/detail/13?notif=18723082740495#ajuan', 0),
('18723092843654', '2018-07-23 09:28:43', 'Dosen M. KHOIRI, M.Pd. dari kelompok 37 mengajukan file IMG-20180716-WA0014.pdf', 'admin/statistika/kinerja/detail/43?notif=18723092843654#ajuan', 0),
('18723092900177', '2018-07-23 09:29:00', 'Dosen M. KHOIRI, M.Pd. dari kelompok 37 mengajukan file Kunjungan_kendusun.pdf', 'admin/statistika/kinerja/detail/43?notif=18723092900177#ajuan', 0),
('18723092910440', '2018-07-23 09:29:10', 'Dosen M. KHOIRI, M.Pd. dari kelompok 37 mengajukan file bersih_posko.pdf', 'admin/statistika/kinerja/detail/43?notif=18723092910440#ajuan', 0),
('18723092919941', '2018-07-23 09:29:19', 'Dosen M. KHOIRI, M.Pd. dari kelompok 37 mengajukan file pemasangan_banner.pdf', 'admin/statistika/kinerja/detail/43?notif=18723092919941#ajuan', 0),
('18723092929447', '2018-07-23 09:29:29', 'Dosen M. KHOIRI, M.Pd. dari kelompok 37 mengajukan file kedatangan_petugas_keamanan.pdf', 'admin/statistika/kinerja/detail/43?notif=18723092929447#ajuan', 0),
('18723092942471', '2018-07-23 09:29:42', 'Dosen M. KHOIRI, M.Pd. dari kelompok 37 mengajukan file rapat_harian.pdf', 'admin/statistika/kinerja/detail/43?notif=18723092942471#ajuan', 0),
('18723092953289', '2018-07-23 09:29:53', 'Dosen M. KHOIRI, M.Pd. dari kelompok 37 mengajukan file pembelian_papan_untuk_nama_dusun.pdf', 'admin/statistika/kinerja/detail/43?notif=18723092953289#ajuan', 0),
('18723093003577', '2018-07-23 09:30:03', 'Dosen M. KHOIRI, M.Pd. dari kelompok 37 mengajukan file pembuatan_papan_nama_dusun2.pdf', 'admin/statistika/kinerja/detail/43?notif=18723093003577#ajuan', 0),
('18723093015565', '2018-07-23 09:30:15', 'Dosen M. KHOIRI, M.Pd. dari kelompok 37 mengajukan file kerja_bakti.pdf', 'admin/statistika/kinerja/detail/43?notif=18723093015565#ajuan', 0),
('18723094152257', '2018-07-23 09:41:52', 'Dosen M. KHOIRI, M.Pd. dari kelompok 38 mengajukan file KKN_38.pdf', 'admin/statistika/kinerja/detail/44?notif=18723094152257#ajuan', 0),
('18723094205928', '2018-07-23 09:42:05', 'Dosen M. KHOIRI, M.Pd. dari kelompok 38 mengajukan file Laporan2_kkn_38.pdf', 'admin/statistika/kinerja/detail/44?notif=18723094205928#ajuan', 0),
('18723094214561', '2018-07-23 09:42:14', 'Dosen M. KHOIRI, M.Pd. dari kelompok 38 mengajukan file KKN_381.pdf', 'admin/statistika/kinerja/detail/44?notif=18723094214561#ajuan', 0),
('18723094222337', '2018-07-23 09:42:22', 'Dosen M. KHOIRI, M.Pd. dari kelompok 38 mengajukan file KKN_382.pdf', 'admin/statistika/kinerja/detail/44?notif=18723094222337#ajuan', 0),
('18723094237170', '2018-07-23 09:42:37', 'Dosen M. KHOIRI, M.Pd. dari kelompok 38 mengajukan file KKN_383.pdf', 'admin/statistika/kinerja/detail/44?notif=18723094237170#ajuan', 0),
('18723094251571', '2018-07-23 09:42:51', 'Dosen M. KHOIRI, M.Pd. dari kelompok 38 mengajukan file KKN_384.pdf', 'admin/statistika/kinerja/detail/44?notif=18723094251571#ajuan', 0),
('18723094308303', '2018-07-23 09:43:08', 'Dosen M. KHOIRI, M.Pd. dari kelompok 38 mengajukan file KKN_38(1).pdf', 'admin/statistika/kinerja/detail/44?notif=18723094308303#ajuan', 0),
('18723094327504', '2018-07-23 09:43:27', 'Dosen M. KHOIRI, M.Pd. dari kelompok 38 mengajukan file KKN_385.pdf', 'admin/statistika/kinerja/detail/44?notif=18723094327504#ajuan', 0),
('18723094340110', '2018-07-23 09:43:40', 'Dosen M. KHOIRI, M.Pd. dari kelompok 38 mengajukan file laporan3_kbm_38.pdf', 'admin/statistika/kinerja/detail/44?notif=18723094340110#ajuan', 0),
('18723094400663', '2018-07-23 09:44:00', 'Dosen M. KHOIRI, M.Pd. dari kelompok 38 mengajukan file laporan3_piket_kkn_38.pdf', 'admin/statistika/kinerja/detail/44?notif=18723094400663#ajuan', 0),
('18723094410201', '2018-07-23 09:44:10', 'Dosen M. KHOIRI, M.Pd. dari kelompok 38 mengajukan file laporan3_denah_kkn_38.pdf', 'admin/statistika/kinerja/detail/44?notif=18723094410201#ajuan', 0),
('18723094422383', '2018-07-23 09:44:22', 'Dosen M. KHOIRI, M.Pd. dari kelompok 38 mengajukan file laporan4_paud_kkn_382.pdf', 'admin/statistika/kinerja/detail/44?notif=18723094422383#ajuan', 0),
('18723094444323', '2018-07-23 09:44:44', 'Dosen M. KHOIRI, M.Pd. dari kelompok 38 mengajukan file laporan6_denah_kkn_38.pdf', 'admin/statistika/kinerja/detail/44?notif=18723094444323#ajuan', 0),
('18723094453250', '2018-07-23 09:44:53', 'Dosen M. KHOIRI, M.Pd. dari kelompok 38 mengajukan file Laporan5PAUDkkn381.pdf', 'admin/statistika/kinerja/detail/44?notif=18723094453250#ajuan', 0),
('18723094500221', '2018-07-23 09:45:00', 'Dosen M. KHOIRI, M.Pd. dari kelompok 38 mengajukan file Laporan5PAUDkkn38.pdf', 'admin/statistika/kinerja/detail/44?notif=18723094500221#ajuan', 0),
('18723094512714', '2018-07-23 09:45:12', 'Dosen M. KHOIRI, M.Pd. dari kelompok 38 mengajukan file laporan4_paud_kkn_38.pdf', 'admin/statistika/kinerja/detail/44?notif=18723094512714#ajuan', 0),
('18723094537675', '2018-07-23 09:45:37', 'Dosen M. KHOIRI, M.Pd. dari kelompok 38 mengajukan file laporan4_banner_kkn_38_docx1.pdf', 'admin/statistika/kinerja/detail/44?notif=18723094537675#ajuan', 0),
('18723094547243', '2018-07-23 09:45:47', 'Dosen M. KHOIRI, M.Pd. dari kelompok 38 mengajukan file laporan4_banner_kkn_38_docx.pdf', 'admin/statistika/kinerja/detail/44?notif=18723094547243#ajuan', 0),
('1872310141234', '2018-07-23 10:14:12', 'Dosen ZAINURRAFIQI, A.Md.,S.AB.,M.AB.,M.BA. dari kelompok 13 mengajukan file KKN_LAPOAN_MINGGU_KE-1_(Autosaved)1.pdf', 'admin/statistika/kinerja/detail/6?notif=1872310141234#ajuan', 0),
('18723101424166', '2018-07-23 10:14:24', 'Dosen ZAINURRAFIQI, A.Md.,S.AB.,M.AB.,M.BA. dari kelompok 13 mengajukan file KKN_LAPOAN_MINGGU_KE-1_(Autosaved).pdf', 'admin/statistika/kinerja/detail/6?notif=18723101424166#ajuan', 0),
('1872310150784', '2018-07-23 10:15:07', 'Dosen ZAINURRAFIQI, A.Md.,S.AB.,M.AB.,M.BA. dari kelompok 13 mengajukan file KKN_LAPOAN_MINGGU_KE-1_(Autosaved)1.pdf', 'admin/statistika/kinerja/detail/6?notif=1872310150784#ajuan', 0),
('18723101516572', '2018-07-23 10:15:16', 'Dosen ZAINURRAFIQI, A.Md.,S.AB.,M.AB.,M.BA. dari kelompok 13 mengajukan file KKN_2018_KELOMPOK_131.pdf', 'admin/statistika/kinerja/detail/6?notif=18723101516572#ajuan', 0),
('18723101528757', '2018-07-23 10:15:28', 'Dosen ZAINURRAFIQI, A.Md.,S.AB.,M.AB.,M.BA. dari kelompok 13 mengajukan file KKN_2018_KELOMPOK_13.pdf', 'admin/statistika/kinerja/detail/6?notif=18723101528757#ajuan', 0),
('18723101528973', '2018-07-23 10:15:28', 'Dosen ZAINURRAFIQI, A.Md.,S.AB.,M.AB.,M.BA. dari kelompok 13 mengajukan file KKN_2018_KELOMPOK_13.pdf', 'admin/statistika/kinerja/detail/6?notif=18723101528973#ajuan', 0),
('18723101533159', '2018-07-23 10:15:33', 'Dosen ZAINURRAFIQI, A.Md.,S.AB.,M.AB.,M.BA. dari kelompok 13 mengajukan file PROPOSAL_KEGIATAN_KKN_13.pdf', 'admin/statistika/kinerja/detail/6?notif=18723101533159#ajuan', 0),
('18723101618632', '2018-07-23 10:16:18', 'Dosen ZAINURRAFIQI, A.Md.,S.AB.,M.AB.,M.BA. dari kelompok 14 mengajukan file kkn_2018_kelompok_14__Des__kapong_kec__batu_marmar_kab__pamekasa.pdf', 'admin/statistika/kinerja/detail/8?notif=18723101618632#ajuan', 0),
('18723111759986', '2018-07-23 11:17:59', 'Dosen ACHMAD IMAM, S. Sos.,M.Si. dari kelompok 05 mengajukan file LAPORAN_KEGIATAN_MINGGUAN_kel_05_dempo_timur.pdf', 'admin/statistika/kinerja/detail/15?notif=18723111759986#ajuan', 0),
('18723203355860', '2018-07-23 20:33:55', 'Dosen ALFI HASANIYAH, S.E.,M.M. dari kelompok 29 mengajukan file KKN_kelompok_29_Sabtu_21_Juli_2018.pdf', 'admin/statistika/kinerja/detail/32?notif=18723203355860#ajuan', 0),
('18723203419782', '2018-07-23 20:34:19', 'Dosen ALFI HASANIYAH, S.E.,M.M. dari kelompok 30 mengajukan file KKN_KELOMPOK_30_HARI_KE_8.pdf', 'admin/statistika/kinerja/detail/42?notif=18723203419782#ajuan', 0),
('18724070635173', '2018-07-24 07:06:35', 'Dosen ANISA FAJRIANA OKTASARI, S.S.,M.Pd. dari kelompok 28 mengajukan file LAPORAN_MINGGUAN_KKN_28_DESA_TAMBAAN.pdf', 'admin/statistika/kinerja/detail/30?notif=18724070635173#ajuan', 0),
('18724070635499', '2018-07-24 07:06:35', 'Dosen ANISA FAJRIANA OKTASARI, S.S.,M.Pd. dari kelompok 28 mengajukan file LAPORAN_MINGGUAN_KKN_28_DESA_TAMBAAN.pdf', 'admin/statistika/kinerja/detail/30?notif=18724070635499#ajuan', 0),
('18724091345481', '2018-07-24 09:13:45', 'Dosen KUSYAIRI, S.Pd.,M.Pd. dari kelompok 10 mengajukan file LAPORAN_PELAKSANAAN_KULIAH_KERJA_NYATA_BARU_(1).pdf', 'admin/statistika/kinerja/detail/28?notif=18724091345481#ajuan', 0),
('1872411183132', '2018-07-24 11:18:31', 'Dosen ACHMAD IMAM, S. Sos.,M.Si. dari kelompok 04 mengajukan file LAMPIRAN_KEGIATAN_KKN_2018_KELOMPOK_04.pdf', 'admin/statistika/kinerja/detail/14?notif=1872411183132#ajuan', 0),
('18724180742570', '2018-07-24 18:07:42', 'Dosen IDON JONI, M.Si. dari kelompok 26 mengajukan file LAPORAN_MINGGUAN.pdf', 'admin/statistika/kinerja/detail/31?notif=18724180742570#ajuan', 0),
('1872423335597', '2018-07-24 23:33:55', 'Dosen   CHAIRUL FAJAR TAFRILYANTO, S.Pd.,M.Pd. dari kelompok 41 mengajukan file Laporan_minggu_1_kelompok_41.pdf', 'admin/statistika/kinerja/detail/47?notif=1872423335597#ajuan', 0),
('18724233355334', '2018-07-24 23:33:55', 'Dosen   CHAIRUL FAJAR TAFRILYANTO, S.Pd.,M.Pd. dari kelompok 41 mengajukan file Laporan_minggu_1_kelompok_41.pdf', 'admin/statistika/kinerja/detail/47?notif=18724233355334#ajuan', 0),
('18725090341500', '2018-07-25 09:03:41', 'Dosen ALFI HASANIYAH, S.E.,M.M. dari kelompok 29 mengajukan file KKN_kelompok_29_Senin_23_Juli_2018.pdf', 'admin/statistika/kinerja/detail/32?notif=18725090341500#ajuan', 0),
('1872510492640', '2018-07-25 10:49:26', 'Dosen ALFI HASANIYAH, S.E.,M.M. dari kelompok 30 mengajukan file KKN_KELOMPOK_30_HARI_KE_9.pdf', 'admin/statistika/kinerja/detail/42?notif=1872510492640#ajuan', 0),
('18725110956765', '2018-07-25 11:09:56', 'Dosen MUHAMMAD YASIR ZAIN, ST.,M.BA. dari kelompok 21 mengajukan file KEGIATAN_HARIAN_KELOMPOK_21_senin_23_Juli.pdf', 'admin/statistika/kinerja/detail/7?notif=18725110956765#ajuan', 0),
('18725111000888', '2018-07-25 11:10:00', 'Dosen MUHAMMAD YASIR ZAIN, ST.,M.BA. dari kelompok 21 mengajukan file KEGIATAN_KKN_UNIRA_KELOMPOK_21_HARI_SELASA_24_JULI_2018.pdf', 'admin/statistika/kinerja/detail/7?notif=18725111000888#ajuan', 0),
('18725111326781', '2018-07-25 11:13:26', 'Dosen MUHAMMAD YASIR ZAIN, ST.,M.BA. dari kelompok 23 mengajukan file SENIN_16_JULI_2018.pdf', 'admin/statistika/kinerja/detail/26?notif=18725111326781#ajuan', 0),
('18725111429403', '2018-07-25 11:14:29', 'Dosen MUHAMMAD YASIR ZAIN, ST.,M.BA. dari kelompok 23 mengajukan file SELASA_17_JULI_2018.pdf', 'admin/statistika/kinerja/detail/26?notif=18725111429403#ajuan', 0),
('18725111521974', '2018-07-25 11:15:21', 'Dosen MUHAMMAD YASIR ZAIN, ST.,M.BA. dari kelompok 23 mengajukan file RABU_18_JULI_2018.pdf', 'admin/statistika/kinerja/detail/26?notif=18725111521974#ajuan', 0),
('18725111639896', '2018-07-25 11:16:39', 'Dosen MUHAMMAD YASIR ZAIN, ST.,M.BA. dari kelompok 23 mengajukan file KAMIS_19_JULI_2018.pdf', 'admin/statistika/kinerja/detail/26?notif=18725111639896#ajuan', 0),
('18725111717775', '2018-07-25 11:17:17', 'Dosen MUHAMMAD YASIR ZAIN, ST.,M.BA. dari kelompok 23 mengajukan file JUMAT_20_JULI_2108.pdf', 'admin/statistika/kinerja/detail/26?notif=18725111717775#ajuan', 0),
('18725111833490', '2018-07-25 11:18:33', 'Dosen MUHAMMAD YASIR ZAIN, ST.,M.BA. dari kelompok 23 mengajukan file SABTU_21_JULI_2018.pdf', 'admin/statistika/kinerja/detail/26?notif=18725111833490#ajuan', 0),
('18725111929497', '2018-07-25 11:19:29', 'Dosen MUHAMMAD YASIR ZAIN, ST.,M.BA. dari kelompok 23 mengajukan file SENIN_23_JULI_2018.pdf', 'admin/statistika/kinerja/detail/26?notif=18725111929497#ajuan', 0),
('18725192642782', '2018-07-25 19:26:42', 'Dosen   CHAIRUL FAJAR TAFRILYANTO, S.Pd.,M.Pd. dari kelompok 42 mengajukan file Cover.pdf', 'admin/statistika/kinerja/detail/48?notif=18725192642782#ajuan', 0),
('18725201204747', '2018-07-25 20:12:04', 'Dosen ANISA FAJRIANA OKTASARI, S.S.,M.Pd. dari kelompok 27 mengajukan file LAP_PERMINGGU.pdf', 'admin/statistika/kinerja/detail/29?notif=18725201204747#ajuan', 0),
('18725232739547', '2018-07-25 23:27:39', 'Dosen MUHAMMAD YASIR ZAIN, ST.,M.BA. dari kelompok 23 mengajukan file SELASA_24_JULI_2018.pdf', 'admin/statistika/kinerja/detail/26?notif=18725232739547#ajuan', 0),
('18725232841663', '2018-07-25 23:28:41', 'Dosen MUHAMMAD YASIR ZAIN, ST.,M.BA. dari kelompok 23 mengajukan file RABU_25_JULI_2018.pdf', 'admin/statistika/kinerja/detail/26?notif=18725232841663#ajuan', 0),
('18726114548622', '2018-07-26 11:45:48', 'Dosen MUHAMMAD YASIR ZAIN, ST.,M.BA. dari kelompok 22 mengajukan file LAPORAN_16_JULI.pdf', 'admin/statistika/kinerja/detail/1?notif=18726114548622#ajuan', 0),
('18726114602204', '2018-07-26 11:46:02', 'Dosen MUHAMMAD YASIR ZAIN, ST.,M.BA. dari kelompok 22 mengajukan file LAPORAN_17_JULI.pdf', 'admin/statistika/kinerja/detail/1?notif=18726114602204#ajuan', 0),
('18726114618918', '2018-07-26 11:46:18', 'Dosen MUHAMMAD YASIR ZAIN, ST.,M.BA. dari kelompok 22 mengajukan file LAPORAN_18_JULI.pdf', 'admin/statistika/kinerja/detail/1?notif=18726114618918#ajuan', 0),
('18726114625359', '2018-07-26 11:46:25', 'Dosen MUHAMMAD YASIR ZAIN, ST.,M.BA. dari kelompok 22 mengajukan file LAPORAN_19_JULI.pdf', 'admin/statistika/kinerja/detail/1?notif=18726114625359#ajuan', 0),
('1872611462730', '2018-07-26 11:46:27', 'Dosen MUHAMMAD YASIR ZAIN, ST.,M.BA. dari kelompok 22 mengajukan file LAPORAN_20_JULI.pdf', 'admin/statistika/kinerja/detail/1?notif=1872611462730#ajuan', 0),
('18726114650892', '2018-07-26 11:46:50', 'Dosen MUHAMMAD YASIR ZAIN, ST.,M.BA. dari kelompok 22 mengajukan file LAPORAN_21_JULI.pdf', 'admin/statistika/kinerja/detail/1?notif=18726114650892#ajuan', 0),
('18726114652997', '2018-07-26 11:46:52', 'Dosen MUHAMMAD YASIR ZAIN, ST.,M.BA. dari kelompok 22 mengajukan file LAPORAN_23_JULI.pdf', 'admin/statistika/kinerja/detail/1?notif=18726114652997#ajuan', 0),
('1872611465325', '2018-07-26 11:46:53', 'Dosen MUHAMMAD YASIR ZAIN, ST.,M.BA. dari kelompok 22 mengajukan file LAPORAN_24_JULI.pdf', 'admin/statistika/kinerja/detail/1?notif=1872611465325#ajuan', 0),
('18726114722898', '2018-07-26 11:47:22', 'Dosen MUHAMMAD YASIR ZAIN, ST.,M.BA. dari kelompok 22 mengajukan file LAPORAN_25_JULI.pdf', 'admin/statistika/kinerja/detail/1?notif=18726114722898#ajuan', 0),
('1872622331767', '2018-07-26 22:33:17', 'Dosen MUHAMMAD YASIR ZAIN, ST.,M.BA. dari kelompok 23 mengajukan file ABSENSI_KAMIS_26_JULI_2018.pdf', 'admin/statistika/kinerja/detail/26?notif=1872622331767#ajuan', 0),
('18726223322184', '2018-07-26 22:33:22', 'Dosen MUHAMMAD YASIR ZAIN, ST.,M.BA. dari kelompok 23 mengajukan file Absensi_Rabu_25_Juli_2018.pdf', 'admin/statistika/kinerja/detail/26?notif=18726223322184#ajuan', 0),
('18726223327949', '2018-07-26 22:33:27', 'Dosen MUHAMMAD YASIR ZAIN, ST.,M.BA. dari kelompok 23 mengajukan file KAMIS_26_JULI_2018.pdf', 'admin/statistika/kinerja/detail/26?notif=18726223327949#ajuan', 0),
('18728090245810', '2018-07-28 09:02:45', 'Kelompok 29 mengajukan file KKN_kelompok_29_Selasa_24_Juli_2018.pdf', 'admin/statistika/kinerja/detail/32?notif=18728090245810#ajuan', 0),
('18728090250767', '2018-07-28 09:02:50', 'Kelompok 29 mengajukan file KKN_kelompok_29_Rabu_25_Juli_2018.pdf', 'admin/statistika/kinerja/detail/32?notif=18728090250767#ajuan', 0),
('18728090253199', '2018-07-28 09:02:53', 'Kelompok 29 mengajukan file Kelompok_29_Kamis_26_Juli_2018.pdf', 'admin/statistika/kinerja/detail/32?notif=18728090253199#ajuan', 0),
('18728090714290', '2018-07-28 09:07:14', 'Kelompok 30 mengajukan file KKN_KELOMPOK_30_HARI_KE_10.pdf', 'admin/statistika/kinerja/detail/42?notif=18728090714290#ajuan', 0),
('18728090718189', '2018-07-28 09:07:18', 'Kelompok 30 mengajukan file KKN_KELOMPOK_30_HARI_KE_11.pdf', 'admin/statistika/kinerja/detail/42?notif=18728090718189#ajuan', 0),
('187280913326', '2018-07-28 09:13:32', 'Kelompok 30 mengunggah file lembar monitoring \"KONTRAK013.pdf\"', 'admin/statistika/kinerja/detail/42?notif=187280913326#monitor', 0),
('18728091411405', '2018-07-28 09:14:11', 'Kelompok 30 mengunggah file lembar monitoring \"minggi_1.pdf\"', 'admin/statistika/kinerja/detail/42?notif=18728091411405#monitor', 0),
('18728091556618', '2018-07-28 09:15:56', 'Kelompok 29 mengunggah file lembar monitoring \"m1_dt.pdf\"', 'admin/statistika/kinerja/detail/32?notif=18728091556618#monitor', 0),
('18728091642254', '2018-07-28 09:16:42', 'Kelompok 29 mengunggah file lembar monitoring \"minggi_1.pdf\"', 'admin/statistika/kinerja/detail/32?notif=18728091642254#monitor', 0),
('1872809274339', '2018-07-28 09:27:43', 'Kelompok 30 mengunggah file lembar monitoring \"sejati_1.pdf\"', 'admin/statistika/kinerja/detail/42?notif=1872809274339#monitor', 0),
('18728092758475', '2018-07-28 09:27:58', 'Kelompok 30 mengunggah file lembar monitoring \"sejati_ke_1.pdf\"', 'admin/statistika/kinerja/detail/42?notif=18728092758475#monitor', 0),
('18728093842661', '2018-07-28 09:38:42', 'Kelompok 30 mengunggah file lembar monitoring \"sejati_2.pdf\"', 'admin/statistika/kinerja/detail/42?notif=18728093842661#monitor', 0),
('18728093920103', '2018-07-28 09:39:20', 'Kelompok 29 mengunggah file lembar monitoring \"tanjung_2.pdf\"', 'admin/statistika/kinerja/detail/32?notif=18728093920103#monitor', 0),
('18728124712706', '2018-07-28 12:47:12', 'Kelompok 36 mengunggah file lembar monitoring \"291.pdf\"', 'admin/statistika/kinerja/detail/41?notif=18728124712706#monitor', 0);
INSERT INTO `notifikasi` (`KDNOTIF`, `TGLNOTIF`, `KETNOTIF`, `URLNOTIF`, `STATUSNOTIF`) VALUES
('18729234629916', '2018-07-29 23:46:29', 'Kelompok 36 mengunggah file lembar monitoring \"Laporan_Mingguan(pertama).pdf\"', 'admin/statistika/kinerja/detail/41?notif=18729234629916#monitor', 0),
('18729234652172', '2018-07-29 23:46:52', 'Kelompok 36 mengunggah file lembar monitoring \"Laporan_Mingguan_(ke_dua).pdf\"', 'admin/statistika/kinerja/detail/41?notif=18729234652172#monitor', 0),
('18730085425588', '2018-07-30 08:54:25', 'Kelompok 13 mengajukan file \"KKN_LAPOAN_MINGGU_KE-2.pdf\"', 'admin/statistika/kinerja/detail/6?notif=18730085425588#ajuan', 0),
('18730090601597', '2018-07-30 09:06:01', 'Kelompok 13 mengunggah file lembar monitoring \"FOTO424.pdf\"', 'admin/statistika/kinerja/detail/6?notif=18730090601597#monitor', 0),
('18730090610168', '2018-07-30 09:06:10', 'Kelompok 13 mengunggah file lembar monitoring \"FOTO425.pdf\"', 'admin/statistika/kinerja/detail/6?notif=18730090610168#monitor', 0),
('18730090832600', '2018-07-30 09:08:32', 'Kelompok 13 mengunggah file lembar monitoring \"FOTO427.pdf\"', 'admin/statistika/kinerja/detail/6?notif=18730090832600#monitor', 0),
('18730090838275', '2018-07-30 09:08:38', 'Kelompok 13 mengunggah file lembar monitoring \"FOTO426.pdf\"', 'admin/statistika/kinerja/detail/6?notif=18730090838275#monitor', 0),
('18730090940105', '2018-07-30 09:09:40', 'Kelompok 14 mengajukan file \"LAPORAN_MINGGUAN_KKN_14_pertama.pdf\"', 'admin/statistika/kinerja/detail/8?notif=18730090940105#ajuan', 0),
('18730090947286', '2018-07-30 09:09:47', 'Kelompok 14 mengajukan file \"LAPORAN_MINGGUAN_KKN_14_kedua.pdf\"', 'admin/statistika/kinerja/detail/8?notif=18730090947286#ajuan', 0),
('18730091111450', '2018-07-30 09:11:11', 'Kelompok 14 mengunggah file lembar monitoring \"FOTO429.pdf\"', 'admin/statistika/kinerja/detail/8?notif=18730091111450#monitor', 0),
('18730091116203', '2018-07-30 09:11:16', 'Kelompok 14 mengunggah file lembar monitoring \"FOTO428.pdf\"', 'admin/statistika/kinerja/detail/8?notif=18730091116203#monitor', 0),
('18730091304812', '2018-07-30 09:13:04', 'Kelompok 14 mengunggah file lembar monitoring \"FOTO431.pdf\"', 'admin/statistika/kinerja/detail/8?notif=18730091304812#monitor', 0),
('18730091314843', '2018-07-30 09:13:14', 'Kelompok 14 mengunggah file lembar monitoring \"FOTO430.pdf\"', 'admin/statistika/kinerja/detail/8?notif=18730091314843#monitor', 0),
('18730094557416', '2018-07-30 09:45:57', 'Kelompok 10 mengajukan file \"LAPORAN_PELAKSANAAN_KULIAH_KERJA_NYATA_BARU1.pdf\"', 'admin/statistika/kinerja/detail/28?notif=18730094557416#ajuan', 0),
('1873010073569', '2018-07-30 10:07:35', 'Kelompok 10 mengunggah file lembar monitoring \"MINGGU_Pertama.pdf\"', 'admin/statistika/kinerja/detail/28?notif=1873010073569#monitor', 0),
('1873010092172', '2018-07-30 10:09:21', 'Kelompok 10 mengunggah file lembar monitoring \"MINGGU_Kedua.pdf\"', 'admin/statistika/kinerja/detail/28?notif=1873010092172#monitor', 0),
('18730102607162', '2018-07-30 10:26:07', 'Kelompok 37 mengajukan file \"lap_mingguan(ke-1).pdf\"', 'admin/statistika/kinerja/detail/43?notif=18730102607162#ajuan', 0),
('18730102639711', '2018-07-30 10:26:39', 'Kelompok 37 mengajukan file \"mengajar_di_TK_PAUD.pdf\"', 'admin/statistika/kinerja/detail/43?notif=18730102639711#ajuan', 0),
('18730102652710', '2018-07-30 10:26:52', 'Kelompok 37 mengajukan file \"sosialisasi_jjs,sd_meteng_1_dan_sd_meteng_2.pdf\"', 'admin/statistika/kinerja/detail/43?notif=18730102652710#ajuan', 0),
('1873010274655', '2018-07-30 10:27:46', 'Kelompok 38 mengajukan file \"laporan9_kbm_paud_kkn_38.pdf\"', 'admin/statistika/kinerja/detail/44?notif=1873010274655#ajuan', 0),
('18730102759571', '2018-07-30 10:27:59', 'Kelompok 38 mengajukan file \"laporan8_denah_plakat_kkn_38.pdf\"', 'admin/statistika/kinerja/detail/44?notif=18730102759571#ajuan', 0),
('18730102813298', '2018-07-30 10:28:13', 'Kelompok 38 mengajukan file \"laporan7_kbm_kkn_38.pdf\"', 'admin/statistika/kinerja/detail/44?notif=18730102813298#ajuan', 0),
('18730102826619', '2018-07-30 10:28:26', 'Kelompok 38 mengajukan file \"laporan6_bumdes_kkn_38.pdf\"', 'admin/statistika/kinerja/detail/44?notif=18730102826619#ajuan', 0),
('18730221032909', '2018-07-30 22:10:32', 'Kelompok 31 mengajukan file \"laporan_minggu_kedua_kel_31.pdf\"', 'admin/statistika/kinerja/detail/34?notif=18730221032909#ajuan', 0),
('18731003301935', '2018-07-31 00:33:01', 'Kelompok 32 mengajukan file \"DAFTAR_KEGIATAN1.pdf\"', 'admin/statistika/kinerja/detail/35?notif=18731003301935#ajuan', 0),
('18731082537645', '2018-07-31 08:25:37', 'Kelompok 10 mengajukan file \"LAPORAN_PELAKSANAAN_KULIAH_KERJA_NYATA_BARU2.pdf\"', 'admin/statistika/kinerja/detail/28?notif=18731082537645#ajuan', 0),
('1873108462797', '2018-07-31 08:46:27', 'Kelompok 27 mengajukan file \"laporan_Minggu_Ke-2.pdf\"', 'admin/statistika/kinerja/detail/29?notif=1873108462797#ajuan', 0),
('18731084634137', '2018-07-31 08:46:34', 'Kelompok 27 mengajukan file \"laporan_Minggu_Ke-21.pdf\"', 'admin/statistika/kinerja/detail/29?notif=18731084634137#ajuan', 0),
('18731084708114', '2018-07-31 08:47:08', 'Kelompok 28 mengajukan file \"laporan_KKN_28_Dessa_Tambaan_minggu_ke_2.pdf\"', 'admin/statistika/kinerja/detail/30?notif=18731084708114#ajuan', 0),
('18731112203685', '2018-07-31 11:22:03', 'Kelompok 04 mengajukan file \"LAMPIRAN_KEGIATAN_KKN_2018_KELOMPOK_04_MINGGU_KE_2.pdf\"', 'admin/statistika/kinerja/detail/14?notif=18731112203685#ajuan', 0),
('18731112212435', '2018-07-31 11:22:12', 'Kelompok 04 mengajukan file \"Proposal_KKN_2018_kelompok_04.pdf\"', 'admin/statistika/kinerja/detail/14?notif=18731112212435#ajuan', 0),
('1881091704118', '2018-08-01 09:17:04', 'Kelompok 26 mengajukan file \"LAPORAN_MINGGUAN_2_KKN_26.pdf\"', 'admin/statistika/kinerja/detail/31?notif=1881091704118#ajuan', 0),
('1881093934366', '2018-08-01 09:39:34', 'Kelompok 22 mengajukan file \"LAPORAN_26_JULI.pdf\"', 'admin/statistika/kinerja/detail/1?notif=1881093934366#ajuan', 0),
('1881093941814', '2018-08-01 09:39:41', 'Kelompok 22 mengajukan file \"LAPORAN_27_JULI.pdf\"', 'admin/statistika/kinerja/detail/1?notif=1881093941814#ajuan', 0),
('1881094002932', '2018-08-01 09:40:02', 'Kelompok 21 mengajukan file \"Kegiatan_harian_KKN_UNIRA_Kelompok_21_Hari_Rabu_tanggal_25_Juli_2018.pdf\"', 'admin/statistika/kinerja/detail/7?notif=1881094002932#ajuan', 0),
('1881094022892', '2018-08-01 09:40:22', 'Kelompok 21 mengajukan file \"Kegiatan_harian_KKN_UNIRA_Kelompok_21_Hari_Kamis_tanggal_26_Juli_2018.pdf\"', 'admin/statistika/kinerja/detail/7?notif=1881094022892#ajuan', 0),
('1881094028501', '2018-08-01 09:40:28', 'Kelompok 21 mengajukan file \"Kegiatan_harian_KKN_UNIRA_Kelompok_21_Hari_Jum.pdf\"', 'admin/statistika/kinerja/detail/7?notif=1881094028501#ajuan', 0),
('1881094032101', '2018-08-01 09:40:32', 'Kelompok 21 mengajukan file \"TGL_30.pdf\"', 'admin/statistika/kinerja/detail/7?notif=1881094032101#ajuan', 0),
('188109403872', '2018-08-01 09:40:38', 'Kelompok 21 mengajukan file \"TGL_28.pdf\"', 'admin/statistika/kinerja/detail/7?notif=188109403872#ajuan', 0),
('1881094054957', '2018-08-01 09:40:54', 'Kelompok 23 mengajukan file \"JUMAT_27_JULI_2018.pdf\"', 'admin/statistika/kinerja/detail/26?notif=1881094054957#ajuan', 0),
('1881094100566', '2018-08-01 09:41:00', 'Kelompok 23 mengajukan file \"SELASA_31_JULI_2018.pdf\"', 'admin/statistika/kinerja/detail/26?notif=1881094100566#ajuan', 0),
('1881094107236', '2018-08-01 09:41:07', 'Kelompok 23 mengajukan file \"ABSENSI_POSKO_23_SENIN_30_JULI.pdf\"', 'admin/statistika/kinerja/detail/26?notif=1881094107236#ajuan', 0),
('1881094113963', '2018-08-01 09:41:13', 'Kelompok 23 mengajukan file \"SENIN_30_JULI_2018.pdf\"', 'admin/statistika/kinerja/detail/26?notif=1881094113963#ajuan', 0),
('1881094118794', '2018-08-01 09:41:18', 'Kelompok 23 mengajukan file \"SABTU_28_JULI_2018.pdf\"', 'admin/statistika/kinerja/detail/26?notif=1881094118794#ajuan', 0),
('1881170434644', '2018-08-01 17:04:34', 'Kelompok 02 mengajukan file \"laporan_kkn_k_2.pdf\"', 'admin/statistika/kinerja/detail/13?notif=1881170434644#ajuan', 0),
('188117050010', '2018-08-01 17:05:00', 'Kelompok 03 mengajukan file \"Laporan_KKN_2018_Minggu_Kedua.pdf\"', 'admin/statistika/kinerja/detail/20?notif=188117050010#ajuan', 0),
('1881170511784', '2018-08-01 17:05:11', 'Kelompok 03 mengajukan file \"Laporan_KKN_2018_Minggu_Kedua.pdf\"', 'admin/statistika/kinerja/detail/20?notif=1881170511784#ajuan', 0),
('1882174734947', '2018-08-02 17:47:34', 'Kelompok 25 mengajukan file \"FORM_MONITORING_KKN_2018_(II).pdf\"', 'admin/statistika/kinerja/detail/11?notif=1882174734947#ajuan', 0),
('1882210912891', '2018-08-02 21:09:12', 'Kelompok 35 mengajukan file \"LAPORAN_KEGIATAN_MINGGU_II.pdf\"', 'admin/statistika/kinerja/detail/40?notif=1882210912891#ajuan', 0),
('1882210930866', '2018-08-02 21:09:30', 'Kelompok 35 mengajukan file \"LAPORAN_KEGIATAN_MINGGU_I.pdf\"', 'admin/statistika/kinerja/detail/40?notif=1882210930866#ajuan', 0),
('1882211016178', '2018-08-02 21:10:16', 'Kelompok 36 mengajukan file \"Laporan_Mingguan_(ke_dua).pdf\"', 'admin/statistika/kinerja/detail/41?notif=1882211016178#ajuan', 0),
('188221103037', '2018-08-02 21:10:30', 'Kelompok 36 mengajukan file \"Laporan_Mingguan(pertama).pdf\"', 'admin/statistika/kinerja/detail/41?notif=188221103037#ajuan', 0),
('1883081850367', '2018-08-03 08:18:50', 'Kelompok 06 mengajukan file \"proposal_mingguan_kelompok_6.pdf\"', 'admin/statistika/kinerja/detail/16?notif=1883081850367#ajuan', 0),
('1883081937180', '2018-08-03 08:19:37', 'Kelompok 07 mengajukan file \"LAPORAN_KEGIATAN_KKN_Kelompok_07_mulai_tanggal_16-21_Juli_2018.pdf\"', 'admin/statistika/kinerja/detail/17?notif=1883081937180#ajuan', 0),
('1883081941893', '2018-08-03 08:19:41', 'Kelompok 07 mengajukan file \"LAPORAN_KEGIATAN_KKN_Kelompok_07_mulai_tanggal_23-28_Juli_2018.pdf\"', 'admin/statistika/kinerja/detail/17?notif=1883081941893#ajuan', 0),
('1883081941149', '2018-08-03 08:19:41', 'Kelompok 07 mengajukan file \"LAPORAN_KEGIATAN_KKN_Kelompok_07_mulai_tanggal_23-28_Juli_2018.pdf\"', 'admin/statistika/kinerja/detail/17?notif=1883081941149#ajuan', 0),
('1883141027849', '2018-08-03 14:10:27', 'Kelompok 10 mengajukan file \"LAPORAN_PELAKSANAAN_KULIAH_KERJA_NYATA_BARU_(1)1.pdf\"', 'admin/statistika/kinerja/detail/28?notif=1883141027849#ajuan', 0),
('1883141027596', '2018-08-03 14:10:27', 'Kelompok 10 mengajukan file \"LAPORAN_PELAKSANAAN_KULIAH_KERJA_NYATA_BARU_(1)1.pdf\"', 'admin/statistika/kinerja/detail/28?notif=1883141027596#ajuan', 0),
('1883212816786', '2018-08-03 21:28:16', 'Kelompok 24 mengajukan file \"FORM_MONITORING_KKN_2018_021.pdf\"', 'admin/statistika/kinerja/detail/9?notif=1883212816786#ajuan', 0),
('1884111949773', '2018-08-04 11:19:49', 'Kelompok 43 mengajukan file \"DAFTAR_KEGIATAN_MINGGU_KE_2.pdf\"', 'admin/statistika/kinerja/detail/49?notif=1884111949773#ajuan', 0),
('1884112008511', '2018-08-04 11:20:08', 'Kelompok 44 mengajukan file \"DAFTAR_KEGIATAN_Minggu_2.pdf\"', 'admin/statistika/kinerja/detail/50?notif=1884112008511#ajuan', 0),
('1885212935765', '2018-08-05 21:29:35', 'Kelompok 35 mengajukan file \"LAPORAN_KEGIATAN_MINGGU_III.pdf\"', 'admin/statistika/kinerja/detail/40?notif=1885212935765#ajuan', 0),
('1885213105734', '2018-08-05 21:31:05', 'Kelompok 36 mengajukan file \"Laporan_Mingguan_(ke_tiga).pdf\"', 'admin/statistika/kinerja/detail/41?notif=1885213105734#ajuan', 0),
('1886045127601', '2018-08-06 04:51:27', 'Kelompok 02 mengajukan file \"laporan_minggu_ke_3_kkn_kelompok_o21.pdf\"', 'admin/statistika/kinerja/detail/13?notif=1886045127601#ajuan', 0),
('1886045145898', '2018-08-06 04:51:45', 'Kelompok 03 mengajukan file \"Laporan_KKN_2018_Minggu_Ketiga.pdf\"', 'admin/statistika/kinerja/detail/20?notif=1886045145898#ajuan', 0),
('1886060356908', '2018-08-06 06:03:56', 'Kelompok 31 mengajukan file \"laporan_minggu_ketiga_0.pdf\"', 'admin/statistika/kinerja/detail/34?notif=1886060356908#ajuan', 0),
('1886060356971', '2018-08-06 06:03:56', 'Kelompok 31 mengajukan file \"laporan_minggu_ketiga_0.pdf\"', 'admin/statistika/kinerja/detail/34?notif=1886060356971#ajuan', 0),
('1886060443892', '2018-08-06 06:04:43', 'Kelompok 32 mengajukan file \"DAFTAR_KEGIATAN_3.pdf\"', 'admin/statistika/kinerja/detail/35?notif=1886060443892#ajuan', 0),
('1886060444504', '2018-08-06 06:04:44', 'Kelompok 32 mengajukan file \"DAFTAR_KEGIATAN_3.pdf\"', 'admin/statistika/kinerja/detail/35?notif=1886060444504#ajuan', 0),
('1887074057254', '2018-08-07 07:40:57', 'Kelompok 43 mengajukan file \"DAFTAR_KEGIATAN_MINGGU_KE_3.pdf\"', 'admin/statistika/kinerja/detail/49?notif=1887074057254#ajuan', 0),
('1887074631846', '2018-08-07 07:46:31', 'Kelompok 44 mengajukan file \"DAFTAR_KEGIATAN_Minggu_1_(Kurly)2.pdf\"', 'admin/statistika/kinerja/detail/50?notif=1887074631846#ajuan', 0),
('1887103135811', '2018-08-07 10:31:35', 'Kelompok 37 mengajukan file \"pelaksanaan_acara_BUMDes.pdf\"', 'admin/statistika/kinerja/detail/43?notif=1887103135811#ajuan', 0),
('1887103344583', '2018-08-07 10:33:44', 'Kelompok 38 mengajukan file \"laporan12_pelatihan_upacara_kkn_38.pdf\"', 'admin/statistika/kinerja/detail/44?notif=1887103344583#ajuan', 0),
('1887103350942', '2018-08-07 10:33:50', 'Kelompok 38 mengajukan file \"laporan11_pemasangan_denah_plakat_kkn_38.pdf\"', 'admin/statistika/kinerja/detail/44?notif=1887103350942#ajuan', 0),
('1887103354993', '2018-08-07 10:33:54', 'Kelompok 38 mengajukan file \"Laporan10_KBM_kkn38.pdf\"', 'admin/statistika/kinerja/detail/44?notif=1887103354993#ajuan', 0),
('1888053959181', '2018-08-08 05:39:59', 'Kelompok 26 mengajukan file \"LAPORAN_MINGGUAN_3_KKN_26_UNIRA.pdf\"', 'admin/statistika/kinerja/detail/31?notif=1888053959181#ajuan', 0),
('1888094047715', '2018-08-08 09:40:47', 'Kelompok 29 mengajukan file \"Kelompok_29_Jumat_27_Juli_2018.pdf\"', 'admin/statistika/kinerja/detail/32?notif=1888094047715#ajuan', 0),
('1888094101793', '2018-08-08 09:41:01', 'Kelompok 29 mengajukan file \"KKN_Kelompok_29_Senin_06_Agustus_2018.pdf\"', 'admin/statistika/kinerja/detail/32?notif=1888094101793#ajuan', 0),
('188809411145', '2018-08-08 09:41:11', 'Kelompok 29 mengajukan file \"KKN_Kelompok_29_Sabtu_04_Agustus_2018.pdf\"', 'admin/statistika/kinerja/detail/32?notif=188809411145#ajuan', 0),
('1888094134658', '2018-08-08 09:41:34', 'Kelompok 29 mengajukan file \"KKN_Kelompok_29_Jumat_03_Agustus_2018.pdf\"', 'admin/statistika/kinerja/detail/32?notif=1888094134658#ajuan', 0),
('1888094134673', '2018-08-08 09:41:34', 'Kelompok 29 mengajukan file \"KKN_Kelompok_29_Jumat_03_Agustus_2018.pdf\"', 'admin/statistika/kinerja/detail/32?notif=1888094134673#ajuan', 0),
('1888094157156', '2018-08-08 09:41:57', 'Kelompok 29 mengajukan file \"KKN_kelompok_29_Sabtu_28_Juli_2018.pdf\"', 'admin/statistika/kinerja/detail/32?notif=1888094157156#ajuan', 0),
('1888094222538', '2018-08-08 09:42:22', 'Kelompok 29 mengajukan file \"KKN_kelompok_29_Kamis_02_Agustus_2018.pdf\"', 'admin/statistika/kinerja/detail/32?notif=1888094222538#ajuan', 0),
('1888094303218', '2018-08-08 09:43:03', 'Kelompok 29 mengajukan file \"KKN_kelompok_29_Senin_30_Juli_2018.pdf\"', 'admin/statistika/kinerja/detail/32?notif=1888094303218#ajuan', 0),
('188809431459', '2018-08-08 09:43:14', 'Kelompok 29 mengajukan file \"KKN_kelompok_29_Selasa_31_juli_2018.pdf\"', 'admin/statistika/kinerja/detail/32?notif=188809431459#ajuan', 0),
('1888094329109', '2018-08-08 09:43:29', 'Kelompok 29 mengajukan file \"KKN_kelompok_29_Rabu_01_Agustus_2018.pdf\"', 'admin/statistika/kinerja/detail/32?notif=1888094329109#ajuan', 0),
('1888094432638', '2018-08-08 09:44:32', 'Kelompok 30 mengajukan file \"KKN_KELOMPOK_30_HARI_KE_20.pdf\"', 'admin/statistika/kinerja/detail/42?notif=1888094432638#ajuan', 0),
('1888094440939', '2018-08-08 09:44:40', 'Kelompok 30 mengajukan file \"KKN_KELOMPOK_30_HARI_KE_19.pdf\"', 'admin/statistika/kinerja/detail/42?notif=1888094440939#ajuan', 0),
('1888094448295', '2018-08-08 09:44:48', 'Kelompok 30 mengajukan file \"KKN_KELOMPOK_30_HARI_KE_18.pdf\"', 'admin/statistika/kinerja/detail/42?notif=1888094448295#ajuan', 0),
('18880944569', '2018-08-08 09:44:56', 'Kelompok 30 mengajukan file \"KKN_KELOMPOK_30_HARI_KE_17.pdf\"', 'admin/statistika/kinerja/detail/42?notif=18880944569#ajuan', 0),
('1888094504713', '2018-08-08 09:45:04', 'Kelompok 30 mengajukan file \"KKN_KELOMPOK_30_HARI_KE_16.pdf\"', 'admin/statistika/kinerja/detail/42?notif=1888094504713#ajuan', 0),
('1888094513958', '2018-08-08 09:45:13', 'Kelompok 30 mengajukan file \"KKN_KELOMPOK_30_HARI_KE_15.pdf\"', 'admin/statistika/kinerja/detail/42?notif=1888094513958#ajuan', 0),
('1888094520651', '2018-08-08 09:45:20', 'Kelompok 30 mengajukan file \"KKN_KELOMPOK_30_HARI_KE_13.pdf\"', 'admin/statistika/kinerja/detail/42?notif=1888094520651#ajuan', 0),
('188809453019', '2018-08-08 09:45:30', 'Kelompok 30 mengajukan file \"KKN_KELOMPOK_30_HARI_KE_12_docx.pdf\"', 'admin/statistika/kinerja/detail/42?notif=188809453019#ajuan', 0),
('18810094013797', '2018-08-10 09:40:13', 'Kelompok 29 mengajukan file \"KKN_Kelompok_29_Selasa_07_Agustus_2018.pdf\"', 'admin/statistika/kinerja/detail/32?notif=18810094013797#ajuan', 0),
('18810094018165', '2018-08-10 09:40:18', 'Kelompok 29 mengajukan file \"KKN_Kelompok_29_Kamis_09_Agustus_2018.pdf\"', 'admin/statistika/kinerja/detail/32?notif=18810094018165#ajuan', 0),
('18811093223723', '2018-08-11 09:32:23', 'Kelompok 05 mengajukan file \"LAPORAN_KEGIATAN_MINGGUAN_(2).pdf\"', 'admin/statistika/kinerja/detail/15?notif=18811093223723#ajuan', 0),
('18811093234417', '2018-08-11 09:32:34', 'Kelompok 05 mengajukan file \"LAPORAN_MINGGUAN_(03).pdf\"', 'admin/statistika/kinerja/detail/15?notif=18811093234417#ajuan', 0),
('18811093328153', '2018-08-11 09:33:28', 'Kelompok 04 mengajukan file \"LAMPIRAN_KEGIATAN_KKN_2018_KELOMPOK_04_MINGGU_3.pdf\"', 'admin/statistika/kinerja/detail/14?notif=18811093328153#ajuan', 0),
('1881209160642', '2018-08-12 09:16:06', 'Kelompok 24 mengajukan file \"FORM_MONITORING_KKN_20181.pdf\"', 'admin/statistika/kinerja/detail/9?notif=1881209160642#ajuan', 1);

-- --------------------------------------------------------

--
-- Table structure for table `no_ordik`
--

CREATE TABLE `no_ordik` (
  `NPMORD` varchar(12) NOT NULL,
  `NAMAORD` varchar(32) DEFAULT NULL,
  `HPORD` varchar(15) DEFAULT NULL,
  `ALAMATORD` varchar(50) DEFAULT NULL
) ENGINE=InnoDB DEFAULT CHARSET=latin1;

--
-- Dumping data for table `no_ordik`
--

INSERT INTO `no_ordik` (`NPMORD`, `NAMAORD`, `HPORD`, `ALAMATORD`) VALUES
('1063201700', 'BAMBANG EDI HARSONO', '0', 'DSN DUA\' ONDUNG');

-- --------------------------------------------------------

--
-- Table structure for table `pengaturan`
--

CREATE TABLE `pengaturan` (
  `JENISSET` varchar(20) NOT NULL,
  `VALUESET` longtext NOT NULL
) ENGINE=InnoDB DEFAULT CHARSET=latin1;

--
-- Dumping data for table `pengaturan`
--

INSERT INTO `pengaturan` (`JENISSET`, `VALUESET`) VALUES
('api_key', 'AIzaSyB5NXz9eVnyJOA81wimI8WYE08kW_JMe8g'),
('auto_skedul', '0'),
('biro_nomor', '%nomor%/A/Pan. Ordik/UNIRA/X/%tahun%'),
('biro_panitia', '-'),
('biro_pesan', '-'),
('biro_presma', '-'),
('biro_rektor', '-'),
('biro_tglordik', '01 s/d 04 September 2018'),
('edit_biodata_mhs', '1'),
('halaman_biro', '0'),
('halaman_camat', '0'),
('halaman_daftar', '0'),
('halaman_dpl', '0'),
('halaman_peserta', '0'),
('hal_pstkelompok', '0'),
('kabupaten_asal', 'sampang|pamekasan'),
('minimal_prodi', '3'),
('model_pembentukan', 'e'),
('nosertifikat', '%nomor%/E-01/LPPM-UNIRA/VI/%tahun%'),
('pimpinan_lppm', 'NAMA PIMPINAN|NP : 123456789 '),
('tgl_skedul', '2018-07-09');

-- --------------------------------------------------------

--
-- Table structure for table `prodi`
--

CREATE TABLE `prodi` (
  `KDPRODI` int(11) NOT NULL,
  `FAKPRODI` varchar(50) DEFAULT NULL,
  `NAMAPRODI` varchar(50) DEFAULT NULL
) ENGINE=InnoDB DEFAULT CHARSET=latin1;

--
-- Dumping data for table `prodi`
--

INSERT INTO `prodi` (`KDPRODI`, `FAKPRODI`, `NAMAPRODI`) VALUES
(11, 'HUKUM', 'ILMU HUKUM'),
(21, 'EKONOMI', 'MANAJEMEN'),
(22, 'EKONOMI', 'AKUNTANSI'),
(31, 'ILMU ADMINISTRASI', 'ILMU ADMINISTRASI NEGARA'),
(41, 'PERTANIAN', 'PETERNAKAN'),
(51, 'TEKNIK', 'TEKNIK SIPIL'),
(52, 'TEKNIK', 'TEKNIK INFORMATIKA'),
(61, 'KEGURUAN DAN ILMU PENDIDIKAN', 'PENDIDIKAN BAHASA INDONESIA'),
(62, 'KEGURUAN DAN ILMU PENDIDIKAN', 'PENDIDIKAN MATEMATIKA'),
(63, 'KEGURUAN DAN ILMU PENDIDIKAN', 'PENDIDIKAN BAHASA INGGRIS');

-- --------------------------------------------------------

--
-- Table structure for table `tahun`
--

CREATE TABLE `tahun` (
  `KDTAHUN` int(11) NOT NULL,
  `NAMATAHUN` varchar(15) DEFAULT NULL,
  `STATUSTAHUN` int(11) DEFAULT NULL
) ENGINE=InnoDB DEFAULT CHARSET=latin1;

--
-- Dumping data for table `tahun`
--

INSERT INTO `tahun` (`KDTAHUN`, `NAMATAHUN`, `STATUSTAHUN`) VALUES
(1, '2017/2018', 1);

-- --------------------------------------------------------

--
-- Table structure for table `upload`
--

CREATE TABLE `upload` (
  `KDUPL` int(11) NOT NULL,
  `FILEUPL` varchar(255) DEFAULT NULL,
  `SIZEUPL` varchar(15) DEFAULT NULL,
  `TGLUPL` datetime DEFAULT NULL,
  `NPM` varchar(12) DEFAULT NULL,
  `JENISUPL` varchar(32) DEFAULT NULL,
  `DESKUPL` varchar(255) DEFAULT NULL,
  `AJUKANUPL` int(1) DEFAULT NULL,
  `MSGUPL` text,
  `HASHUPL` varchar(32) DEFAULT NULL
) ENGINE=InnoDB DEFAULT CHARSET=latin1;

--
-- Dumping data for table `upload`
--

INSERT INTO `upload` (`KDUPL`, `FILEUPL`, `SIZEUPL`, `TGLUPL`, `NPM`, `JENISUPL`, `DESKUPL`, `AJUKANUPL`, `MSGUPL`, `HASHUPL`) VALUES
(1, 'PROPOSAL_KEGIATAN_KULIAH_KERJA_NYATA_(ALL).pdf', '705.63', '2018-07-14 09:57:25', '2014620018', NULL, NULL, 4, NULL, 'f5e1ec1514a7fdfb4ac876a00fa87530'),
(2, 'kkn_bindang.doc', '175.5', '2018-07-14 10:05:06', '2014210183', NULL, NULL, 0, NULL, '77873f62943365615c3f6ca181a10a1f'),
(3, 'PROPOSAL_KEGIATAN_KKN_KELOMPOK_11_DESA_BANGSERREH_KECAMATAN_BATU_MARMAR.pdf', '929.6', '2018-07-14 10:21:06', '2014310024', NULL, NULL, 4, NULL, '8824fc7444c99f65ce3e7680fcfd1e6f'),
(5, '_kata_pengantar_proposal_kkn.pdf', '420.23', '2018-07-14 11:11:31', '2014310149', NULL, NULL, 4, NULL, 'bfaf8a75c818f3f7494f5a78c7d2bb50'),
(6, '_proposal_kkn.pdf', '468.92', '2018-07-14 11:11:39', '2014310149', NULL, NULL, 4, NULL, '6f7916ee96454d7792628aa9f8a9288a'),
(7, 'KKN_Proposal_Fix_1_output.pdf', '267.46', '2018-07-14 12:03:42', '2014620037', NULL, NULL, 4, NULL, 'b54517b55e06046ce72eb8a7fed105e9'),
(8, 'Proposal_KKN_Kel_12.pdf', '1063.63', '2018-07-14 12:06:52', '2014310007', NULL, NULL, 4, NULL, 'bca8562697c5bc18e671afe3f34999bf'),
(9, 'PROPOSAL_KKN_KELOMPOK_40_OMBEN.docx', '59.76', '2018-07-14 12:26:31', '2014210055', NULL, NULL, 0, NULL, '50ba433a8bd9cda0d294855fce9e20e1'),
(11, 'PROPOSAL_KKN_KEL__39_.pdf', '3142.79', '2018-07-14 13:06:41', '2014310040', NULL, NULL, 0, NULL, 'b9c6e02b113805e92945d8c9d2b16b27'),
(15, 'kkn_2018_kelompok_14__Des__kapong_kec__batu_marmar_kab__pamekasa.pdf', '857.45', '2018-07-14 13:50:08', '2014620047', NULL, NULL, 4, NULL, '1cc95dee7de5929eca185465df5f58bf'),
(16, 'Proposal_KKN.pdf', '1230.28', '2018-07-14 15:54:00', '2014520002', NULL, NULL, 4, NULL, 'b4a29d9dc0f11df351ab0dc750a9cede'),
(17, 'PROPOSAL_KEGIATAN_KKN_13.pdf', '1340.81', '2018-07-14 16:01:32', '2014410017', NULL, NULL, 4, NULL, '577e6f6dad7f60cdbe60892c33dc76fb'),
(18, 'PROPOSAL_KEGIATAN_KKN_KELOMPOK_15.pdf', '881.66', '2018-07-14 16:04:36', '2014410035', NULL, NULL, 0, NULL, '99053c4e20b46d2168a0308b276cd17a'),
(19, 'Proposal_KKN_Kelompok_28_Desa_Tambaan_Kec__Camplong.pdf', '805.93', '2018-07-14 16:05:42', '2014310100', NULL, NULL, 4, NULL, '0d6d0c93290c434d950412ae77224ef3'),
(20, 'PROPOSAL_KEGIATAN_KKN_KELOMPOK_15_2018.pdf', '881.89', '2018-07-14 16:14:02', '2014410035', NULL, NULL, 4, NULL, '268b1a46091147bd9325a96ab7720018'),
(21, 'proposal_KKN_2018_kelompok_10_(Ponjanan_Timur).pdf', '1115.98', '2018-07-14 16:24:48', '2014220077', NULL, NULL, 4, NULL, 'bc34a58d59b04c12cfd72a3e7fe40b46'),
(22, 'KKN_2018_KELOMPOK_13.pdf', '1374.07', '2018-07-14 16:27:14', '2014410017', NULL, NULL, 4, NULL, '8314351b39aa14dc73f86627a51c3a6a'),
(24, 'Proposal_KKN_27_Desa_Taddan.pdf', '583.71', '2018-07-14 16:59:17', '2014315001', NULL, NULL, 4, NULL, 'f432e596ed15cd02c871e52accd9fc34'),
(25, 'Proposal_Kegiatan_KKN_Kelompok_9_Desa_Tagangser_Daja.pdf', '404.19', '2018-07-14 17:19:24', '2014310092', NULL, NULL, 4, NULL, '515300db080e91605d525acbb7f20f63'),
(27, 'Proposal_KKN_2018_Kel_321.pdf', '506.04', '2018-07-14 17:23:32', '2014520039', NULL, NULL, 4, NULL, '41df48a7efe1269da3117b61a354c2b2'),
(28, 'PROPOSAL.pdf', '1272.07', '2018-07-14 17:52:00', '2014310169', NULL, NULL, 0, NULL, '21ec621c3c084095165d7ecb2ddd9a97'),
(31, 'Proposal_KKN_2018_Kel_31.pdf', '640.18', '2018-07-14 18:31:13', '2014310210', NULL, NULL, 0, NULL, 'a082dbade446277592c8129f5ff267da'),
(32, 'KKN_full.pdf', '899.18', '2018-07-14 18:35:47', '2014520037', NULL, NULL, 4, NULL, 'd85601fee80ea92cb967f7132911ce4b'),
(33, 'PROPOSAL3.pdf', '1419.31', '2018-07-14 18:36:52', '2014520046', NULL, NULL, 4, NULL, '51708776c3b4e3fa041932e4788c4d23'),
(34, 'PROPOSAL_KKN_KELOMPOK_40_OMBEN-1.pdf', '1046.96', '2018-07-14 18:47:49', '2014620043', NULL, NULL, 0, NULL, '5fe2c30a9b78d93c3d6ebf85c3162c5f'),
(37, 'Ds_-TADDAN-27-Pdf.pdf', '1084.95', '2018-07-14 19:01:38', '2014315001', NULL, NULL, 4, NULL, 'b58ebb82657f2fb2217ffb9f42aeb8fd'),
(38, 'Proposal_KKN_03-2.pdf', '293.54', '2018-07-14 19:04:20', '2014310051', NULL, NULL, 4, NULL, '7672198e5b351fc029d5403b5bf4a178'),
(41, 'PROPOSAL_KKN_KELOMPOK_421.pdf', '878.48', '2018-07-14 19:53:00', '2014210080', NULL, NULL, 4, NULL, 'ed733eb33092a6208201d26b8e7c4626'),
(42, 'Proposal_KKN_2018_kelompok_04.pdf', '501.41', '2018-07-14 20:15:37', '2014520022', NULL, NULL, 4, NULL, 'b593e077b04e67418d045b20cadada47'),
(43, 'PROPOSAL_KEGIATAN_KULIAH_KERJA_NYATA.pdf', '559.96', '2018-07-14 20:19:02', '2014520026', NULL, NULL, 0, NULL, 'cd4937d8188255f93813b3851d844db6'),
(44, 'proposal_fix_bro.pdf', '632.96', '2018-07-14 20:40:07', '2014310138', NULL, NULL, 4, NULL, '88ca35f5b06bce281218d18f592585bc'),
(46, 'PROPOSAL_KKN_38.pdf', '3768.31', '2018-07-14 21:19:48', '2014620049', NULL, NULL, 4, NULL, '37d043c94c6c368f1d0b7d3a4d77ea33'),
(48, 'kkn_kelompok_02.pdf', '1783.77', '2018-07-14 21:24:41', '2013210081', NULL, NULL, 4, NULL, 'fb62a7d8fab02f020f2f3cb67b379815'),
(49, 'PROPOSAL_KKN_Kel_07.pdf', '836.95', '2018-07-14 22:15:22', '2014110007', NULL, NULL, 4, NULL, '184f5e631087b2008ceea7d3d61b8bc0'),
(50, 'Proposal_KKN_2018_Kel_31_(1).pdf', '642.89', '2018-07-14 22:32:20', '2014310210', NULL, NULL, 4, NULL, '7c6ea1e6ce19a0da5eb7a8c31e921e47'),
(51, 'PROPOSAL_KELOMPOK_41.pdf', '330.25', '2018-07-14 22:38:18', '2014210157', NULL, NULL, 4, NULL, '9edefc667e00ac3fb0ce628667ea6abe'),
(52, 'COVER_PROPOSAL_SCAND1.pdf', '367.37', '2018-07-14 22:43:57', '2014210175', NULL, NULL, 0, NULL, '042fb1071ad9f3e771f3495e90f9856e'),
(53, 'KKN_PROPOSAL_OK_SCAND1.pdf', '829.35', '2018-07-14 22:44:10', '2014210175', NULL, NULL, 0, NULL, '9d480d5b0e5805c97ddf2fa9124f9fbf'),
(56, 'PROPOSAL_KKN-ilovepdf-compressed.pdf', '219.29', '2018-07-14 23:06:01', '2014215002', NULL, NULL, 4, NULL, '3508a68dd3731eb56bd1be15dcaf5817'),
(57, 'PROPOSAL_KKN_KLOMPOK_08_DESA_SOTABER.pdf', '443.64', '2018-07-15 05:57:40', '2014620029', NULL, NULL, 4, NULL, 'f071a09ebdc14401ae1bc155728f1bc9'),
(58, 'SAMPUL_KKN_ELOMPOK_08_SOTABER.pdf', '222.95', '2018-07-15 05:58:49', '2014620029', NULL, NULL, 4, NULL, 'cd9882816fbfa1a99fd2723b21efc9c8'),
(59, 'proposal_kkn_26_2018.pdf', '309.82', '2018-07-15 08:05:09', '2014610005', NULL, NULL, 4, NULL, '7e1b8735901aa313599b9918509b7cf5'),
(60, 'PROPOSAL_KKN_KELOMPOK_21_FIX.pdf', '585.66', '2018-07-15 17:47:17', '2014620025', NULL, NULL, 0, NULL, '4781b3d8b64f13411d309bc0e0c4dcb1'),
(61, 'Kata_Pengantar,_daftar_isi.pdf', '441', '2018-07-15 17:48:25', '2014620025', NULL, NULL, 0, NULL, 'a0aaa819fe4a9e525c2e3b76bbac6767'),
(62, 'PROPSAL_KKN_KELOMPOK_35_-_2018.pdf', '465.84', '2018-07-15 20:01:45', '2014310167', NULL, NULL, 4, NULL, '87f545d73207acf963746652803c0346'),
(63, 'KKN_PROPOSAL_37.pdf', '122.94', '2018-07-15 22:44:38', '2014510021', NULL, NULL, 4, NULL, '6f6b6bea15833606fdaa749037f0cd4d'),
(64, 'PROPOSAL1_new.pdf', '220.54', '2018-07-16 08:14:06', '2014220019', NULL, NULL, 0, NULL, 'da33c910a29e518f2dea2efd781f3021'),
(65, 'PROPOSAL_Revisi.pdf', '251.92', '2018-07-16 11:41:16', '2014220019', NULL, NULL, 4, NULL, '0a879989b14f6f436b84b50710f59e7e'),
(67, 'Laporan_Harian_Kelompok_29.pdf', '87.65', '2018-07-16 15:36:21', '2014520037', 'proposal', '', 4, NULL, 'acfa7491580c1dd37e6fbe7929d1eb9d'),
(69, 'kkn_17.pdf', '495.93', '2018-07-16 18:16:55', '2014520015', 'proposal', 'Laporan kelompok 17 desa Lesong Laok', 4, NULL, '8d244b2d5d201a1b1c05937b21867d76'),
(70, 'KKN_KELOMPOK_30_HARI_KE_1.pdf', '716.99', '2018-07-16 20:39:02', '2014310149', 'laporan', '', 4, NULL, 'd059556f56fe76e7ccae6a67fa1bb98e'),
(71, 'PROPOSAL_KKN_KELOMPOK_05_DEMPO_TIMUR1.pdf', '1005.71', '2018-07-17 09:08:34', '2014210037', 'proposal', '', 4, NULL, '4e73f2f7475f6471c3df54fd0cf0c59d'),
(72, 'PROPOSAL_PROGRAM_KERJA_KKN_DEMPOH_TIMUR_05.pdf', '2192.97', '2018-07-17 09:15:28', '2014210037', 'proposal', '', 4, NULL, '95acfe936a805e48dcfd4b45edd1f952'),
(75, 'PROPOSAL_KEGIATAN_KULIAH_KERJA_NYATA1.pdf', '67.6', '2018-07-17 12:42:59', '2014620013', 'proposal', '', 0, NULL, '4f2677d2cd93ce0ccaf0531a48f537ed'),
(77, 'Kunjungan_kendusun.pdf', '1978.91', '2018-07-17 16:06:10', '2014310186', 'laporan', 'Kunjungan ke dusun', 4, NULL, '0f2d03a8f67ca231b1ec15420e235b80'),
(78, 'laporan_harian_kelompok_29_,selasa.pdf', '175.12', '2018-07-17 18:08:28', '2014520037', 'proposal', '', 4, NULL, 'ffaa7b8284605ba1a74984c4e26c5c6a'),
(79, 'KKN_KELOMPOK_30_HARI_KE_2.pdf', '912.71', '2018-07-17 19:33:54', '2014310149', 'proposal', '', 4, NULL, 'a4d3fd2cad3ab6d311c1537aae7d17f1'),
(80, 'Laporan2_kkn_38.pdf', '2078.24', '2018-07-17 20:42:50', '2014220024', 'laporan', '', 4, NULL, 'de48f402321c8064b0494633b7e7bc07'),
(81, 'proposal_kkn_klompok_34_pamolaan.pdf', '894.5', '2018-07-17 22:37:27', '2014210105', 'proposal', NULL, 0, NULL, '9fbbf942394ee296bdd4116a3c7e6170'),
(87, 'KKN_384.pdf', '4387', '2018-07-18 13:03:43', '2014630011', 'laporan', '', 4, NULL, '679d796366af71881139627fa8ac2b0f'),
(88, 'KKN_38(1).pdf', '61585.51', '2018-07-18 13:25:50', '2014510027', 'laporan', '', 4, NULL, 'fa6bb5afd833a83f0ec27ccfbd5e2aa1'),
(90, 'bersih_posko.pdf', '4021.26', '2018-07-18 16:08:34', '2014310171', 'proposal', '', 4, NULL, '410f1fa431af64642be71885c2ebafa5'),
(91, 'pemasangan_banner.pdf', '1846.93', '2018-07-18 16:13:59', '2014310171', 'laporan', '', 4, NULL, '8b5d53c5dae81486beace81349f35afd'),
(92, 'kedatangan_petugas_keamanan.pdf', '2329.6', '2018-07-18 16:28:03', '2014310171', 'laporan', '', 4, NULL, '50d3f9c42244e9f22b6b938fa5294dca'),
(93, 'rapat_harian.pdf', '4064.82', '2018-07-18 16:28:37', '2014310171', 'laporan', '', 4, NULL, '8c425d7ca1e46f9ad0c62eaa6c6d55e2'),
(94, 'laporan3_kbm_38.pdf', '1219.95', '2018-07-18 19:13:07', '2014520014', 'laporan', '', 4, NULL, 'feb18ddcee2fa6ac708da7b1ddc95999'),
(95, 'laporan3_piket_kkn_38.pdf', '862.9', '2018-07-18 19:38:49', '2014620049', 'laporan', NULL, 4, NULL, 'ea344c8aea8b1bd1897cfc53a13b9821'),
(96, 'laporan3_denah_kkn_38.pdf', '2406.47', '2018-07-18 19:49:20', '2014220024', 'laporan', '', 4, NULL, '0178eb7ac07cdfef431e692eae0157c1'),
(97, 'KKN_KELOMPOK_30_HARI_KE_3.pdf', '1119.64', '2018-07-18 20:25:32', '2014310149', 'laporan', '', 4, NULL, '3b692b7f55613bcd6a7eb65ff8606a97'),
(98, 'KKN_kelompok_29_Rabu_18_Juli_2018.pdf', '8669.61', '2018-07-18 20:53:04', '2014510006', 'laporan', 'Laporan harian', 4, NULL, 'd65d97613579d244aa222fb3c66d1da6'),
(100, 'PROPOSAL_KKN_UPLOAD.pdf', '271.82', '2018-07-19 13:00:27', '2014310157', 'proposal', 'PROPOSAL KKN KELOMPOK 33 DS. MADUPAT KEC. CAMPLONG KAB. SAMPANG', 4, NULL, 'f122a02bdf67a46933e5115716413b3d'),
(109, 'pembelian_papan_untuk_nama_dusun.pdf', '10738.96', '2018-07-19 16:44:55', '2014310171', 'laporan', '', 4, NULL, '525e1504ac5ade5bc2cbeb6c86b3b367'),
(112, 'KKN_KELOMPOK_30_HARI_KE_4.pdf', '1372.39', '2018-07-19 19:08:31', '2014310149', 'laporan', '', 4, NULL, '1e710ded9e95c88c97a7b4a32a99e112'),
(113, 'kelompok_29_kamis_19_Juli_2018.pdf', '2609.77', '2018-07-19 20:12:38', '2014510006', 'laporan', 'Laporan harian', 4, NULL, 'f98a5d033148a19a19136e60b997949a'),
(114, 'laporan4_banner_kkn_38_docx1.pdf', '1610.97', '2018-07-20 09:44:08', '2014210209', 'laporan', '', 4, NULL, 'ac7281daaf87609f15b03bfd502b627b'),
(115, 'laporan4_paud_kkn_38.pdf', '1809.21', '2018-07-20 09:44:37', '2014210209', 'laporan', '', 4, NULL, '4dab2c64a494afddc26783f1bff0793a'),
(116, 'Laporan5PAUDkkn38.pdf', '114.44', '2018-07-20 09:54:41', '2014620005', 'laporan', '', 4, NULL, '28b1ccf51c31ae352920f418d7484f7f'),
(117, 'Laporan5PAUDkkn381.pdf', '11358.95', '2018-07-20 10:03:18', '2014610052', 'laporan', '', 4, NULL, '7973f6e6ce28312a25d8bf5e66cd07da'),
(118, 'pembuatan_papan_nama_dusun2.pdf', '15308.7', '2018-07-20 12:55:12', '2014310171', 'laporan', '', 4, NULL, 'fd7ceb14a93883857c8b10bcc3292325'),
(119, 'kerja_bakti.pdf', '2701.21', '2018-07-20 12:57:54', '2014310171', 'laporan', '', 4, NULL, '3a500530458d1b4310ea9bf8b31c4088'),
(120, 'LAPORAN_PELAKSANAAN_KULIAH_KERJA_NYATA_BARU.pdf', '1648.31', '2018-07-20 18:13:02', '2014220077', 'proposal', 'Laporan pelaksanaan kegiatan kuliah kerja nyata kelompok 10 (desa ponjanan timur, batumarmar)', 4, NULL, '4b6948cfd956db97dac641ae57a4b006'),
(121, 'KKN_KELOMPOK_30_HARI_KE_5.pdf', '1574.42', '2018-07-20 19:03:57', '2014310149', 'laporan', '', 4, NULL, '45c5ba60c40a27e337949972db6a2061'),
(122, 'KKN_LAPOAN_MINGGU_KE-1_(Autosaved).pdf', '879.67', '2018-07-20 22:07:06', '2014310194', 'proposal', NULL, 4, NULL, '3d16785f860b7bb8cfbe53c96e9ab379'),
(123, 'KKN_kelompok_29_Jumat_20_Juli_2018.pdf', '4325.3', '2018-07-20 23:37:58', '2014510006', 'laporan', '', 4, NULL, 'c004a96bde79d7bcd54220a5d1f4f919'),
(126, 'Laporan_individu_minggu_1.pdf', '572.52', '2018-07-21 15:14:06', '2014210053', 'laporan', NULL, 0, NULL, '1757f0e3870151e7c53b6671104cfe60'),
(144, 'Laporan_individu_minggu_117.pdf', '1001', '2018-07-21 15:31:47', '2014620037', 'laporan', '', 4, NULL, 'e0396d5daf30763ef301b5dac5ed256b'),
(146, 'LAPORAN_SLAMET.pdf', '428.19', '2018-07-21 15:53:48', '2014520039', 'proposal', '2014520039', 0, NULL, '90170861e81f525152f4e380624b6a97'),
(154, 'Laporan_IMRON1.pdf', '425.71', '2018-07-21 16:05:35', '2014210169', 'laporan', '', 4, NULL, '1745ee4a0bffe99d0c3b44614cb91d13'),
(155, 'YAYAN.pdf', '500.68', '2018-07-21 16:06:27', '2014310160', 'laporan', '', 4, NULL, '48ce3602c79fe8f1d53adc51bc9dc9ea'),
(156, 'FAISAL1.pdf', '427.74', '2018-07-21 16:07:01', '2013510018', 'laporan', '', 4, NULL, '693089f402c27608c5d8f66eb288414e'),
(157, 'YONO_SUDAH.pdf', '426.47', '2018-07-21 16:07:57', '2014210102', 'laporan', '', 4, NULL, '7baeb7786b622542ceaf2a76e6f9280d'),
(158, 'LISA_sudah1.pdf', '420.21', '2018-07-21 16:08:57', '2014210132', 'laporan', '', 4, NULL, '473c3b715724cdf8868808e55ce08c3f'),
(159, 'YADI1.pdf', '426.01', '2018-07-21 16:11:15', '2014620027', 'laporan', '', 4, NULL, '4411a0f721463ac014c787f363bfa799'),
(160, 'ZAINAL.pdf', '444.66', '2018-07-21 16:12:42', '2014610049', 'laporan', '', 4, NULL, '066b07dae5fa233f708701ee492ac4a1'),
(161, 'SERLI.pdf', '476.58', '2018-07-21 16:49:24', '2014620022', 'laporan', '', 4, NULL, '8d8bf5541c8a04ba05750cae9ca877c2'),
(162, 'ROHMAH_xx.pdf', '467.29', '2018-07-21 16:50:22', '2014310061', 'laporan', '', 4, NULL, '4f31b072a4f0fc67528cffa1ee75597b'),
(163, 'IKA.pdf', '469.61', '2018-07-21 16:51:27', '2014630014', 'laporan', '', 4, NULL, 'ae88d383398e74aa86621e8a62a6a18b'),
(164, 'LAPORAN_KEGIATAN_MINGGUAN_kel_05_dempo_timur.pdf', '30636.38', '2018-07-21 17:00:09', '2014210037', 'laporan', '', 4, NULL, 'a3f0b6ee0d9df5e1afff3cbaffeb491b'),
(165, 'DAFTAR_KEGIATAN.pdf', '65.16', '2018-07-21 17:39:57', '2014520046', 'laporan', 'Laporan Daftar kegiatan selama 1 minggu di Desa Batu Bintang', 4, NULL, '0e2f26ad2183180ed8303988c27ac9e7'),
(167, 'KKN_KELOMPOK_30_HARI_KE_6.pdf', '1257.73', '2018-07-21 19:11:34', '2014310149', 'laporan', '', 4, NULL, '65e2b3fa2b0c1da472c1e6736fcef746'),
(168, 'SYAIFUL_BAHRI.pdf', '469.62', '2018-07-21 19:22:52', '2014520007', 'laporan', 'Laporan Individu Minggu Pertama', 4, NULL, '7b1f2fd35dc4c3c1b0bc06c5815c525a'),
(169, 'Syahdanil_FKIP.pdf', '517.14', '2018-07-21 19:31:53', '2014610034', 'laporan', '', 4, NULL, '6213d8fb42ca0c6e740c2f105e5566f3'),
(170, 'laporan6_denah_kkn_38.pdf', '543.62', '2018-07-21 21:19:06', '2014220024', 'laporan', '', 4, NULL, '08f8225f33efdffca2561cf3e1447843'),
(171, 'Kel_21.pdf', '1046.43', '2018-07-21 21:32:08', '2014210046', 'laporan', '', 4, NULL, 'a71ba92e7c1d3ed33cb70bf2c9113907'),
(174, 'Kel_21g.pdf', '1052.82', '2018-07-21 21:45:08', '2014210081', 'laporan', '', 4, NULL, '3fffb87a68eda1690d5fb63fe38a5df9'),
(175, 'Moh_Zainuddin_kelmpok31.pdf', '1196.05', '2018-07-21 21:53:51', '2014220061', 'laporan', '', 4, NULL, '59ff94903da719c214f4cda4a5e5af69'),
(177, 'BIODATA_QOMARI.pdf', '1054.5', '2018-07-21 22:07:50', '2013110006', 'laporan', '', 4, NULL, 'e0219f52b6e3bbf637fd90c8d2b9492a'),
(178, 'BIODATA_IMAM_SYAFII.pdf', '1145.89', '2018-07-21 22:10:09', '2014520006', 'laporan', '', 4, NULL, 'c3c243c7c8d812a4f52c7694eb60b33e'),
(190, 'laporan_din_didin.pdf', '1138.5', '2018-07-21 22:49:09', '2014610066', 'laporan', '', 0, NULL, 'f17f791eda56f5574c7610192e7bba7d'),
(192, 'Laporan_din_sulton.pdf', '1381.96', '2018-07-21 22:53:15', '2014310210', 'laporan', '', 4, NULL, 'c0a08f0bc1a705f1a3b350fd3982740c'),
(193, 'LAPORAN_kel_2_oliivia.pdf', '1300.35', '2018-07-21 22:54:19', '2014210045', 'laporan', NULL, 4, NULL, 'a4c5d94a4c572d90b9f0559a8be7a368'),
(194, 'laporan_din_titin.pdf', '1292.42', '2018-07-21 22:54:58', '2014610070', 'laporan', '', 4, NULL, '88844c170d6a28a1a79a56e50a31bec8'),
(195, 'laporan_din_jagad.pdf', '1300.82', '2018-07-21 22:56:27', '2014210202', 'laporan', '', 4, NULL, '251944ff3b6f29687fb362bf1f843212'),
(196, 'laporan_din_ripin.pdf', '1279.74', '2018-07-21 22:58:00', '2014110026', 'laporan', '', 4, NULL, '18d87f513b9aaf9007520644a867f69c'),
(197, 'laporan_din_faisal.pdf', '1146.14', '2018-07-21 23:01:26', '2014310093', 'laporan', '', 4, NULL, 'e676831dc63a9810fbe60f25da34dad4'),
(198, 'LAPORAN_kel_2_toni.pdf', '1278.81', '2018-07-21 23:08:25', '2014310080', 'laporan', '', 4, NULL, '7b6585297c3bd33befc2672124370cb6'),
(199, 'laporan_din_eka.pdf', '1304.36', '2018-07-21 23:34:25', '2014510030', 'laporan', '', 4, NULL, '606d7743163b85bd178b5989d89f1523'),
(200, 'DAFTAR_KEGIATAN_Minggu_1.pdf', '116.6', '2018-07-22 02:03:28', '2014210203', 'laporan', '', 0, NULL, '46ab51ba59d5d61ce8c3f0ad13a5f09c'),
(201, '16_juli_senin_DAFTAR_KEGIATAN_LAPORAN_INDIVIDU.pdf', '499.08', '2018-07-22 05:54:56', '2014310040', 'laporan', NULL, 0, NULL, '58ecff8e0e55a1c72a5d287b100c91e2'),
(202, '17_juli_selasa_DAFTAR_KEGIATAN_LAPORAN_INDIVIDU_PESERTA_KKN_TAHUN_AKADEMIK_2017.pdf', '1013.27', '2018-07-22 05:56:08', '2014310040', 'laporan', NULL, 0, NULL, '12b2bb86cdb610bbf1fa276bdae6b41a'),
(203, 'DAFTAR_KEGIATAN_Minggu_1_(Siqoh).pdf', '173.82', '2018-07-22 08:08:49', '2013610126', 'laporan', '', 4, NULL, '63c84688bb5bc766b7f577e84fd77347'),
(204, 'DAFTAR_KEGIATAN_Minggu_1_(Khotim).pdf', '173.74', '2018-07-22 08:10:30', '2013220030', 'laporan', '', 4, NULL, '085dc4eff6b4e45d5cc86aa865057059'),
(205, 'FORM_MONITORING_KKN_2018_docx1.pdf', '169.35', '2018-07-22 09:33:21', '2014610057', 'proposal', '', 0, NULL, 'c1907287e5483f52b25921c9871bb587'),
(206, 'KKN_LAPOAN_MINGGU_KE-1_(Autosaved)1.pdf', '880.2', '2018-07-22 09:39:54', '2014310194', 'proposal', NULL, 4, NULL, '427b909e1dfef5c0042a326bbaa9e3dd'),
(207, 'FORM_MONITORING_KKN_2018_(1).pdf', '43.45', '2018-07-22 10:13:46', '2014220019', 'proposal', '', 4, NULL, '8b53b0bc5cd68c5ed15d8b5c85459893'),
(208, 'DAFTAR_KEGIATAN_Minggu_1_(Kurly).pdf', '173.79', '2018-07-22 12:18:37', '2014620018', 'laporan', '', 4, NULL, 'f311140dcdc83da5a7b117b6dcc63ad5'),
(209, 'DAFTAR_KEGIATAN_Minggu_1_(Ika).pdf', '173.8', '2018-07-22 12:20:14', '2014210154', 'laporan', '', 4, NULL, 'bc3174a6c4b6217751b30cc070c3a131'),
(210, 'DAFTAR_KEGIATAN_Minggu_1_(Coy).pdf', '173.8', '2018-07-22 12:21:33', '2014610081', 'laporan', '', 4, NULL, '9f91d95435359b598535197eb41c6b38'),
(211, 'DAFTAR_KEGIATAN_Minggu_1_(Nasrul)1.pdf', '173.8', '2018-07-22 12:23:14', '2014220073', 'laporan', '', 4, NULL, 'e1fc9865990caece54ab224e5a126ac3'),
(212, 'DAFTAR_KEGIATAN_Minggu_1_(Say)1.pdf', '173.74', '2018-07-22 12:25:59', '2014210103', 'laporan', '', 4, NULL, '3be9fd1f15fd31b99d474fa057687db9'),
(213, 'DAFTAR_KEGIATAN_Minggu_1_(Diah)1.pdf', '173.85', '2018-07-22 12:27:00', '2014310088', 'laporan', '', 4, NULL, '4d3efddebbe2057a57c077a5f6489fe6'),
(214, 'DAFTAR_KEGIATAN_Minggu_1_(Ratih).pdf', '173.52', '2018-07-22 12:29:30', '2014310089', 'laporan', '', 4, NULL, '6a1a5009e37610e4883db71356f94044'),
(215, 'DAFTAR_KEGIATAN_Minggu_1_(Choir)1.pdf', '173.79', '2018-07-22 12:31:54', '2014110047', 'laporan', '', 4, NULL, '9d7bd46630ebef0b583c61a059de1fa6'),
(216, 'DAFTAR_KEGIATAN_Minggu_1_(Arif)2.pdf', '173.8', '2018-07-22 12:33:12', '2012510024', 'laporan', '', 4, NULL, '82eae5ebdcb1b26d02da91041261f8f1'),
(217, 'DAFTAR_KEGIATAN_Minggu_1_(Zainur).pdf', '173.82', '2018-07-22 12:34:37', '2014525002', 'laporan', '', 4, NULL, 'c99386a08841d70eaa1fefb1634b5dcf'),
(219, 'proposal_laporan_mingguan.pdf', '2529.97', '2018-07-22 16:50:25', '2014220009', 'laporan', 'Proposal laporan mingguan kelompok 6', 4, NULL, '19bd9b652cde9f5caf2d89c8634bade1'),
(226, 'FORM_MONITORING_KKN_2018.pdf', '240.38', '2018-07-22 21:18:30', '2014610057', 'proposal', '', 0, NULL, '47f9fb168b2f84a9986b6f42b63c1809'),
(228, 'Laporan_Kegiatan_Harian_KKN_Kelompok_21_FIX.pdf', '1108.77', '2018-07-22 21:42:31', '2014620025', 'proposal', '', 0, NULL, '32dd9278399c76f999ff1a0d481ffa95'),
(229, 'Laporan_KKN_2018_Minggu_Pertama.pdf', '2065.25', '2018-07-22 22:17:13', '2014110002', 'proposal', 'Laporan program kerja kelompok 03', 4, NULL, '11c512d1795358c2167be053d8358d23'),
(230, 'LAPORAN_PELAKSANAAN_KULIAH_KERJA_NYATA_BARU_(1).pdf', '3808.39', '2018-07-22 23:07:47', '2014220077', 'proposal', '', 4, NULL, '70d5d5d5a461d816a79b20d35e1f81f2'),
(231, 'PROPOSAL_KKN_KELOMPOK_23_CENLECEN.pdf', '505.28', '2018-07-22 23:30:08', '2014520028', 'proposal', 'Proposal KKN Kelompok 23 Desa Cenlecen Kec Pakong Pamekasan', 4, NULL, '249b0426bbeb68ec8ccae0022e15aceb'),
(232, 'lembar_pengesahan_benar.pdf', '606.68', '2018-07-23 03:32:27', '2014610027', 'proposal', 'Kelompok 22 bajang. Pakong', 4, NULL, 'e8bc2e9c2de76007aee8f724efb1716d'),
(233, 'Kegiatan_Harian_KKN_UNIRA_Kelompok_21_Hari_senin_Tanggal_16_juli_2018.pdf', '353.78', '2018-07-23 06:29:05', '2014620025', 'proposal', '', 4, NULL, '573c2816509116c5dd4d8f3bae74846b'),
(234, 'Kegiatan_Harian_KKN_UNIRA_Kelompok_21_Hari_Selasa_Tanggal_17_juli_2018.pdf', '339.24', '2018-07-23 06:29:37', '2014620025', 'proposal', '', 4, NULL, '69b47944c66b875a9562122d8f998deb'),
(235, 'Kegiatan_Harian_KKN_UNIRA_Kelompok_21_Hari_Rabu_Tanggal_18_juli_2018.pdf', '379.44', '2018-07-23 06:30:05', '2014620025', 'proposal', '', 4, NULL, '80589fdac91d59b65988e631b03452f8'),
(236, 'Kegiatan_Harian_KKN_UNIRA_Kelompok_21_Hari_Kamis_Tanggal_19_juli_2018.pdf', '211.97', '2018-07-23 06:30:30', '2014620025', 'proposal', '', 4, NULL, 'c2f4b467c4e395ef466fa599419f0adb'),
(237, 'Kegiatan_Harian_KKN_UNIRA_Kelompok_21_Hari_Jumat_Tanggal_20_juli_2018.pdf', '214.58', '2018-07-23 06:30:50', '2014620025', 'proposal', '', 4, NULL, '6acf4df3bd01d84975fe2c4019b5f91b'),
(238, 'Kegiatan_Harian_KKN_UNIRA_Kelompok_21_Hari_Sabtu_Tanggal_21_juli_2018.pdf', '198.94', '2018-07-23 06:31:24', '2014620025', 'proposal', '', 4, NULL, '2d39b949bc0b540f739d8e907b4fd92a'),
(239, 'PROPOSAL_KKN_UNIRA_UNIT_21_DESA_KLOMPANG_TIMUR_FIXED.pdf', '873.94', '2018-07-23 06:31:59', '2014620025', 'proposal', '', 4, NULL, '2cf9368dab03bf2be541e96628071f66'),
(240, 'LAPORAN_KEGIATAN_KKN_23_MINGGU_PERTAMA.pdf', '3748.53', '2018-07-23 07:42:22', '2014520028', 'laporan', 'Laporan Kegiatan KKN Kelompok 23 desa Cen Lecen Kec Pakong Pada Minggu Pertama (Senin 16 Juli - Sabtu 21 Juli 2018)', 0, NULL, '89ade8f9f08b90bdaa72915bc7db53c2'),
(241, 'laporan_kkn_kelompok_02.pdf', '1097.11', '2018-07-23 08:26:39', '2014210184', 'laporan', '', 4, NULL, '96481659fabd071f4368c9ed0c56467a'),
(242, 'KKN_kelompok_29_Sabtu_21_Juli_2018.pdf', '4050.8', '2018-07-23 10:34:51', '2014520037', 'proposal', NULL, 4, NULL, 'ceebb91f78db07d05abcd37feb389d32'),
(243, 'LAPORAN_KEGIATAN_KKN_pekan_1_pdf.pdf', '141.62', '2018-07-23 10:34:56', '2014410025', 'laporan', '', 0, NULL, '096f0f6a9ee8d4b5f4cf98c656345eaa'),
(246, 'laporan6_bumdes_kkn_38.pdf', '1524.62', '2018-07-23 13:34:22', '2014630004', 'laporan', '', 4, NULL, '62d052d86a18887cc38abd5323864f77'),
(247, 'KKN_KELOMPOK_30_HARI_KE_8.pdf', '802.02', '2018-07-23 18:08:19', '2014310149', 'laporan', '', 4, NULL, '5a8b5d595c824a324dc7eb069251b824'),
(248, 'laporan7_kbm_kkn_38.pdf', '2102.3', '2018-07-23 18:23:25', '2014620005', 'laporan', '', 4, NULL, '257b8d5209b3d3233922f705e72b6058'),
(249, 'IMG-20180723-WA0008.pdf', '121.32', '2018-07-23 20:18:18', '2014520028', 'laporan', 'Absensi KKN kelompok 23 Cenlecen (23 Juli 2018)', 0, NULL, 'ff0d83195225641dd48cb01bc7db27d2'),
(250, 'KKN_kelompok_29_Senin_23_Juli_2018.pdf', '11799.8', '2018-07-23 21:37:19', '2014510006', 'laporan', '', 4, NULL, '39fb968c03c396ef853bd58b771d422f'),
(251, 'SENIN_16_JULI_2018.pdf', '736.83', '2018-07-23 21:43:04', '2014520028', 'laporan', 'Laporan Kegiatan KKN 23 Cenlecen Senin 16 Juli 2018', 4, NULL, '6b1fd7f7724c17ceb46eb043359a5c80'),
(252, 'SELASA_17_JULI_2018.pdf', '672.27', '2018-07-23 21:44:10', '2014520028', 'laporan', 'Laporan Kegiatan KKN 23 Cenlecen Selasa 17 Juli 2018', 4, NULL, 'f28485efc6753bb74ac8f22b0ee0edfa'),
(253, 'RABU_18_JULI_2018.pdf', '554.82', '2018-07-23 21:48:38', '2014520028', 'laporan', 'Laporan Kegiatan KKN 23 Cenlecen Rabu 18 Juli 2018', 4, NULL, 'adfb8eb279381f55ab2d30e4bb33e5c0'),
(254, 'KAMIS_19_JULI_2018.pdf', '638.54', '2018-07-23 21:50:01', '2014520028', 'laporan', 'Laporan Kegiatan KKN 23 Cenlecen Kamis 19 Juli 2018', 4, NULL, '2c3b42a827f3cd6f1c2f90f6466deb08'),
(255, 'JUMAT_20_JULI_2108.pdf', '682.82', '2018-07-23 21:51:18', '2014520028', 'laporan', 'Laporan Kegiatan KKN 23 Cenlecen Jumat 20 Juli 2018', 4, NULL, '9185e4ce6691a628c6dbd2dc91fff079'),
(256, 'SABTU_21_JULI_2018.pdf', '1415.14', '2018-07-23 21:52:47', '2014520028', 'laporan', 'Laporan Kegiatan KKN 23 Cenlecen Sabtu 21 Juli 2018', 4, NULL, '2a4c42bf7f1476ffff659daafa5dd719'),
(257, 'SENIN_23_JULI_2018.pdf', '996.54', '2018-07-23 21:59:09', '2014520028', 'laporan', 'Laporan Kegiatan KKN 23 Cenlecen Senin 23 Juli 2018', 4, NULL, 'a4e6cf2f2400000f2097f7f1a6852269'),
(258, 'DOC-20180723-WA0077.pdf', '886.74', '2018-07-23 23:50:09', '2014310140', 'laporan', 'Laporan harian tanggal 23 kelompok 22 Desa Bajang ', 0, NULL, 'd0fc60bebea687cdb00e2be1fab6c3ba'),
(259, 'LAPORAN_MINGGUAN_KKN_28_DESA_TAMBAAN.pdf', '315.16', '2018-07-24 06:27:56', '2014310100', 'laporan', 'Laporan Minggu 1 KKN 28 Desa Tambaan-Camplong', 4, NULL, '16cd872a369783356ca89eecee7f1f20'),
(261, 'LAMPIRAN_KEGIATAN_KKN_2018_KELOMPOK_04.pdf', '1888.01', '2018-07-24 09:29:47', '2014520022', 'laporan', 'laporan kegiatan kkn minggu pertama kelompok 04 desa dempo barat-pasean', 4, NULL, 'fa411644cd304c3de790cd7b1fdd7b6e'),
(262, 'Laporan_minggu_1_kelompok_41.pdf', '1470.01', '2018-07-24 11:00:45', '2014210157', 'laporan', '', 4, NULL, '03b3777065b27908cbc48dfe1c09b63b'),
(267, 'Laporan_KKN_Unira_-_Kel__01_-_Desa_Bindang.pdf', '1977.24', '2018-07-24 11:25:43', '2014520018', 'laporan', 'Laporan Kegiatan Harian KKN Kelompok 01 - Tanggal  16 - 21 Juli 2018', 0, NULL, '29a37eeeab8f81edbffca6001a07402b'),
(268, 'LAPORAN_KEGIATAN_MINGGU_1.pdf', '322.67', '2018-07-24 15:16:03', '2014520015', 'laporan', 'Kelompok 17. Laporan kegiatan minggu pertama ', 0, NULL, '0ce0a9601cd4d8b786ce074ad5634886'),
(269, 'Laporan_Mingguan_Peserta_KKN_Tahun_2018_Kelompok_09.pdf', '185.44', '2018-07-24 16:46:04', '2014310092', 'laporan', '', 0, NULL, 'b7361cadd9207e42d9b4abe5a2bef56f'),
(270, 'LAPORAN_MINGGUAN.pdf', '3830.5', '2018-07-24 16:56:00', '2014610005', 'laporan', '', 4, NULL, 'b976474741069c8665ce8f3dc31834ca'),
(271, 'KKN_KELOMPOK_30_HARI_KE_9.pdf', '2662.71', '2018-07-24 18:10:31', '2014310149', 'laporan', '', 4, NULL, '209ef1b805920df70eb5493d29a0c10f'),
(273, 'KEGIATAN_HARIAN_KELOMPOK_21_senin_23_Juli.pdf', '554.17', '2018-07-24 22:14:53', '2014210108', 'laporan', 'Kegiatan harian kelompom 21 hari senin 23 juli 2018', 4, NULL, 'cbf40f1f4fbaac3e1504482b8c08a726'),
(274, 'KEGIATAN_KKN_UNIRA_KELOMPOK_21_HARI_SELASA_24_JULI_2018.pdf', '657.95', '2018-07-24 22:16:12', '2014210108', 'laporan', 'Kegiatan harian kelompok 21 hari selasa 24 juli 2018', 4, NULL, '66a4755de219a54e4c0d3e036449d1c7'),
(275, 'HASIL_OBSERVASI_KE_DUSUN_DI_DESA_BANGSEREH.pdf', '1979.41', '2018-07-25 07:37:26', '2014310024', 'laporan', 'Observasi Dusun di Desa Bangsereh', 0, NULL, '12196e6afcaa0fb5b46512cf5fa92a0b'),
(276, 'Laporan_Pendidikan_Yang_Ada_Di_MI_Kasyiful_Ulum.pdf', '63.97', '2018-07-25 07:38:10', '2014310024', 'laporan', 'Observasi Dusun di Desa Bangsereh', 0, NULL, '95250aa842aec437844d997274d6932b'),
(277, 'Laporan_Hasil_Kesehatan_Di_Desa_Bengsereh.pdf', '822.35', '2018-07-25 07:39:06', '2014310024', 'laporan', 'Laporan Kegiatan Kesehatan di Desa Bangsereh', 0, NULL, '297153677bf0c18b598fd3b92b6a85ec'),
(278, 'Laporan_Minggu_Pertama_Kelompok_11_Desa_Bangsereh_Kecamatan_Batu_Marmar_Kabupaten_Pamekasan.pdf', '158.02', '2018-07-25 07:40:02', '2014310024', 'laporan', 'Laporan Minggu Pertama KKN Kelompok 11 Desa Bangsereh', 0, NULL, '20ffef6cb0109fb95eda82e9c3d1b02d'),
(279, 'KKN_kelompok_29_Selasa_24_Juli_2018.pdf', '4950.39', '2018-07-25 12:56:03', '2014510006', 'laporan', '', 4, NULL, '1b71288e2d335b73b6838b2262fe8d0a'),
(280, 'KKN_kelompok_29_Rabu_25_Juli_2018.pdf', '3373.02', '2018-07-25 12:56:39', '2014510006', 'laporan', '', 4, NULL, '7d9bfb079e8deeac245fd7f83a52370a'),
(281, 'SELASA_24_JULI_2018.pdf', '1457.3', '2018-07-25 14:06:52', '2014520028', 'laporan', 'Laporan Kegiatan KKN 23 Cenlecen Selasa 24 Juli 2018 ', 4, NULL, 'e11b81d1fd51f59de271587842d1b2ca'),
(282, 'LAP_PERMINGGU.pdf', '2409.29', '2018-07-25 14:40:38', '2014630017', 'laporan', '', 4, NULL, '8205f0260ec74994a6f3bc4a71767c67'),
(283, '18_juli_rabu_DAFTAR_KEGIATAN_LAPORAN_INDIVIDU_PESERTA_KKN_TAHUN_AKADEMIK_2018.pdf', '657.85', '2018-07-25 15:49:08', '2014310040', 'laporan', NULL, 0, NULL, 'a7b1ab9314ca09523cab26aa536115ea'),
(284, '19_juli_kamisDAFTAR_KEGIATAN_LAPORAN_INDIVIDU_PESERTA_KKN_TAHUN_AKADEMIK_2018.pdf', '481.1', '2018-07-25 15:49:46', '2014310040', 'laporan', NULL, 0, NULL, '252c9072c2dd62be4ca6dcf1ad15a06c'),
(285, '20_juli_jumat_DAFTAR_KEGIATAN_LAPORAN_INDIVIDU_PESERTA_KKN_TAHUN_AKADEMIK_2018.pdf', '400.29', '2018-07-25 15:51:48', '2014310040', 'laporan', NULL, 0, NULL, 'bf86804be8c521a4d78830dfabd0fb40'),
(286, '21_juli_sabtu_DAFTAR_KEGIATAN_LAPORAN_INDIVIDU_PESERTA_KKN_TAHUN_AKADEMIK_2018.pdf', '314.27', '2018-07-25 15:53:30', '2014310040', 'laporan', NULL, 0, NULL, 'c151311f964bf20657d18ac3522565b0'),
(287, '23_juli_seninDAFTAR_KEGIATAN_LAPORAN_INDIVIDU_PESERTA_KKN_TAHUN_AKADEMIK_2018.pdf', '203.97', '2018-07-25 15:54:17', '2014310040', 'laporan', NULL, 0, NULL, 'b4606d0ac0355ca85f15c9e233c88c2f'),
(288, 'Cover.pdf', '1540.89', '2018-07-25 16:32:02', '2014210080', 'proposal', 'Laporan minggu pertama', 4, NULL, '3f15d8e258aa7a09d1b1b80b1491ecd8'),
(289, 'LAPORAN_MINGGUAN_KKN_40.pdf', '303.82', '2018-07-25 19:23:35', '2014310031', 'laporan', '', 0, NULL, 'ddacde1fe6dee16ea21af5643e9f6a26'),
(290, 'RABU_25_JULI_2018.pdf', '441.14', '2018-07-25 23:13:03', '2014520028', 'laporan', 'Laporan Kegiatan KKN 23 Cenlecen Rabu 25 Juli 2018', 4, NULL, 'ff815db30877a2a987c59daf5da60869'),
(291, 'Laporan_Mingguan(pertama).pdf', '275.18', '2018-07-26 05:02:35', '2014620044', 'laporan', '', 4, NULL, '4a309fa10f69ba0396a49e7eede687a0'),
(292, 'LAPORAN_KEGIATAN_KKN_Kelompok_07_mulai_tanggal_16-21_Juli_2018.pdf', '2831.85', '2018-07-26 06:41:51', '2014620053', 'proposal', '', 4, NULL, '76745697f96af98c05566e11fbb870c0'),
(293, 'LAPORAN_16_JULI.pdf', '541.21', '2018-07-26 08:41:19', '2014310140', 'laporan', 'Kegiatan Harian KKN UNIRA Unit 22 tanggal 16', 4, NULL, 'd0248dd10a6a4e6159db6d33d5a47ee4'),
(294, 'LAPORAN_17_JULI.pdf', '632.24', '2018-07-26 08:42:18', '2014310140', 'laporan', 'Kegiatan Harian KKN UNIRA Unit 22 tanggal 17', 4, NULL, '3a546a5aa223e7ab40470e57032d2757'),
(295, 'Sosialisasi_bersama_Kepala_Dusun.pdf', '1760.84', '2018-07-26 09:01:01', '2013220053', 'laporan', 'Laporan harian. Hari Rabu. tanggal 24 Juli 2018', 0, NULL, '785d3258dc06fb4190df227dedf5e2d5'),
(297, 'LAPORAN_18_JULI.pdf', '1161.05', '2018-07-26 09:50:58', '2014310140', 'laporan', 'Kegiatan Harian KKN UNIRA Unit 22 tanggal 18', 4, NULL, '446d24d78c00aa719ef8effee5000d2e'),
(298, 'LAPORAN_19_JULI.pdf', '765.13', '2018-07-26 09:51:40', '2014310140', 'laporan', 'Kegiatan Harian KKN UNIRA Unit 22 tanggal 19', 4, NULL, '6220432124d566e8bf340b843a19d688'),
(299, 'LAPORAN_20_JULI.pdf', '782.13', '2018-07-26 09:58:59', '2014310140', 'laporan', 'Kegiatan Harian KKN UNIRA Unit 22 tanggal 20', 4, NULL, '31a407980f58bbc84e3b598c735c1aad'),
(300, 'LAPORAN_21_JULI.pdf', '654.46', '2018-07-26 09:59:48', '2014310140', 'laporan', 'Kegiatan Harian KKN UNIRA Unit 22 tanggal 21', 4, NULL, 'b632d9b612c2206c9e2a69b4bdbae06a'),
(301, 'LAPORAN_23_JULI.pdf', '972.95', '2018-07-26 10:11:30', '2014310140', 'laporan', 'Kegiatan Harian KKN UNIRA Unit 22 tanggal 23', 4, NULL, '7af37400680c3246798b80897b3a9571'),
(302, 'LAPORAN_24_JULI.pdf', '1251.64', '2018-07-26 10:31:02', '2014310140', 'laporan', 'Kegiatan Harian KKN UNIRA Unit 22 tanggal 24', 4, NULL, 'f6b49e33f64bab1f672cfe9109887a0f'),
(303, 'LAPORAN_25_JULI.pdf', '1814.36', '2018-07-26 10:35:19', '2014310140', 'laporan', 'Kegiatan Harian KKN UNIRA Unit 22 tanggal 25', 4, NULL, 'd82aabfd69bb9c6bf68adda22575aac9'),
(304, 'Kelompok_29_Kamis_26_Juli_2018.pdf', '6687.38', '2018-07-26 13:01:10', '2014510006', 'laporan', '', 4, NULL, 'dc718a9569f29e063a2a8ea578816a97'),
(305, 'ABSENSI_KAMIS_26_JULI_2018.pdf', '290.23', '2018-07-26 16:59:13', '2014520028', 'laporan', 'Absensi KKN kelompok 23 Cenlecen (Kamis 26 Juli 2018)', 4, NULL, '9ca8904ae2396c44985e84f86458342b'),
(306, 'Absensi_Rabu_25_Juli_2018.pdf', '259.43', '2018-07-26 17:01:16', '2014520028', 'laporan', 'Absensi KKN kelompok 23 Cenlecen (Rabu 25 Juli 2018)', 4, NULL, '32845a78be2a7e9b948986bb964ec4ab'),
(307, 'KAMIS_26_JULI_2018.pdf', '611.85', '2018-07-26 17:05:10', '2014520028', 'laporan', 'Laporan Kegiatan KKN 23 Cenlecen Kamis 26 Juli 2018 ', 4, NULL, 'd198dfd07f8ecb52f49a2ebfacacd701'),
(308, 'KKN_KELOMPOK_30_HARI_KE_10.pdf', '2733.03', '2018-07-26 19:32:21', '2014310149', 'laporan', '', 4, NULL, '00c94f313b7047d60ea879cb6323df98'),
(309, 'KKN_KELOMPOK_30_HARI_KE_11.pdf', '1163.47', '2018-07-26 19:32:47', '2014310149', 'laporan', '', 4, NULL, '3c1c9ed6d94de733a8c206673c706dca'),
(310, 'Laporan_Ke_11_kelompok_1__Sosialisasi_bersama_Kepala_MTs_Yayasan_Alfausu_Walwarik_dan_sosialisasi_kepada_masyarakat.pdf', '1976.34', '2018-07-26 21:31:18', '2013220053', 'proposal', 'Laporan harian kelomok 1, Desa Bindang. hari ke 11. Hari Kamis. Tanggal 25 Juli 2018', 0, NULL, '1012e17027ea33baf530b76d1898a0a5'),
(311, 'LAPORAN_PELAKSANAAN_KULIAH_KERJA_NYATA_BARU1.pdf', '4629.87', '2018-07-26 21:51:03', '2014520005', 'laporan', 'Laporan Pelaksanaan Kuliah Kerja Nyata ( KKN) Unira 2018', 4, NULL, 'bd2a5b0e3102368e0c1af876f454d255'),
(312, 'LAPORAN_26_JULI.pdf', '995.82', '2018-07-26 23:30:44', '2014310140', 'laporan', 'Kegiatan Harian KKN UNIRA Unit 22 tanggal 26', 4, NULL, 'e3071a2997651d1211b911bbcbf3ddd3'),
(313, 'sosialisasi_jjs,sd_meteng_1_dan_sd_meteng_2.pdf', '1738.32', '2018-07-27 09:02:24', '2014310171', 'laporan', '', 4, NULL, 'fb0816f776e2c6ae4040d99f45a61651'),
(314, 'DAFTAR_KEGIATAN_MINGGUAN_(MINGGU_1).pdf', '55.87', '2018-07-27 16:38:11', '2012520043', 'laporan', '', 0, NULL, '05e564caa16b83657ff3181528982559'),
(315, 'JUMAT_27_JULI_2018.pdf', '604.01', '2018-07-27 16:57:10', '2014520028', 'laporan', 'Absensi KKN kelompok 23 Cenlecen (27 Juli 2018)', 4, NULL, '58d93200c9c88d506092c1a51e259e53'),
(316, 'DUKUMENTASI_KEGIATAN_KKN_KELOMPOK_18_KEC__BATU_MAR_MAR_DSN__PONJANAN_BARAT.pdf', '3269.19', '2018-07-27 17:02:53', '2012520043', 'laporan', '', 0, NULL, '7962bc0881adeb8c951798713cde1153'),
(318, 'LAPORAN_27_JULI.pdf', '872.48', '2018-07-27 21:47:17', '2014310140', 'laporan', NULL, 4, NULL, 'b9b1fd7d3e9e8a976fe6bd2d2e7e677c'),
(321, 'Kegiatan_harian_KKN_UNIRA_Kelompok_21_Hari_Rabu_tanggal_25_Juli_2018.pdf', '192.25', '2018-07-27 21:52:43', '2014620025', 'laporan', '', 4, NULL, '865fc1297c036295b43676d418ecfb41'),
(322, 'Kegiatan_harian_KKN_UNIRA_Kelompok_21_Hari_Kamis_tanggal_26_Juli_2018.pdf', '350.18', '2018-07-27 21:53:08', '2014620025', 'laporan', '', 4, NULL, '2780a3e05e553a1508ec1c28722b1bd4'),
(323, 'Kegiatan_harian_KKN_UNIRA_Kelompok_21_Hari_Jum.pdf', '489.05', '2018-07-27 23:53:40', '2014210108', 'laporan', 'Kegiatan harian kelompom 21 hari jumat 27 juli 2018', 4, NULL, '231eda6e5bf67fadd52bad9c1ee4ed57'),
(326, 'KKN_KELOMPOK_30_HARI_KE_12_docx.pdf', '2054.97', '2018-07-28 09:56:30', '2014310149', 'laporan', '', 4, NULL, '259bfcca6f59b4f9de2b191c3c4dd007'),
(329, 'Kelompok_29_Jumat_27_Juli_2018.pdf', '10103.39', '2018-07-28 12:53:07', '2014510006', 'laporan', '', 4, NULL, '920977aec0b257fbf43e142cff8291f0'),
(330, 'KKN_kelompok_29_Sabtu_28_Juli_2018.pdf', '5338.1', '2018-07-28 12:57:29', '2014510006', 'laporan', '', 4, NULL, 'eba34ab69a1bbe501a6b2fa3ffd598e8'),
(331, 'mengajar_di_TK_PAUD.pdf', '5108.34', '2018-07-28 15:06:15', '2014310171', 'laporan', '', 4, NULL, 'bbe40e694c2a4bac2182423f9f5c9477'),
(333, 'LAPORAN_HARI-2.pdf', '575.68', '2018-07-28 19:17:43', '2014520039', 'laporan', '', 0, NULL, 'a19caef43dad69b12fe8347226acc74b'),
(335, 'lap_mingguan(ke-1).pdf', '276.77', '2018-07-28 20:04:42', '2014310171', 'laporan', 'Laporan Kegiatan minggu ke-1', 4, NULL, '6e4b88f8a3bc3bae85adb144535b017b'),
(336, 'KKN_KELOMPOK_30_HARI_KE_13.pdf', '1735.18', '2018-07-28 20:40:35', '2014310149', 'laporan', '', 4, NULL, 'c1800335967558cd177d5c52b1ce8101'),
(337, 'SABTU_28_JULI_2018.pdf', '463.85', '2018-07-28 20:59:19', '2014520028', 'laporan', 'Laporan Kegiatan KKN 23 Cenlecen Sabtu 28 Juli 2018 ', 4, NULL, '2a0dddbac4be02d11cb8a847225520f8'),
(338, 'DAFTAR_KEGIATAN_MINGGU_KE_2.pdf', '738.83', '2018-07-28 21:10:33', '2014210190', 'laporan', '', 4, NULL, '8011ded63c3159aa4660aaac5f7d2536'),
(339, 'laporan_minggu_kedua_kel_31.pdf', '1056.67', '2018-07-28 21:27:11', '2014310210', 'laporan', '', 4, NULL, '0308e2ef582a83fa27726594ead745cb'),
(340, 'proposal_mingguan_kelompok_6.pdf', '6833.57', '2018-07-29 07:03:45', '2014220009', 'proposal', '', 4, NULL, '34ed9bcf693d54eb5af0b7d68bc52bcd'),
(341, 'LAPORAN_MINGGUAN_2_KKN_26.pdf', '3572.91', '2018-07-29 07:54:25', '2014610005', 'laporan', 'KELOMPOK KKN 26', 4, NULL, '50ba9da3b5e1089cf5adf5d85d02eb3e'),
(348, 'Laporan_Mingguan_(ke_dua).pdf', '149.39', '2018-07-29 08:28:08', '2014620044', 'laporan', '', 4, NULL, 'a941545cde97b55a22394c15dc6cfab8'),
(349, 'Laporan_KKN_2018_Minggu_Kedua.pdf', '4730.09', '2018-07-29 08:51:04', '2014110002', 'laporan', 'Kelompok 03', 4, NULL, 'ee6ac04798dab911f7810c4ddb5d0ca0'),
(350, 'laporan8_denah_plakat_kkn_38.pdf', '969.42', '2018-07-29 19:21:18', '2014310063', 'laporan', '', 4, NULL, 'b4f03ba895eb1165876b89ed49088505'),
(351, 'laporan9_kbm_paud_kkn_38.pdf', '419.31', '2018-07-29 19:32:55', '2014620049', 'laporan', NULL, 4, NULL, 'd1535dd9c0cbd801881b98ec8802ab88'),
(352, 'DAFTAR_KEGIATAN_Minggu_1_(Kurly)1.pdf', '173.79', '2018-07-29 20:28:08', '2014620018', 'laporan', '', 0, NULL, 'f311140dcdc83da5a7b117b6dcc63ad5'),
(353, 'laporan_kkn_k_2.pdf', '1892.22', '2018-07-29 20:45:10', '2013210081', 'proposal', '', 4, NULL, '045371c33ff7a672f66132da0870b20d'),
(354, 'LAPORAN_MINGGUAN_KKN_14_kedua.pdf', '260.14', '2018-07-29 22:45:16', '2014620047', 'laporan', 'Laporan kedua', 4, NULL, '166d1dd03648416d87aedbe4f72a30f2'),
(355, 'LAPORAN_MINGGUAN_KKN_14_pertama.pdf', '277.51', '2018-07-29 22:45:55', '2014620047', 'laporan', 'Laporan pertama', 4, NULL, '1db5c4c4997e2868e762c507431d6343'),
(356, '24_juli_selasa_DAFTAR_KEGIATAN_LAPORAN_INDIVIDU_PESERTA_KKN_TAHUN_AKADEMIK_2018.pdf', '360.58', '2018-07-29 23:19:00', '2014310040', 'laporan', NULL, 0, NULL, '86b3bb99c014f316e46a5247ce009c72'),
(357, '25_juli_rabu_DAFTAR_KEGIATAN_LAPORAN_INDIVIDU_PESERTA_KKN_TAHUN_AKADEMIK_2018.pdf', '324.7', '2018-07-29 23:21:34', '2014310040', 'laporan', NULL, 0, NULL, '143bf80c6d233fd97c25aaaa356f2912'),
(358, '26_juli_kamisDAFTAR_KEGIATAN_LAPORAN_INDIVIDU_PESERTA_KKN_TAHUN_AKADEMIK_2018.pdf', '335.36', '2018-07-29 23:22:23', '2014310040', 'laporan', NULL, 0, NULL, '82023cf29075928c1353d125f252c85d'),
(359, 'KKN_LAPOAN_MINGGU_KE-2.pdf', '792.71', '2018-07-30 00:05:58', '2014310194', 'proposal', NULL, 4, NULL, '88e3f0c478b97fe33ae7691a515c18c8'),
(360, 'Laporan_Minggu_II_Peserta_KKN_Tahun_2018_Kelompok_09.pdf', '262.14', '2018-07-30 05:31:02', '2014310092', 'laporan', '', 0, NULL, '35f7c805ab2d9dbe096a819eafbb6d28'),
(361, 'laporan_minggu_ke_2_KKn_41.pdf', '2830.94', '2018-07-30 07:53:07', '2014210157', 'laporan', '', 0, NULL, '0c1185d9e659329df50146d3d3be2953'),
(362, 'laporan_minggu_ke_2_KKn_411.pdf', '2830.94', '2018-07-30 07:53:10', '2014210157', 'laporan', '', 0, NULL, '0c1185d9e659329df50146d3d3be2953'),
(363, 'laporan_minggu_ke_2_KKn_412.pdf', '2830.94', '2018-07-30 07:53:15', '2014210157', 'laporan', '', 0, NULL, '0c1185d9e659329df50146d3d3be2953'),
(364, 'DAFTAR_KEGIATAN_Minggu_1_(Kurly)2.pdf', '173.79', '2018-07-30 08:01:23', '2014620018', 'laporan', '', 0, NULL, 'f311140dcdc83da5a7b117b6dcc63ad5'),
(365, 'DAFTAR_KEGIATAN_Minggu_2.pdf', '1966.09', '2018-07-30 08:02:09', '2014620018', 'laporan', '', 4, NULL, 'b2f571f02856385469f64fcd587cfde4'),
(366, 'LAMPIRAN_KEGIATAN_KKN_2018_KELOMPOK_04_MINGGU_KE_2.pdf', '902.29', '2018-07-30 10:38:15', '2014520022', 'laporan', 'laporan kegiatan KKN 2018 kelompok 04 desa Dempo Barat - Pasen minggu ke-2', 4, NULL, '814a98a4d025fefc9fa997f0a9239dc4'),
(367, 'laporan_Minggu_Ke-2.pdf', '1391.21', '2018-07-30 13:26:51', '2014315001', 'proposal', '', 4, NULL, 'aab936eff42dadf7cb4684898779910d'),
(368, 'laporan_Minggu_Ke-21.pdf', '1391.21', '2018-07-30 13:26:57', '2014315001', 'proposal', '', 4, NULL, 'aab936eff42dadf7cb4684898779910d'),
(369, 'SENIN_30_JULI_2018.pdf', '551.99', '2018-07-30 18:31:24', '2014520041', 'proposal', '', 4, NULL, '85a18604184652e89b2cede61cff5064'),
(370, 'ABSENSI_POSKO_23_SENIN_30_JULI.pdf', '304.53', '2018-07-30 18:45:01', '2014520041', 'laporan', '', 4, NULL, '8909a942b6380f3a145082a3c55882cf'),
(371, 'laporan_KKN_28_Dessa_Tambaan_minggu_ke_2.pdf', '1391.94', '2018-07-30 19:57:27', '2014310100', 'laporan', NULL, 4, NULL, 'd0978c002f10b7fd1698f0e48673d052'),
(372, 'LAPORAN_PELAKSANAAN_KULIAH_KERJA_NYATA_BARU2.pdf', '5420.49', '2018-07-30 20:11:12', '2014520005', 'laporan', 'Laporan Pelaksanaan Kuliah Kerja Nyata ( KKN) Unira 2018', 4, NULL, '90691d2d68ef70d9d7afa1911591ec90'),
(373, 'laporan_minggu_kedua.pdf', '1484.52', '2018-07-30 20:14:30', '2014210080', 'proposal', '', 0, NULL, '97659ed7200caad86430eeba55687513'),
(374, 'DAFTAR_KEGIATAN1.pdf', '474.56', '2018-07-31 00:22:40', '2014310160', 'laporan', '', 4, NULL, 'd0ed5abb7859c2eeaa87d79e25610ca9'),
(375, 'TGL_28.pdf', '385.2', '2018-07-31 02:16:17', '2014210108', 'laporan', 'Kagiatan harian kkn 21, sabtu 28 juli 2018', 4, NULL, 'a943f0edda2ab0d8e0fa3dac1f833fdf'),
(376, 'TGL_30.pdf', '428.64', '2018-07-31 02:16:46', '2014210108', 'laporan', 'Kagiatan harian kkn 21, senin 30 juli 2018', 4, NULL, '609b4eb9d71aeb823f86826c2a62e8c8'),
(379, 'KKN_kelompok_29_Senin_30_Juli_2018.pdf', '5492.98', '2018-07-31 09:51:26', '2014510006', 'laporan', '', 4, NULL, '1981c2f84eb55b55cbbf87ba6921deed'),
(380, 'LAPORAN_KEGIATAN_MINGGU_I.pdf', '650.54', '2018-07-31 10:48:15', '2014310167', 'laporan', '', 4, NULL, '62405782553c06f166cfeb6d0533a95d'),
(381, 'LAPORAN_KEGIATAN_MINGGU_II.pdf', '775.81', '2018-07-31 10:48:56', '2014310167', 'laporan', '', 4, NULL, 'caea761e4750ca2f51d330c0ac855beb'),
(382, '27_juli_jumat_DAFTAR_KEGIATAN_LAPORAN_INDIVIDU_PESERTA_KKN_TAHUN_AKADEMIK_2018.pdf', '409.56', '2018-07-31 15:24:00', '2014310040', 'proposal', NULL, 0, NULL, 'd21f436c84e4d199793281e423c21752'),
(383, 'LAPORAN_KEGIATAN_KKN_pekan_2_pdf.pdf', '148.92', '2018-07-31 16:53:57', '2014410025', 'laporan', 'Laporan Kegiatan KKN Kelompok 08 Minggu ke 2 Desa Sotabar Kecamatan Pasean', 0, NULL, '1e5c904529fa7ad2f097b8dd95afdb47'),
(384, 'SELASA_31_JULI_2018.pdf', '638.4', '2018-07-31 20:33:22', '2014520041', 'laporan', 'Laporan + absensi', 4, NULL, '41ac8022c76bb595f4bca87c37ceca3a'),
(385, 'KKN_KELOMPOK_30_HARI_KE_15.pdf', '1535.96', '2018-08-01 05:45:28', '2014310149', 'laporan', '', 4, NULL, '044360b16b9c36e5ba5bc82817a53d97'),
(386, 'KKN_KELOMPOK_30_HARI_KE_16.pdf', '1329.99', '2018-08-01 05:46:11', '2014310149', 'laporan', '', 4, NULL, 'cfad4a70a8aae924337eba8dfbe6bd3b'),
(387, 'LAPORAN_KEGIATAN_MINGGUAN_(2).pdf', '29784.07', '2018-08-01 15:31:11', '2014210037', 'laporan', '', 4, NULL, 'd7802d3f7b733a3a9e52dcdd228a2da1'),
(389, 'LAPORAN_KEGIATAN_MINGGU_2.pdf', '290.73', '2018-08-02 05:58:21', '2014520015', 'laporan', 'Kelompok 17. Laporan kegiatan minggu kedua', 0, NULL, '1e6b1583e2a11dee2c1e7b694572d2e8'),
(390, 'KKN_kelompok_29_Selasa_31_juli_2018.pdf', '6226.23', '2018-08-02 10:56:07', '2014510006', 'laporan', '', 4, NULL, '1b9bfe452c18690d5b446d62d30ef36e'),
(391, 'KKN_kelompok_29_Rabu_01_Agustus_2018.pdf', '5266.68', '2018-08-02 10:56:30', '2014510006', 'laporan', '', 4, NULL, '9983c35e25580a257d0cc43208e32e9b'),
(392, 'KKN_kelompok_29_Kamis_02_Agustus_2018.pdf', '7058.62', '2018-08-02 10:57:00', '2014510006', 'laporan', '', 4, NULL, '0efdfc368f0bd2ac9bc91e6514c71ef5'),
(393, 'FORM_MONITORING_KKN_2018_(II).pdf', '43.52', '2018-08-02 14:51:32', '2014220019', 'proposal', '', 4, NULL, '94578552b364a070d1416f60f43fa89b'),
(396, '28_juli_sabtuDAFTAR_KEGIATAN_LAPORAN_INDIVIDU_PESERTA_KKN_TAHUN_AKADEMIK_2018.pdf', '471.77', '2018-08-02 21:12:53', '2014310040', 'laporan', NULL, 0, NULL, 'a4f23683c126c57f29b20c308d7ac524'),
(397, 'KKN_KELOMPOK_30_HARI_KE_17.pdf', '1311.68', '2018-08-02 21:17:02', '2014310149', 'laporan', '', 4, NULL, '0a7cc8d1c4f5ac9420f7eb6180ab68fa'),
(398, 'KKN_KELOMPOK_30_HARI_KE_18.pdf', '1344.35', '2018-08-02 21:17:24', '2014310149', 'laporan', '', 4, NULL, '72405386b6fb1e76e097a0dfd1afdf07'),
(399, 'LAPORAN_KEGIATAN_KKN_Kelompok_07_mulai_tanggal_23-28_Juli_2018.pdf', '2022.83', '2018-08-03 05:59:53', '2014620053', 'proposal', '', 4, NULL, 'fda49a8c0f7eccff588e6fb921d9b8ba'),
(401, 'FORM_MONITORING_KKN_2018_021.pdf', '276.7', '2018-08-03 09:46:17', '2014520009', 'proposal', '', 4, NULL, '3dab9062c18c3dac629e3753c301d145'),
(402, 'LAPORAN_PELAKSANAAN_KULIAH_KERJA_NYATA_BARU_(1)1.pdf', '6146.1', '2018-08-03 11:19:41', '2014220077', 'laporan', '', 4, NULL, '7d8d88afbea511a2d6017cb1ba046757'),
(403, 'laporan_minggu_ketiga_0.pdf', '865.14', '2018-08-04 13:12:39', '2014310210', 'laporan', '', 4, NULL, '78006be6e1db3b084f906a62d2097309'),
(404, 'DAFTAR_KEGIATAN_3.pdf', '472.14', '2018-08-04 19:21:11', '2014210169', 'laporan', '', 4, NULL, '420f7c8a2d91aebd1d08bec5b1b08abd'),
(405, 'Laporan_Mingguan_(ke_tiga).pdf', '264.15', '2018-08-04 19:55:43', '2014620044', 'laporan', '', 4, NULL, '4dcf57f7878278c4c1d9aa5a2d6aaf87'),
(406, 'Laporan10_KBM_kkn38.pdf', '13355.91', '2018-08-04 20:04:24', '2014620005', 'laporan', '', 4, NULL, '649ebe4cd1c96025dd388120c515f060'),
(407, 'laporan11_pemasangan_denah_plakat_kkn_38.pdf', '1811.08', '2018-08-04 20:14:27', '2014620005', 'laporan', '', 4, NULL, '9020ad89386ec151c25cf25e1d72c127'),
(408, 'laporan12_pelatihan_upacara_kkn_38.pdf', '217.97', '2018-08-04 20:15:38', '2014620005', 'laporan', '', 4, NULL, 'bbb139afd6d2b3334522ba256e554c90'),
(409, 'DAFTAR_KEGIATAN_MINGGU_KE_3.pdf', '964.8', '2018-08-04 21:42:15', '2014210190', 'laporan', '', 4, NULL, '2a8c16e47662ce29891c81500127ea6a'),
(411, 'LAPORAN_KEGIATAN_MINGGU_III.pdf', '696.02', '2018-08-05 15:53:42', '2014310167', 'laporan', '', 4, NULL, '0841bea1a88dd924e85129fc123d1cbe'),
(412, 'Laporan_KKN_Kelompok_01_Desa_Bindang.pdf', '1951.58', '2018-08-05 20:33:12', '2013220053', 'laporan', '', 0, NULL, 'babb2791352e132ae2dae143f1199ef2'),
(413, 'KKN_KELOMPOK_30_HARI_KE_19.pdf', '1542.91', '2018-08-05 20:40:52', '2014310149', 'laporan', '', 4, NULL, '68409950975e1d026a16ef056160efc3'),
(414, 'KKN_KELOMPOK_30_HARI_KE_20.pdf', '913.1', '2018-08-05 20:41:29', '2014310149', 'laporan', '', 4, NULL, 'c5ded428f57dfc18581c915dff1c4423'),
(415, 'Laporan_KKN_2018_Minggu_Ketiga.pdf', '2868.29', '2018-08-05 21:55:45', '2014110002', 'laporan', '', 4, NULL, '55426b87ea45618f777d32cb55b3991e'),
(416, 'LAPOAN_MINGGU_KE_3.pdf', '837.87', '2018-08-05 22:56:48', '2014210047', 'laporan', 'laporan mingguan KKN minggu ke 3', 0, NULL, '5eb216def62a6202458c4aab8ed568d2'),
(418, 'laporan_minggu_ke_3_kkn_kelompok_o21.pdf', '1823.42', '2018-08-06 03:31:54', '2014210184', 'laporan', '', 4, NULL, 'c9454b9e79aa69b98fbda545e01648c5'),
(419, 'LAPORAN_KEGIATAN_MINGGU_3.pdf', '457.23', '2018-08-06 09:15:41', '2014520015', 'laporan', '', 0, NULL, '258a30dfaa78c923fc12f06abe0ae8ff'),
(420, 'LAPORAN_MINGGUAN_3_KKN_26_UNIRA.pdf', '3229.77', '2018-08-06 09:47:59', '2014610005', 'laporan', '', 4, NULL, 'bbed49f6e62bc89b5ff58d66718d1042'),
(421, 'laporan_mingguan_kelompok_6.pdf', '7281.77', '2018-08-06 16:04:38', '2014220009', 'proposal', '', 0, NULL, 'cd0e80dacec08d893de6efdcefb7b31b'),
(422, 'DAFTAR_KEGIATAN_MINGGU_KEDUA.pdf', '2329.92', '2018-08-07 03:13:46', '2014310024', 'laporan', '', 0, NULL, 'ea735b7789f32e841f3884486f8204c4'),
(423, 'DAFTAR_KEGIATAN_MINGGU_KEDUA1.pdf', '2329.92', '2018-08-07 03:14:06', '2014310024', 'laporan', '', 0, NULL, 'ea735b7789f32e841f3884486f8204c4'),
(424, 'DAFTAR_KEGIATAN_MINGGU_KETIGA.pdf', '1713.69', '2018-08-07 03:14:24', '2014310024', 'laporan', '', 0, NULL, '3954dc568c67dfa86c05f493f57e1e1d'),
(425, 'pelaksanaan_acara_BUMDes.pdf', '9257.46', '2018-08-07 07:37:10', '2014310171', 'laporan', '', 4, NULL, 'bc45ca4d3a5f284ce6e8a62f5afe5305'),
(426, 'LAMPIRAN_KEGIATAN_KKN_2018_KELOMPOK_04_MINGGU_3.pdf', '1685.88', '2018-08-07 09:44:58', '2014520022', 'laporan', 'Laporan mingguan kegiatan KKN 2018 Kelompok 04 Desa Dempo Barat Kec.Pasean Kab.pamekasan minggu ke-3', 4, NULL, '2e4f222355c9d304070012fe02a87a6b'),
(427, 'KKN_Kelompok_29_Jumat_03_Agustus_2018.pdf', '5609.32', '2018-08-07 10:32:14', '2014510006', 'laporan', '', 4, NULL, 'f82eea6f70f90e7b74220e0db26aab1a'),
(428, 'KKN_Kelompok_29_Sabtu_04_Agustus_2018.pdf', '5576.91', '2018-08-07 10:32:42', '2014510006', 'laporan', '', 4, NULL, 'f04b476a109cd761c71da54d2f7be5b0'),
(429, 'KKN_Kelompok_29_Senin_06_Agustus_2018.pdf', '7159.22', '2018-08-07 10:33:14', '2014510006', 'laporan', '', 4, NULL, '6114d39fa683ff9e33359818e068f7e5'),
(430, 'LAPORAN_MINGGUAN_(03).pdf', '14933.51', '2018-08-07 18:36:42', '2014210037', 'laporan', '', 4, NULL, '375d680379570c8a6eea663c02d829ff'),
(431, 'DAFTAR_KEGIATAN_MINGGU_3.pdf', '2582.43', '2018-08-07 20:07:38', '2014620018', 'laporan', '', 0, NULL, 'f13909354aa4a705ba89e447eab0925a'),
(432, 'Laporan_Minggu_3.pdf', '3222.85', '2018-08-07 20:20:19', '2014315001', 'proposal', '', 0, NULL, '538262c415f3b6aac3f1e80be07de0d5'),
(433, 'FORM_MONITORING_KKN_20181.pdf', '169.12', '2018-08-07 21:16:14', '2014520009', 'proposal', '', 1, NULL, '7dde253a4104f90c8b520d32827478a2'),
(434, 'RABU_01_AGUSTUS_2018.pdf', '688.51', '2018-08-07 21:54:57', '2014520028', 'laporan', 'Laporan Kegiatan KKN 23 Cenlecen Rabu 01 Agustus 2018 ', 0, NULL, '9aca06692caaa320c9d5d0fc093d2aa1');
INSERT INTO `upload` (`KDUPL`, `FILEUPL`, `SIZEUPL`, `TGLUPL`, `NPM`, `JENISUPL`, `DESKUPL`, `AJUKANUPL`, `MSGUPL`, `HASHUPL`) VALUES
(435, 'KAMIS_02_JULI_2018.pdf', '755.7', '2018-08-07 21:58:36', '2014520028', 'laporan', 'Laporan Kegiatan KKN 23 Cenlecen Kamis 02 Agustus 2018 ', 0, NULL, '4a3b6ed442fe70fb462ad51fa53e6b18'),
(436, 'JUMAT_03_AGUSTUS_2018.pdf', '601.32', '2018-08-07 22:11:54', '2014520028', 'laporan', 'Laporan Kegiatan KKN 23 Cenlecen Jumat 03 Agustus 2018 ', 0, NULL, 'b95f8d302be805672d15cd16c3e5046c'),
(437, 'SABTU_04_AGUST_2018.pdf', '113.86', '2018-08-07 22:13:17', '2014520028', 'laporan', 'Laporan Kegiatan KKN 23 Cenlecen Sabtu 04 Agustus 2018 ', 0, NULL, '0c8a24bf19d238fdc9eadd5bce2deeee'),
(438, 'SENIN_06_AGUSTUS_2018.pdf', '399.61', '2018-08-07 22:15:48', '2014520028', 'laporan', 'Laporan Kegiatan KKN 23 Cenlecen Senin 06 Agustus 2018 ', 0, NULL, '7540c5701a4fc3b6436f233667569075'),
(439, 'SELASA_07_AGUST_2018.pdf', '313.74', '2018-08-07 22:16:57', '2014520028', 'laporan', 'Laporan Kegiatan KKN 23 Cenlecen Selasa 07 Agustus 2018 ', 0, NULL, '16564364a44abe9e18ee493226ba75a3'),
(440, 'LAPORAN_MINGGU_KE-1.pdf', '1045.37', '2018-08-08 20:50:50', '2014310031', 'laporan', '', 0, NULL, 'c83432adaf48ffd4c1d478f4b91e6a08'),
(441, 'LAPORAN_MINGGU_KE-2.pdf', '1253.03', '2018-08-08 20:53:27', '2014310031', 'laporan', '', 0, NULL, 'f838688179fa75ac47ea8222409b5c99'),
(442, 'LAPORAN_MINGGU_KE-3.pdf', '839.24', '2018-08-08 20:54:25', '2014310031', 'laporan', '', 0, NULL, 'cfcafa0831ac647540719e5bea98d1c3'),
(443, 'RABU_08_AGUST_2018.pdf', '312.63', '2018-08-08 23:13:58', '2014520028', 'laporan', 'Laporan Kegiatan KKN 23 Cenlecen Rabu 08 Agustus 2018', 0, NULL, '9707a8a1d852cc948ed2c4174422ff5f'),
(444, 'KKN_Kelompok_29_Selasa_07_Agustus_2018.pdf', '9064.78', '2018-08-09 12:36:14', '2014510006', 'laporan', '', 4, NULL, 'e198bceab895645a4457bb8d9224b553'),
(445, 'KKN_Kelompok_29_Kamis_09_Agustus_2018.pdf', '5486.23', '2018-08-09 12:36:47', '2014510006', 'laporan', '', 4, NULL, '4630c45a875fa2ce7e72cfe6f69b6fcf'),
(446, 'DAFTAR_KEGIATAN_MINGGUAN_(MINGGU_1)1.pdf', '62.55', '2018-08-09 16:55:37', '2012520043', 'laporan', '', 0, NULL, 'ff35b7b6d5b3f803c53f8556fb4d4277'),
(447, 'laporan13_ke_masyarakat,_pengrajin_anyaman_bambu_untuk_atap_rumah_kkn_38.pdf', '1449.53', '2018-08-09 19:05:56', '2014520014', 'laporan', '', 0, NULL, '237ae0d9410adf1501994cf4b946e10a'),
(448, 'laporan19_sosialisasi_pendaftaran_lomba_17_agustus_kkn_38.pdf', '434.95', '2018-08-09 19:23:23', '2014310124', 'laporan', '', 0, NULL, 'd130c5c4bf0556c779e27970042c2a7e'),
(449, 'laporan14_perbaikan_denah_desa_kkn_38.pdf', '520.88', '2018-08-09 19:59:10', '2014630004', 'laporan', '', 0, NULL, 'dfbd315931d932ba22a3b53983ee3ce1'),
(450, 'laporan16_pendataan_pajak_bumi_dan_bangunan_kkn_38-1.pdf', '245.28', '2018-08-09 20:11:14', '2014220024', 'laporan', '', 0, NULL, 'f0c72dfd98868c2b3ed4953f866ef5a6'),
(451, 'laporan21_pemasangan_label_buku_Perpusdes_kkn_38.pdf', '793.66', '2018-08-09 20:37:18', '2014310063', 'laporan', '', 0, NULL, '6fac6164dbe875ba0a106fee16ecab59'),
(452, 'laporan18_pemasangan_atribut_17_agustus_untuk_persiapan_lomba_kkn_38.pdf', '821.65', '2018-08-10 12:41:48', '2014220040', 'laporan', '', 0, NULL, 'dc6d412d9813258049af3b286d91043b'),
(453, 'KAMIS_09_AGUST_2018.pdf', '379.41', '2018-08-10 21:00:25', '2014520028', 'laporan', 'Laporan Kegiatan KKN 23 Cenlecen Kamis 09 Agustus 2018', 0, NULL, 'ecf2c924572e8146a2c8c9e8aa36353f'),
(454, 'JUMAT_10_AGUST_2018.pdf', '994.72', '2018-08-10 21:03:35', '2014520028', 'laporan', 'Laporan Kegiatan KKN 23 Cenlecen Jumat 10 Agustus 2018', 0, NULL, '1775ac23fc4a8d04ee95064afc0a5bcb'),
(455, 'KKN_KELOMPOK_30_HARI_KE_21.pdf', '2230.48', '2018-08-11 04:24:19', '2014310149', 'laporan', '', 0, NULL, 'daa7135839a7c156a68387427b9b164d'),
(456, 'KKN_KELOMPOK_30_HARI_KE_22.pdf', '1691.59', '2018-08-11 04:24:33', '2014310149', 'laporan', '', 0, NULL, '27629671c6fd944f4e924e987e0a26d5'),
(457, 'KKN_KELOMPOK_30_HARI_KE_23.pdf', '2215.66', '2018-08-11 04:24:52', '2014310149', 'laporan', '', 0, NULL, 'cfa10dfd6000d57353488f210ccd47cb'),
(458, 'KKN_KELOMPOK_30_HARI_KE_24.pdf', '1509.95', '2018-08-11 04:25:05', '2014310149', 'laporan', '', 0, NULL, 'afa84d5d90e0cc79d495a5b253c298be'),
(459, 'KKN_Kelompok_29_Jumat_10_Agustus_2018.pdf', '10629.69', '2018-08-11 15:10:58', '2014510006', 'laporan', '', 0, NULL, '3f30b29a727d8c1b71da9e1f9d9d99fa'),
(460, 'laporan_minggu_ke3.pdf', '2395.66', '2018-08-11 19:01:36', '2014210080', 'proposal', '', 0, NULL, 'a2dcdf8cf1de712d5f63974a834c38e7');

-- --------------------------------------------------------

--
-- Table structure for table `users`
--

CREATE TABLE `users` (
  `USERN` varchar(32) NOT NULL,
  `NAMA` varchar(32) DEFAULT NULL,
  `PASSN` varchar(32) DEFAULT NULL,
  `STATUS` int(11) DEFAULT NULL
) ENGINE=InnoDB DEFAULT CHARSET=latin1;

--
-- Dumping data for table `users`
--

INSERT INTO `users` (`USERN`, `NAMA`, `PASSN`, `STATUS`) VALUES
('admin', 'LPPM', '158098e3af50e116215d869aa5559f13', 1),
('biro', 'BIRO KEMAHASISWAAN', '158098e3af50e116215d869aa5559f13', 3),
('biro1', 'tester', '202cb962ac59075b964b07152d234b70', 3),
('camat', 'BAPAK CAMAT', 'd08411bef44274640c115f5f53301636', 2);

--
-- Indexes for dumped tables
--

--
-- Indexes for table `dosen`
--
ALTER TABLE `dosen`
  ADD PRIMARY KEY (`KDDPL`);

--
-- Indexes for table `dpl_terbaik`
--
ALTER TABLE `dpl_terbaik`
  ADD PRIMARY KEY (`KDDPLBAIK`),
  ADD KEY `KDTAHUN` (`KDTAHUN`),
  ADD KEY `KDDPL` (`KDDPL`);

--
-- Indexes for table `kapasitas_prodi`
--
ALTER TABLE `kapasitas_prodi`
  ADD PRIMARY KEY (`KDKAPRODI`),
  ADD KEY `KDPRODI` (`KDPRODI`),
  ADD KEY `KDKEL` (`KDKEL`);

--
-- Indexes for table `kelompok`
--
ALTER TABLE `kelompok`
  ADD PRIMARY KEY (`KDKEL`),
  ADD KEY `FK_RELATIONSHIP_3` (`KDTAHUN`),
  ADD KEY `KDDPL` (`KDDPL`);

--
-- Indexes for table `kelompok_peserta`
--
ALTER TABLE `kelompok_peserta`
  ADD PRIMARY KEY (`KDKP`),
  ADD KEY `FK_RELATIONSHIP_11` (`KDKEL`),
  ADD KEY `NPM` (`NPM`);

--
-- Indexes for table `lembar_monitoring`
--
ALTER TABLE `lembar_monitoring`
  ADD PRIMARY KEY (`KDLM`),
  ADD KEY `KDKEL` (`KDKEL`);

--
-- Indexes for table `mahasiswa`
--
ALTER TABLE `mahasiswa`
  ADD PRIMARY KEY (`NPM`),
  ADD KEY `KDPRODI` (`KDPRODI`);

--
-- Indexes for table `mahasiswa_mendaftar`
--
ALTER TABLE `mahasiswa_mendaftar`
  ADD PRIMARY KEY (`NPM`),
  ADD KEY `KDPRODI` (`KDPRODI`);

--
-- Indexes for table `no_ordik`
--
ALTER TABLE `no_ordik`
  ADD PRIMARY KEY (`NPMORD`);

--
-- Indexes for table `pengaturan`
--
ALTER TABLE `pengaturan`
  ADD PRIMARY KEY (`JENISSET`);

--
-- Indexes for table `prodi`
--
ALTER TABLE `prodi`
  ADD PRIMARY KEY (`KDPRODI`);

--
-- Indexes for table `tahun`
--
ALTER TABLE `tahun`
  ADD PRIMARY KEY (`KDTAHUN`);

--
-- Indexes for table `upload`
--
ALTER TABLE `upload`
  ADD PRIMARY KEY (`KDUPL`),
  ADD KEY `NPM` (`NPM`);

--
-- Indexes for table `users`
--
ALTER TABLE `users`
  ADD PRIMARY KEY (`USERN`);

--
-- AUTO_INCREMENT for dumped tables
--

--
-- AUTO_INCREMENT for table `dpl_terbaik`
--
ALTER TABLE `dpl_terbaik`
  MODIFY `KDDPLBAIK` int(11) NOT NULL AUTO_INCREMENT, AUTO_INCREMENT=2;

--
-- AUTO_INCREMENT for table `kapasitas_prodi`
--
ALTER TABLE `kapasitas_prodi`
  MODIFY `KDKAPRODI` int(11) NOT NULL AUTO_INCREMENT, AUTO_INCREMENT=5261;

--
-- AUTO_INCREMENT for table `kelompok`
--
ALTER TABLE `kelompok`
  MODIFY `KDKEL` int(11) NOT NULL AUTO_INCREMENT, AUTO_INCREMENT=51;

--
-- AUTO_INCREMENT for table `kelompok_peserta`
--
ALTER TABLE `kelompok_peserta`
  MODIFY `KDKP` int(11) NOT NULL AUTO_INCREMENT, AUTO_INCREMENT=6740;

--
-- AUTO_INCREMENT for table `prodi`
--
ALTER TABLE `prodi`
  MODIFY `KDPRODI` int(11) NOT NULL AUTO_INCREMENT, AUTO_INCREMENT=64;

--
-- AUTO_INCREMENT for table `tahun`
--
ALTER TABLE `tahun`
  MODIFY `KDTAHUN` int(11) NOT NULL AUTO_INCREMENT, AUTO_INCREMENT=2;

--
-- AUTO_INCREMENT for table `upload`
--
ALTER TABLE `upload`
  MODIFY `KDUPL` int(11) NOT NULL AUTO_INCREMENT, AUTO_INCREMENT=461;

--
-- Constraints for dumped tables
--

--
-- Constraints for table `dpl_terbaik`
--
ALTER TABLE `dpl_terbaik`
  ADD CONSTRAINT `dpl_terbaik_ibfk_1` FOREIGN KEY (`KDDPL`) REFERENCES `dosen` (`KDDPL`) ON DELETE CASCADE ON UPDATE CASCADE,
  ADD CONSTRAINT `dpl_terbaik_ibfk_2` FOREIGN KEY (`KDTAHUN`) REFERENCES `tahun` (`KDTAHUN`) ON DELETE CASCADE ON UPDATE CASCADE;

--
-- Constraints for table `kapasitas_prodi`
--
ALTER TABLE `kapasitas_prodi`
  ADD CONSTRAINT `FK_RELATIONSHIP_KELOMPOK` FOREIGN KEY (`KDKEL`) REFERENCES `kelompok` (`KDKEL`) ON DELETE CASCADE ON UPDATE CASCADE,
  ADD CONSTRAINT `FK_RELATIONSHIP_PRODI` FOREIGN KEY (`KDPRODI`) REFERENCES `prodi` (`KDPRODI`) ON DELETE CASCADE ON UPDATE CASCADE;

--
-- Constraints for table `kelompok`
--
ALTER TABLE `kelompok`
  ADD CONSTRAINT `FK_RELATIONSHIP_3` FOREIGN KEY (`KDTAHUN`) REFERENCES `tahun` (`KDTAHUN`) ON DELETE CASCADE ON UPDATE CASCADE,
  ADD CONSTRAINT `FK_RELATIONSHIP_DOSEN` FOREIGN KEY (`KDDPL`) REFERENCES `dosen` (`KDDPL`) ON DELETE CASCADE ON UPDATE CASCADE;

--
-- Constraints for table `kelompok_peserta`
--
ALTER TABLE `kelompok_peserta`
  ADD CONSTRAINT `FK_RELATIONSHIP_11` FOREIGN KEY (`KDKEL`) REFERENCES `kelompok` (`KDKEL`) ON DELETE CASCADE ON UPDATE CASCADE,
  ADD CONSTRAINT `FK_RELATIONSHIP_MAHASISWA` FOREIGN KEY (`NPM`) REFERENCES `mahasiswa` (`NPM`) ON DELETE CASCADE ON UPDATE CASCADE;

--
-- Constraints for table `lembar_monitoring`
--
ALTER TABLE `lembar_monitoring`
  ADD CONSTRAINT `lembar_monitoring_ibfk_1` FOREIGN KEY (`KDKEL`) REFERENCES `kelompok` (`KDKEL`) ON DELETE CASCADE ON UPDATE CASCADE;

--
-- Constraints for table `upload`
--
ALTER TABLE `upload`
  ADD CONSTRAINT `FK_UPLOAD_MHS` FOREIGN KEY (`NPM`) REFERENCES `mahasiswa` (`NPM`) ON DELETE CASCADE ON UPDATE CASCADE;
COMMIT;

/*!40101 SET CHARACTER_SET_CLIENT=@OLD_CHARACTER_SET_CLIENT */;
/*!40101 SET CHARACTER_SET_RESULTS=@OLD_CHARACTER_SET_RESULTS */;
/*!40101 SET COLLATION_CONNECTION=@OLD_COLLATION_CONNECTION */;
